timestamp,well_id,equipment_id,pressure_bar,temperature_c,vibration_mm_s,flow_rate_bbl_day,production_rate_bbl_day,pump_speed_rpm,failure
2026-01-01 00:00:00,WELL-001,PUMP-001,153.97371322408986,74.30867849414408,3.8886131228604155,1371.842388512642,1163.6092637693664,1438.2931521525409,0
2026-01-01 01:00:00,WELL-001,PUMP-001,152.2323303376011,80.05257642403264,3.151473119585891,1207.9864154257482,1140.00338839721,1403.7958581126447,0
2026-01-01 02:00:00,WELL-001,PUMP-001,136.20065733989574,72.18856235379513,2.8923013277993457,1275.139786607622,1116.4383147135152,1379.3848149332355,0
2026-01-01 03:00:00,WELL-001,PUMP-001,144.96420031260598,77.98860233456304,5.0356928186226755,1281.538641750368,1188.5553415655875,1424.2282168953773,0
2026-01-01 04:00:00,WELL-001,PUMP-001,173.83469651183128,87.42323097503387,8.78906517007829,1251.4255933473034,1001.044991091673,1397.114453552205,0
2026-01-01 05:00:00,WELL-001,PUMP-001,139.37451160881255,75.98430617934562,3.943079947997246,1263.7094624951976,1171.9046202328232,1434.9448152205355,0
2026-01-01 06:00:00,WELL-001,PUMP-001,156.18960333466944,72.3092916916852,2.6919931415831924,1179.5526987162316,1100.8613386722902,1456.721444131401,0
2026-01-01 07:00:00,WELL-001,PUMP-001,144.58462399755234,78.05838144420434,4.118599713497571,1324.5024095292958,1121.2547733744152,1434.5393812074392,0
2026-01-01 08:00:00,WELL-001,PUMP-001,137.93477368362014,80.49823487892411,3.393360727237607,1217.169335305096,1262.5801441290491,1405.089603027216,0
2026-01-01 09:00:00,WELL-001,PUMP-001,149.42391902735733,80.01766448946012,3.7169816150285806,1198.39041963159,1205.297692385589,1526.9018283232986,0
2026-01-01 10:00:00,WELL-001,PUMP-001,176.97837002901338,70.39804597466312,3.2608169659908794,1245.1308730020203,1080.6874678986019,1502.124580866971,0
2026-01-01 11:00:00,WELL-001,PUMP-001,148.2426248972999,76.78556285755873,4.38673642684491,1208.5383825381082,1123.4054477974769,1424.9121478207733,0
2026-01-01 12:00:00,WELL-001,PUMP-001,154.01158665219845,80.79093326466014,3.6542701220337674,1275.1610316690537,1276.0303493484844,1458.7776646977416,0
2026-01-01 13:00:00,WELL-001,PUMP-001,167.04478478764466,89.62285431424284,7.153166350003627,1014.9389990493781,1050.0861436839762,1463.0527636089944,0
2026-01-01 14:00:00,WELL-001,PUMP-001,148.7097143066719,77.02025428407269,4.631711540726318,1263.9662250265471,1198.0285273505935,1446.2777042116916,0
2026-01-01 15:00:00,WELL-001,PUMP-001,149.85159356390687,66.63247689004888,2.8564808993386057,1170.5931056477448,1187.1643377784767,1428.3695359725994,0
2026-01-01 16:00:00,WELL-001,PUMP-001,148.461112281751,76.50773671166806,3.479172938176854,1156.5057569904375,1259.9975970160515,1487.5966516343387,0
2026-01-01 17:00:00,WELL-001,PUMP-001,143.58537725320244,81.9200785946634,4.343123183526913,1361.3860602793523,1118.355142702916,1453.8447474292286,0
2026-01-01 18:00:00,WELL-001,PUMP-001,142.0757093989545,72.16851135198614,3.559790819052585,1209.7219476707041,1071.4535598253708,1453.4281487403014,0
2026-01-01 19:00:00,WELL-001,PUMP-001,154.2906882590565,70.42654534369362,3.872328929577041,1237.125009850955,1152.821492071637,1405.7243813085577,0
2026-01-01 20:00:00,WELL-001,PUMP-001,156.50813773895734,68.84567841783023,3.6364759607624775,1354.5714203425941,1067.476173580714,1459.2316929266153,0
2026-01-01 21:00:00,WELL-001,PUMP-001,138.47966841852963,80.9536362805682,4.279638088558692,1180.6283075160356,1223.2348591857801,1510.8535398490055,0
2026-01-01 22:00:00,WELL-001,PUMP-001,152.34457978638946,71.42824290986816,4.619464706686854,1287.906633672943,1096.6087551958146,1482.8276804316915,0
2026-01-01 23:00:00,WELL-001,PUMP-001,143.99056460268858,69.34785973439735,3.961986415958476,1351.4711617923122,1209.7140370839516,1497.0267792481004,0
2026-01-02 00:00:00,WELL-001,PUMP-001,148.03689507197703,71.23131917821256,2.966291342224686,1184.735177202765,1174.6028803410127,1467.0575987408322,0
2026-01-02 01:00:00,WELL-001,PUMP-001,159.67505576549308,77.68980001845998,5.140653295437045,1257.5012344121558,1081.5516312972916,1448.2735171952595,0
2026-01-02 02:00:00,WELL-001,PUMP-001,141.4328600155111,77.41236207621593,3.3659223288044893,1307.1200395273675,1213.1266337201482,1446.3585543671563,0
2026-01-02 03:00:00,WELL-001,PUMP-001,146.38030214124265,78.88524897451803,4.12734270100779,1222.6286629915694,1115.1767366551965,1424.351734118219,0
2026-01-02 04:00:00,WELL-001,PUMP-001,151.38544740680945,76.92658689864419,2.9696855382793204,1262.2980084756423,1184.07461029122,1392.8514851084688,0
2026-01-02 05:00:00,WELL-001,PUMP-001,156.97957726128362,80.3309927204887,2.9245951421439327,1360.5603683337554,1243.358537196959,1419.8047813757735,0
2026-01-02 06:00:00,WELL-001,PUMP-001,154.12038149044838,94.26365745327361,3.8425343064159003,1340.845251214448,1246.7801234445242,1482.56956256529,0
2026-01-02 07:00:00,WELL-001,PUMP-001,140.7794770267199,67.49615803396414,3.599013678865603,1181.5256865736505,1177.2254700572266,1423.2668629074967,0
2026-01-02 08:00:00,WELL-001,PUMP-001,155.49008152299612,66.93642064405174,3.2168408805263398,1337.1160477573892,1184.4996013366824,1396.1127611035347,0
2026-01-02 09:00:00,WELL-001,PUMP-001,154.39661076050135,68.6456409656198,4.933421574435478,1397.4731006656427,1275.4404843666193,1491.4382988802438,0
2026-01-02 10:00:00,WELL-001,PUMP-001,163.238585526908,98.47197338153022,8.886824945513759,1156.8517251215574,998.5294002990842,1444.263177926655,1
2026-01-02 11:00:00,WELL-001,PUMP-001,146.20043751071236,71.73335383713145,4.559272544168659,1282.3985368768765,1091.738123196547,1495.8930973527388,0
2026-01-02 12:00:00,WELL-001,PUMP-001,153.01837012368327,83.25675493239746,2.7039009403184617,1397.4972638201477,1128.8481017739243,1386.0040133368434,0
2026-01-02 13:00:00,WELL-001,PUMP-001,153.55055542516982,78.87317026714669,2.94384171705315,1245.237971515056,953.1112861951649,1398.7806179332856,0
2026-01-02 14:00:00,WELL-001,PUMP-001,134.0403074275388,68.4990357920328,4.42584059111545,1355.8611045720988,1171.0111497422204,1426.7167614372727,0
2026-01-02 15:00:00,WELL-001,PUMP-001,183.09194373634162,99.1546189264723,8.212991520874745,1128.7427890100832,997.44094592379,1419.9891561420602,1
2026-01-02 16:00:00,WELL-001,PUMP-001,167.06426699725014,65.23956100238749,3.4089289429786502,1297.065376518766,1199.6694307414523,1418.8650240089703,0
2026-01-02 17:00:00,WELL-001,PUMP-001,157.07992373749332,72.67735125677515,3.1266577010562324,1221.5609087266912,1246.6407765692686,1522.6275123731186,0
2026-01-02 18:00:00,WELL-001,PUMP-001,156.5028969507117,78.14814420961807,3.0026029934467564,1205.1855167842425,1232.3105523586282,1480.5185132716733,0
2026-01-02 19:00:00,WELL-001,PUMP-001,135.69862710454575,68.89714947859073,3.0984783630912722,1342.954985419742,1288.7001843087528,1428.0241062262862,0
2026-01-02 20:00:00,WELL-001,PUMP-001,160.44383045723464,75.1050192081638,3.9091717827769785,1225.1786594725236,1202.691644674191,1443.4928472816157,0
2026-01-02 21:00:00,WELL-001,PUMP-001,165.29854111871975,80.32613541273459,2.424772939918871,1214.2581190568073,1264.3446045245003,1390.166976539324,0
2026-01-02 22:00:00,WELL-001,PUMP-001,154.99295853641723,78.1417275463214,3.492651936291851,1178.2196502811335,1185.3063190735609,1416.1419144243944,0
2026-01-02 23:00:00,WELL-001,PUMP-001,147.52725992642462,79.01906525688129,3.8683048048852546,1358.630463047999,1149.6687615168207,1460.1911363763734,0
2026-01-03 00:00:00,WELL-001,PUMP-001,146.23169355505343,76.16024968678818,2.6311493951016054,1137.4028980498756,1129.7089045123296,1439.3276424144076,0
2026-01-03 01:00:00,WELL-001,PUMP-001,133.70339252022288,82.85016140271335,3.3186054547542154,1249.6349736807763,1132.2360179215893,1447.5902257232094,0
2026-01-03 02:00:00,WELL-001,PUMP-001,152.5817484827047,70.86384528223839,3.8116079085447034,1372.6191130402062,1172.38678960802,1470.085586104947,0
2026-01-03 03:00:00,WELL-001,PUMP-001,147.25439010695067,77.28838227214419,3.5417915987113275,1328.6803445086773,1213.1539171409295,1452.7175288969286,0
2026-01-03 04:00:00,WELL-001,PUMP-001,180.8235967062438,104.05252639157442,11.352964610070599,1020.2636820510992,1048.042554900217,1459.1671002869175,1
2026-01-03 05:00:00,WELL-001,PUMP-001,143.2822252625538,72.0030367727799,2.2256625654141162,1207.9395982655392,1126.8607136912412,1457.5196893238103,0
2026-01-03 06:00:00,WELL-001,PUMP-001,134.69834786348625,76.8123822940265,3.842808506196073,1327.6419056010568,1231.9374111570626,1523.8329312714814,0
2026-01-03 07:00:00,WELL-001,PUMP-001,159.4355209657703,72.65412173947648,2.4721192825454734,1358.309789933233,1171.9822108323167,1511.890815598673,0
2026-01-03 08:00:00,WELL-001,PUMP-001,149.13097068728916,74.72257520851163,3.6556335853998165,1274.1878632265314,1286.1363326053727,1465.6229240548973,0
2026-01-03 09:00:00,WELL-001,PUMP-001,146.39947622816604,78.11424966173749,2.8594277423704435,1238.6096411982965,1188.420694219833,1475.7219417029376,0
2026-01-03 10:00:00,WELL-001,PUMP-001,158.48357451288373,82.70685498459092,3.003264152650572,1225.6908451655258,1196.9633580258178,1552.369946056512,0
2026-01-03 11:00:00,WELL-001,PUMP-001,159.43437747251062,75.33759240705055,4.736448754929192,1390.4272673954563,1162.5725096064648,1498.5785475477178,0
2026-01-03 12:00:00,WELL-001,PUMP-001,161.91236139107582,79.38912584240057,3.239809803936892,1222.615308910048,1058.8388827364104,1522.2169395990904,0
2026-01-03 13:00:00,WELL-001,PUMP-001,147.84474532444355,78.58771127897981,4.4014142312576165,1255.927582433582,1294.0030881899904,1380.9949270892555,0
2026-01-03 14:00:00,WELL-001,PUMP-001,149.8822539309205,78.98202714848163,3.331168936069348,1116.8245443043993,1179.566060222829,1470.155966354279,0
2026-01-03 15:00:00,WELL-001,PUMP-001,139.56424399596116,78.3483627441502,3.719958947658109,1174.8096170938115,1144.0293157864314,1397.0393239055525,0
2026-01-03 16:00:00,WELL-001,PUMP-001,166.44074086897177,73.40319996233171,3.2319899175856,1211.9462921625118,1122.9150648698057,1422.0487253383071,0
2026-01-03 17:00:00,WELL-001,PUMP-001,176.1349131039992,89.24229423026675,6.494846544587178,923.1329749768755,1079.3998992243753,1451.7631775985865,0
2026-01-03 18:00:00,WELL-001,PUMP-001,149.10137560247335,73.89515200233389,3.868500020026055,1310.6006168037843,1142.8649196672632,1421.209087967766,0
2026-01-03 19:00:00,WELL-001,PUMP-001,168.99313394720477,73.44637867691404,3.1240854903868738,1074.6295955006417,1239.598146466518,1400.603207710173,0
2026-01-03 20:00:00,WELL-001,PUMP-001,174.6310464676419,80.59787455717289,3.4232494451115403,1173.556764751966,1067.54875758197,1460.1731817933612,0
2026-01-03 21:00:00,WELL-001,PUMP-001,148.50475901951674,74.76104561313231,2.8632424202320457,1197.6501323109587,1125.8742520683024,1432.4605377413566,0
2026-01-03 22:00:00,WELL-001,PUMP-001,163.4971330805805,79.40819878474726,3.4952164152100296,1368.395531111202,1185.4157815353333,1406.9357899335869,0
2026-01-03 23:00:00,WELL-001,PUMP-001,146.4759635290118,82.9101909148189,3.2671584861215517,1196.5278425357385,1277.7012355149996,1384.517535499405,0
2026-01-04 00:00:00,WELL-001,PUMP-001,138.81145940944688,77.81484618345286,3.1096144585269037,1211.0299692988242,1138.532425303279,1406.8004615160091,0
2026-01-04 01:00:00,WELL-001,PUMP-001,129.97792382670227,78.42321100777585,3.7341519613898853,1243.2072934003334,1196.612706933182,1463.6788701569315,0
2026-01-04 02:00:00,WELL-001,PUMP-001,154.00733750099505,70.11222377600724,3.5595993832575354,1310.110969869743,1063.141630321504,1477.1680096189968,0
2026-01-04 03:00:00,WELL-001,PUMP-001,145.4835439738434,69.98976638185633,3.6678544098720254,1030.7236124432238,1147.89665061399,1434.6641800339091,0
2026-01-04 04:00:00,WELL-001,PUMP-001,155.108739670219,66.6923996886552,3.46035212081161,1153.1187040190034,1134.3714724538488,1452.3699335658207,0
2026-01-04 05:00:00,WELL-001,PUMP-001,145.18425056882893,78.8012554731768,4.163797462897065,1311.7310519441069,1129.3662642284137,1571.6924039201208,0
2026-01-04 06:00:00,WELL-001,PUMP-001,154.6165770174443,73.98477306978504,3.7226875240227852,1201.6811850627344,1186.061285123103,1442.216138230396,0
2026-01-04 07:00:00,WELL-001,PUMP-001,149.0411926450752,75.5686473010649,3.1432903683654505,1297.0662814768514,1157.7065042544762,1434.047148946683,0
2026-01-04 08:00:00,WELL-001,PUMP-001,152.31819885517132,85.37700399322719,4.022674822059015,1223.9181174265727,1264.084974551476,1429.5962313489224,0
2026-01-04 09:00:00,WELL-001,PUMP-001,144.5886958361277,63.84835046187055,4.130955824402999,1182.5164030203623,1069.382364427953,1450.8026709321966,0
2026-01-04 10:00:00,WELL-001,PUMP-001,156.63524464946792,63.944323454960575,3.6413687348651393,1311.6692155109574,1076.498962795411,1507.1877021603464,0
2026-01-04 11:00:00,WELL-001,PUMP-001,154.07502493068884,81.23663527615862,4.079553204775754,1256.5643896922238,1145.8823483255196,1470.1910279339652,0
2026-01-04 12:00:00,WELL-001,PUMP-001,156.64268653235396,70.71958087045566,3.5429397423316353,1211.7874042587907,1213.5285878022473,1466.6831052643474,0
2026-01-04 13:00:00,WELL-001,PUMP-001,160.29579971079676,72.7768122087718,3.243555234530315,1205.7883381322395,1247.4695223100753,1498.6778723760062,0
2026-01-04 14:00:00,WELL-001,PUMP-001,153.30747922578962,84.38397906279033,3.035726480537856,1150.4276237350866,1055.4895825767005,1524.802215574459,0
2026-01-04 15:00:00,WELL-001,PUMP-001,151.44424673444345,88.21785791699276,3.3782922681979084,1253.7532347960207,1304.7514532975256,1479.5137309530894,0
2026-01-04 16:00:00,WELL-001,PUMP-001,143.6762043564375,77.35734178567998,4.62921469788502,1357.6336036923983,1291.523063864758,1424.4392161784408,0
2026-01-04 17:00:00,WELL-001,PUMP-001,149.2781786875503,78.90536633808226,5.023214661042492,1291.9162133686234,1138.8339221579813,1443.3299571054229,0
2026-01-04 18:00:00,WELL-001,PUMP-001,141.90316499791865,66.72571664067115,3.993902350377149,1255.8654373750724,1089.7027370181263,1385.2460613968192,0
2026-01-04 19:00:00,WELL-001,PUMP-001,137.97787985895516,73.69632417554091,2.824748595351867,1238.0770666616377,1179.5342581758134,1384.0427477399028,0
2026-01-04 20:00:00,WELL-001,PUMP-001,148.15252375833057,78.48103182406709,4.6093736569672075,1340.1252023638206,1161.1777916611618,1394.6737045629166,0
2026-01-04 21:00:00,WELL-001,PUMP-001,150.0055929404574,75.79127990476684,3.093460272359776,1261.9429250777982,1125.2219406335864,1483.7140234373387,0
2026-01-04 22:00:00,WELL-001,PUMP-001,145.4107039449581,72.26570529379804,3.480348037870401,1206.5260183092987,1130.1007952125985,1455.321511384595,0
2026-01-04 23:00:00,WELL-001,PUMP-001,161.1086581523223,61.70324321475314,2.252974007048634,1150.7487937849944,1097.5730144307545,1460.1850899069425,0
2026-01-05 00:00:00,WELL-001,PUMP-001,157.06948887125168,84.57703851086669,8.521225467115418,1287.2250548107352,1129.8812002226362,1513.577754749708,0
2026-01-05 01:00:00,WELL-001,PUMP-001,145.80383786976182,77.4468728061396,2.7667233146648327,1307.039874413791,1163.1772221289305,1431.25895962252,0
2026-01-05 02:00:00,WELL-001,PUMP-001,151.8772160412407,76.26377753768944,4.487838345607984,1169.432850855499,1133.9936677317755,1403.132215888834,0
2026-01-05 03:00:00,WELL-001,PUMP-001,152.60906417793694,68.74443211807349,4.05441621152414,1235.207829084561,1143.4093885636673,1502.4504612918445,0
2026-01-05 04:00:00,WELL-001,PUMP-001,160.52613206625728,66.23446476530893,3.9538109415724287,1136.958052372658,1267.268631557071,1341.5061156479571,0
2026-01-05 05:00:00,WELL-001,PUMP-001,151.68813973762096,74.51643444064804,3.17304854791463,1281.9308891481658,1177.3655708302606,1505.165094100826,0
2026-01-05 06:00:00,WELL-001,PUMP-001,147.31427941690743,81.73022103732359,4.793143723059844,1303.7805827531017,1136.4001847829102,1429.0928482995364,0
2026-01-05 07:00:00,WELL-001,PUMP-001,150.14747146452314,76.73790852680835,3.176144191814383,1187.735621967815,1193.7091678568377,1401.0813611192484,0
2026-01-05 08:00:00,WELL-001,PUMP-001,166.04459236511963,78.58795789896524,3.218511367883039,1292.1549930105432,1293.4373411616114,1528.524731763057,0
2026-01-05 09:00:00,WELL-001,PUMP-001,135.27300614934683,68.6021151663215,3.1251088533825926,1252.0872840168668,1216.2361314328386,1413.7128093423266,0
2026-01-05 10:00:00,WELL-001,PUMP-001,138.52508026272923,77.90511004932993,2.585590854963782,1186.1248762066357,1273.8918343790094,1405.8111105567866,0
2026-01-05 11:00:00,WELL-001,PUMP-001,161.33876955384181,107.08807928469076,7.001693994465535,1090.3319528154043,930.3885280497817,1485.0154939704496,0
2026-01-05 12:00:00,WELL-001,PUMP-001,159.1941866102854,71.48411787437057,3.479006905701823,1391.6640508508408,1136.1123059548563,1540.6224278998463,0
2026-01-05 13:00:00,WELL-001,PUMP-001,153.99790096089689,77.66297554685275,2.847331438842943,1324.3586005875816,1056.5993149790272,1507.2067601308208,0
2026-01-05 14:00:00,WELL-001,PUMP-001,149.40453256719962,78.10336048775339,3.6066206005599524,1143.1724513031918,1206.6138495704174,1480.5292872641912,0
2026-01-05 15:00:00,WELL-001,PUMP-001,160.2901489072368,80.31104925456856,3.227753414878135,1300.6353307034772,1073.1413696811578,1447.1047546331108,0
2026-01-05 16:00:00,WELL-001,PUMP-001,153.43694575306068,76.03843843581555,3.662947302317224,1147.8601139343752,1104.3260421714217,1502.6576426666452,0
2026-01-05 17:00:00,WELL-001,PUMP-001,159.03255550028115,74.59792113145504,3.220729890557568,1320.9213930055244,1081.6388054344877,1475.0516671758674,0
2026-01-05 18:00:00,WELL-001,PUMP-001,151.77707017306972,72.60625689168262,4.253453675344113,1178.4314158224397,1166.918984908705,1428.0134470862913,0
2026-01-05 19:00:00,WELL-001,PUMP-001,172.84680437605908,90.53677070918857,10.51946570523933,1093.3020063275355,844.6773952232788,1479.275173042929,1
2026-01-05 20:00:00,WELL-001,PUMP-001,159.78536760473165,71.58284104934938,3.194085453500015,1051.231073673135,1244.3879257103365,1465.6930981735068,0
2026-01-05 21:00:00,WELL-001,PUMP-001,146.43597982879382,82.2669223855885,4.447743287438428,1208.1711978277385,1150.58692280329,1435.9107695569746,0
2026-01-05 22:00:00,WELL-001,PUMP-001,141.95107285533203,69.74544021085907,2.339793019335464,1153.40833346829,1105.0595344225983,1484.1311618228574,0
2026-01-05 23:00:00,WELL-001,PUMP-001,157.87457918781266,73.93005577887246,3.47032177420854,1303.9855593733282,1101.409458490639,1469.1204873092024,0
2026-01-06 00:00:00,WELL-001,PUMP-001,159.3368233150691,83.10554278893858,2.5580237974055944,1255.9170371258854,1143.7726444364243,1420.0537801720332,0
2026-01-06 01:00:00,WELL-001,PUMP-001,144.90090298154786,80.94508265553776,4.352302548793913,1204.3402965000419,1121.735109882704,1473.5707778193203,0
2026-01-06 02:00:00,WELL-001,PUMP-001,144.35831410936174,71.48189968536776,4.914425819019625,1325.0270641253314,1121.1922944991663,1458.234891371857,0
2026-01-06 03:00:00,WELL-001,PUMP-001,145.0976904761249,73.06149220032007,3.671519234434943,1276.756543198962,1226.098099087098,1550.5102269383174,0
2026-01-06 04:00:00,WELL-001,PUMP-001,136.01162412033977,68.71329849785577,4.030460501935508,1173.9452966875738,1121.1363841366501,1449.5860962724976,0
2026-01-06 05:00:00,WELL-001,PUMP-001,145.85910960771062,76.11893975819449,3.490146262356349,1345.0714618758468,1356.8852698111534,1423.456561353984,0
2026-01-06 06:00:00,WELL-001,PUMP-001,160.5909984302977,69.34091928933653,2.516362239401566,1287.0038842118033,1196.8015916379532,1465.277716018863,0
2026-01-06 07:00:00,WELL-001,PUMP-001,156.5638574495789,77.53637015553649,4.140004813753492,1343.543647235654,1276.751129372627,1482.4354943794822,0
2026-01-06 08:00:00,WELL-001,PUMP-001,147.03741305122162,70.83220506360367,3.08627580735178,1289.596441404922,1209.27767883502,1470.0206014619218,0
2026-01-06 09:00:00,WELL-001,PUMP-001,151.52879254415922,75.23218274078074,2.6840863154120482,1309.7002852821777,1225.1838926798753,1558.162736165273,0
2026-01-06 10:00:00,WELL-001,PUMP-001,152.1326443735595,72.99310121333886,3.8228134128781064,1253.8363240226483,1264.6287360874526,1377.9252875968193,0
2026-01-06 11:00:00,WELL-001,PUMP-001,146.42853108359577,75.97044996449154,4.144179049915863,1167.8787760471153,1189.3078771902813,1414.9939592530413,0
2026-01-06 12:00:00,WELL-001,PUMP-001,146.1589450584332,75.63901348683392,3.7202613600728403,1207.9355690149634,1170.8273115100703,1348.2379879687248,0
2026-01-06 13:00:00,WELL-001,PUMP-001,145.55840378645442,84.40578534720295,2.631191659750254,1074.0955234703933,1210.8010115037332,1424.8972887823695,0
2026-01-06 14:00:00,WELL-001,PUMP-001,158.97482551541478,81.55271912346106,3.3665523329266605,1158.243309701325,1171.978678978442,1481.6633751151787,0
2026-01-06 15:00:00,WELL-001,PUMP-001,137.7957986326021,71.54045965059377,3.472648390186701,1269.4671559458154,1163.113475950057,1467.6027698257149,0
2026-01-06 16:00:00,WELL-001,PUMP-001,150.59364971040125,73.85298698634824,4.070301653169575,1222.5619337357896,1215.3851267428045,1448.5537557912564,0
2026-01-06 17:00:00,WELL-001,PUMP-001,152.74180277102164,77.28376609576893,3.841860368139322,1285.8166848013852,1224.990593190728,1516.4576265066216,0
2026-01-06 18:00:00,WELL-001,PUMP-001,159.99361413990027,77.45702283509749,2.8815694983190863,1246.0186792280733,1206.2484556837796,1412.1300241550846,0
2026-01-06 19:00:00,WELL-001,PUMP-001,149.67873639484526,67.84612448940976,3.5768626489464737,1195.5158674020095,1238.8450484292107,1417.3688010348806,0
2026-01-06 20:00:00,WELL-001,PUMP-001,147.78480928162898,74.87305476807757,3.3961790727818495,1194.9472247919782,1353.0595623590862,1425.2066910996357,0
2026-01-06 21:00:00,WELL-001,PUMP-001,156.28640126920666,77.12728780892482,2.919814314122472,1246.1830915086416,1179.7478222636603,1392.0817655403728,0
2026-01-06 22:00:00,WELL-001,PUMP-001,154.1991102293116,83.90812545212684,2.974208799215491,1253.012818653435,1161.1569707823028,1445.6930777258317,0
2026-01-06 23:00:00,WELL-001,PUMP-001,141.9870399208407,73.59449853557022,4.578611916109713,1301.2674289013607,1140.0174707152041,1478.629139067808,0
2026-01-07 00:00:00,WELL-001,PUMP-001,152.20408449878602,71.00727342196909,4.587188074480923,1278.6340582953414,1207.5284205968574,1484.0722540178642,0
2026-01-07 01:00:00,WELL-001,PUMP-001,158.3964217225547,72.32382394219717,4.290436439380596,1265.807968375392,1325.2682610837685,1415.5406090955216,0
2026-01-07 02:00:00,WELL-001,PUMP-001,147.04382706542216,76.02274698045373,2.8810542518779054,1207.6561409963024,1223.3080583493534,1506.466221876975,0
2026-01-07 03:00:00,WELL-001,PUMP-001,163.8203453608057,77.18161834837016,3.5228020869009202,1259.602506137461,1222.9462580911293,1398.8603717400797,0
2026-01-07 04:00:00,WELL-001,PUMP-001,158.72836881731735,74.44633285459652,4.0597274505971725,1319.8526838895318,1049.4967930183634,1404.9199626982213,0
2026-01-07 05:00:00,WELL-001,PUMP-001,151.7956145484798,80.23549151306077,4.510356614874722,1213.2892589704848,1255.5076583401906,1448.0745765249646,0
2026-01-07 06:00:00,WELL-001,PUMP-001,136.93638175566414,72.13615787725738,3.9802989450595834,1264.3419683541347,1217.3001924969421,1387.3095883103372,0
2026-01-07 07:00:00,WELL-001,PUMP-001,144.99549838792376,76.97901766718705,3.7964181117696434,1270.8539012659126,1141.4786392308206,1416.4188316030975,0
2026-01-07 08:00:00,WELL-001,PUMP-001,152.59040102084757,73.54255010503255,2.509705273977343,1245.966171862281,1169.0288721244233,1503.120075493756,0
2026-01-07 09:00:00,WELL-001,PUMP-001,159.19012560297682,66.3014311061095,3.282535435158121,1160.4264084299084,1089.3722966995365,1508.041339368926,0
2026-01-07 10:00:00,WELL-001,PUMP-001,137.55281079608085,73.63802014750095,2.242905486392009,1270.3339113796962,1161.8524690193842,1511.684346068802,0
2026-01-07 11:00:00,WELL-001,PUMP-001,162.0060783250745,79.25110871056746,3.2908087193552844,1222.0593836545256,1157.4855464147831,1553.837399178042,0
2026-01-07 12:00:00,WELL-001,PUMP-001,152.90124497800934,81.49369251971898,3.318014922838431,1280.37809495521,1157.1183454224245,1422.4525942767286,0
2026-01-07 13:00:00,WELL-001,PUMP-001,173.04618436352717,100.0591812734192,10.80005883207353,1142.801676451152,942.7326955086405,1350.0899657733946,1
2026-01-07 14:00:00,WELL-001,PUMP-001,157.33062139761986,76.73244237948997,4.098806065915792,1018.2995697445049,1326.186229334651,1443.0205185922414,0
2026-01-07 15:00:00,WELL-001,PUMP-001,142.49225671835322,78.2213407975465,3.6659414915569566,1197.9429170123929,1255.116114178722,1441.8019560199039,0
2026-01-07 16:00:00,WELL-001,PUMP-001,156.96054184551002,77.47840943986303,3.590251343086146,1279.196880197298,1348.2390909666792,1447.1190601483208,0
2026-01-07 17:00:00,WELL-001,PUMP-001,146.40863337912162,75.33749267937505,3.6185395941034293,1285.9382747935797,1104.6337644275634,1483.4203980471182,0
2026-01-07 18:00:00,WELL-001,PUMP-001,163.06745225840876,69.26827303490656,3.68158127914342,1189.6579319984514,1175.5103157384906,1466.438120515174,0
2026-01-07 19:00:00,WELL-001,PUMP-001,152.72480015279888,82.17590774595025,3.8386417927359595,1278.4440503739481,1062.0650223625676,1403.313887362989,0
2026-01-07 20:00:00,WELL-001,PUMP-001,154.77920055879886,78.5058637115545,3.3214618979840047,1360.0565450649297,1169.496108907723,1456.2788226735772,0
2026-01-07 21:00:00,WELL-001,PUMP-001,139.775819332509,66.78129642205971,2.968901900600091,1374.2049452391714,1071.3091052528773,1434.8232007211402,0
2026-01-07 22:00:00,WELL-001,PUMP-001,163.13612128109096,80.04908544671318,3.087109792893366,1430.1948644275446,1248.7235840894116,1433.758430824569,0
2026-01-07 23:00:00,WELL-001,PUMP-001,146.3660457987739,74.90032302377095,2.8059534649688307,1127.3763318190124,1281.1769282708053,1358.7965063053532,0
2026-01-08 00:00:00,WELL-001,PUMP-001,161.07418254808414,77.8195456002618,3.8568526049991716,1318.2732447024246,1233.1250012850735,1464.0595711984688,0
2026-01-08 01:00:00,WELL-001,PUMP-001,148.4888264977242,77.7653663822024,3.4797880838547703,1173.9721453518612,1119.059916861677,1400.7863812353748,0
2026-01-08 02:00:00,WELL-001,PUMP-001,151.43915320922784,81.96001143172299,4.0509899636013875,1124.3599517101459,1110.7260304400763,1497.0385593994108,0
2026-01-08 03:00:00,WELL-001,PUMP-001,148.92585517313992,74.20388060951645,2.9184802338117404,1294.082984179403,1309.263855058133,1461.1141358729142,0
2026-01-08 04:00:00,WELL-001,PUMP-001,161.75332076565698,101.47342382290185,8.894664601229316,1071.3208674393534,963.0430198822651,1518.2070214986923,1
2026-01-08 05:00:00,WELL-001,PUMP-001,144.38406649754594,71.68549541224526,2.658436836920184,1389.966139454955,1092.92957352261,1415.3547401102046,0
2026-01-08 06:00:00,WELL-001,PUMP-001,156.4232129451655,72.19775924255238,4.591743828019194,1183.7444814987389,1196.7634223194127,1410.8991181546196,0
2026-01-08 07:00:00,WELL-001,PUMP-001,165.1287851544129,95.65551409246684,9.06705577941554,1148.3118633787235,1008.3939644927333,1443.5089650133286,1
2026-01-08 08:00:00,WELL-001,PUMP-001,149.29374361318997,87.8985466882716,3.0177952592181616,1381.1293444355254,1297.4390569853508,1422.3205879146003,0
2026-01-08 09:00:00,WELL-001,PUMP-001,152.4214827919679,72.32925825155952,2.5261724639205525,1295.0676370004019,1102.945450201432,1414.435068761973,0
2026-01-08 10:00:00,WELL-001,PUMP-001,150.2726677460738,71.15013384470679,3.6402715470744487,1125.52834830371,1203.161616255012,1491.6764480804463,0
2026-01-08 11:00:00,WELL-001,PUMP-001,140.61917394510948,68.83265949359946,3.916998740466125,1405.7234270011813,1161.7651006642893,1536.341692110938,0
2026-01-08 12:00:00,WELL-001,PUMP-001,154.46661530017377,75.38002695706206,3.8232535954678215,1176.3461125536508,1191.8552576825255,1379.314275154751,0
2026-01-08 13:00:00,WELL-001,PUMP-001,162.66772020307275,73.46609803564314,4.28840568478634,1152.8365208218875,1142.626362907824,1379.6427986892543,0
2026-01-08 14:00:00,WELL-001,PUMP-001,159.70478159983347,75.70858456819953,4.891597723989016,1281.4654271515496,1193.4434381543022,1434.5441767898749,0
2026-01-08 15:00:00,WELL-001,PUMP-001,154.0298883696994,77.91197979992032,2.857643397058639,1178.8203118570746,1130.6998604266169,1438.0559626066702,0
2026-01-08 16:00:00,WELL-001,PUMP-001,135.31035701517362,77.53995663456271,2.8379800362956757,1077.7687525638014,1207.2005023171675,1574.6499758716395,0
2026-01-08 17:00:00,WELL-001,PUMP-001,152.01044512645103,74.99224747082049,3.2690948708317245,1287.1177826338767,1149.2988955619894,1508.3151373618396,0
2026-01-08 18:00:00,WELL-001,PUMP-001,152.13913851257522,76.60848903098007,3.0991457278141707,1329.363387962922,1167.7528170313215,1412.2127420253578,0
2026-01-08 19:00:00,WELL-001,PUMP-001,141.7073926691496,81.56534257794357,3.5303214893564037,1263.6397788032345,1164.2397430854985,1459.8789461025704,0
2026-01-08 20:00:00,WELL-001,PUMP-001,149.79978433003885,79.08883149600143,4.334124529410388,1294.624824508149,1180.7246833890367,1384.408188382492,0
2026-01-08 21:00:00,WELL-001,PUMP-001,147.02629677365678,70.03843366981953,3.8046546021869,1254.3190734756633,1053.8313764754048,1417.6735239403781,0
2026-01-08 22:00:00,WELL-001,PUMP-001,142.48531684944996,74.27956222139193,2.7741831542953355,1297.9942983996964,1287.1525582640588,1510.938092584866,0
2026-01-08 23:00:00,WELL-001,PUMP-001,144.49066596029647,74.68671521898777,3.1618105835441943,1217.1255074960652,1154.2943048831505,1414.6621621390912,0
2026-01-09 00:00:00,WELL-001,PUMP-001,146.89458545167017,75.85208111187744,3.5963443886299187,1250.2436816122731,1210.5856718822445,1509.532313739317,0
2026-01-09 01:00:00,WELL-001,PUMP-001,153.99621588076326,86.44341034398836,2.873616296001045,1233.2831610134376,1171.0044763400936,1499.4684719141067,0
2026-01-09 02:00:00,WELL-001,PUMP-001,159.53629392270065,87.39444515893193,7.373316459838869,1130.435893106323,1007.3639911465441,1320.4478853927544,0
2026-01-09 03:00:00,WELL-001,PUMP-001,149.87752120661602,77.89645749800545,3.571748221048492,1172.1544847294756,1263.7600051165143,1442.0735213486514,0
2026-01-09 04:00:00,WELL-001,PUMP-001,140.4555203607181,74.79955743671724,4.200930633090119,1180.96757289996,1018.8112107318698,1427.7527119937665,0
2026-01-09 05:00:00,WELL-001,PUMP-001,161.76936261994888,73.95338161424067,3.09855635680405,1333.1923749916862,1137.6069122184194,1541.3004856773468,0
2026-01-09 06:00:00,WELL-001,PUMP-001,149.29325872792725,79.60674801493248,4.346340803003095,1347.1583307125877,1199.3580566824867,1489.9749626752075,0
2026-01-09 07:00:00,WELL-001,PUMP-001,166.52791343321317,91.97776146920933,7.064320629758163,1085.0942612550425,1219.1208360416304,1456.8267665541368,0
2026-01-09 08:00:00,WELL-001,PUMP-001,139.22298968376242,70.14192980744674,4.220248344766655,1197.4484576822883,1106.7162312122641,1476.8326376263642,0
2026-01-09 09:00:00,WELL-001,PUMP-001,152.26034820885434,71.46073661628408,3.030972487632819,1320.3674070389093,1222.4991770548534,1515.5579443159052,0
2026-01-09 10:00:00,WELL-001,PUMP-001,176.94589295317869,95.72654779254339,8.468204631913293,1047.502851348225,1021.6299056002641,1558.2501172450543,1
2026-01-09 11:00:00,WELL-001,PUMP-001,162.22774741130024,77.53917878144811,3.82297764742978,1335.800586984784,1154.453308931998,1408.0395166330497,0
2026-01-09 12:00:00,WELL-001,PUMP-001,145.2417899635547,68.59351163261573,2.4573621469692246,1094.169318934307,1220.5609801007083,1457.3849662613388,0
2026-01-09 13:00:00,WELL-001,PUMP-001,148.22997101131384,73.6159335005554,3.6844440186854603,1315.2589770031436,1240.2331441851823,1420.846128071553,0
2026-01-09 14:00:00,WELL-001,PUMP-001,156.70050162686698,70.93177321970163,4.228238862635505,1238.796571844621,1242.2019216231613,1486.7224516743827,0
2026-01-09 15:00:00,WELL-001,PUMP-001,151.44817246962967,68.51584026022077,3.739812771051585,1197.8914484966538,1142.9968322775171,1479.3182009377547,0
2026-01-09 16:00:00,WELL-001,PUMP-001,153.95554731266895,78.6180680958889,4.880246051268182,1336.034645048403,1047.0576528459173,1453.921469950932,0
2026-01-09 17:00:00,WELL-001,PUMP-001,174.7269159366606,97.80271765110896,11.241091457847102,1188.9777931635142,1010.0839337419425,1388.7850881855318,1
2026-01-09 18:00:00,WELL-001,PUMP-001,145.35581240156222,77.94289202210305,4.501942702610844,1281.5737223858384,1096.288185657537,1472.230133411007,0
2026-01-09 19:00:00,WELL-001,PUMP-001,152.22386451794168,82.27405322495872,2.6300860607114567,1161.4953455017326,1148.206730918194,1408.9828087734652,0
2026-01-09 20:00:00,WELL-001,PUMP-001,163.81571080986726,73.00181907192699,3.6348108354511317,1324.6072665498473,1080.7143986946878,1361.959559400961,0
2026-01-09 21:00:00,WELL-001,PUMP-001,159.33238872781604,72.13501097504528,3.6086699061266363,1183.1390291983273,1334.9976066423592,1435.199138633505,0
2026-01-09 22:00:00,WELL-001,PUMP-001,162.33687962054302,85.03046444079561,4.736902145981839,1346.6692984474514,1251.6843768068024,1479.6263474600592,0
2026-01-09 23:00:00,WELL-001,PUMP-001,149.9436576086021,81.56204310871315,4.169541232019217,1198.058753753926,1246.3478061986052,1484.1017225021963,0
2026-01-10 00:00:00,WELL-001,PUMP-001,140.86648708693195,74.03170270360141,3.069906607638317,1100.6770706341551,1174.212351991011,1443.9126245808359,0
2026-01-10 01:00:00,WELL-001,PUMP-001,151.51878268969972,77.88379033096535,4.617083470201779,1163.8647864619895,1155.5271469255538,1463.083148634824,0
2026-01-10 02:00:00,WELL-001,PUMP-001,147.02234579143158,80.44374309852093,4.630751783560766,1373.459482261775,1145.7805404749608,1394.0191283355493,0
2026-01-10 03:00:00,WELL-001,PUMP-001,145.77778508603248,78.85719495957912,2.362421095215627,1263.6238689729914,1252.3074763006964,1440.252739578552,0
2026-01-10 04:00:00,WELL-001,PUMP-001,154.10880085255772,72.33649580169045,2.798049898573827,1020.219022937468,1178.0739566464554,1538.6125798334872,0
2026-01-10 05:00:00,WELL-001,PUMP-001,157.20141589529973,78.89054593063008,3.7128670893021196,1162.171011332062,1207.6716623720938,1421.328108922888,0
2026-01-10 06:00:00,WELL-001,PUMP-001,149.19876738816038,73.98163124911517,2.9732104479460633,1183.8495716768111,1164.146477566893,1468.3682753408089,0
2026-01-10 07:00:00,WELL-001,PUMP-001,147.56935321611027,82.84052397359105,3.184353180672825,1248.878436939393,1187.1151001382657,1393.448680425403,0
2026-01-10 08:00:00,WELL-001,PUMP-001,155.89475117673948,73.59336221440893,3.5401944303349233,1291.2751374163279,1070.621790017942,1423.5473661326853,0
2026-01-10 09:00:00,WELL-001,PUMP-001,141.11680386163184,77.83527758694052,2.700105613607807,1443.1832798926905,1185.59953663914,1467.3953058162442,0
2026-01-10 10:00:00,WELL-001,PUMP-001,144.1232673856156,70.9487378149281,3.6203415183385657,1341.8909879542973,1108.8924726715122,1453.0839924923987,0
2026-01-10 11:00:00,WELL-001,PUMP-001,147.63567007882762,75.76157756788312,3.727689234299304,1394.9203850074814,1174.2146550473267,1408.549154017082,0
2026-01-10 12:00:00,WELL-001,PUMP-001,153.49247843326134,79.51967420543097,2.0822405386748972,1169.221543623205,1223.3407982703638,1552.874773485585,0
2026-01-10 13:00:00,WELL-001,PUMP-001,161.1778113804701,75.28506568185526,3.1116556172071723,1245.289455207782,1136.0060595272766,1480.123860471974,0
2026-01-10 14:00:00,WELL-001,PUMP-001,146.13805182254373,70.23335695870644,3.5736021895968775,1379.9742766775648,1202.615549118122,1437.3823248936856,0
2026-01-10 15:00:00,WELL-001,PUMP-001,147.11621276636322,77.55707750464977,3.690483160838654,1247.4465204285311,1175.7269602171002,1413.2070775338582,0
2026-01-10 16:00:00,WELL-001,PUMP-001,148.55616069127498,90.96553783922431,3.6792517450194118,1189.8567159923853,1150.154968265612,1507.4222854598377,0
2026-01-10 17:00:00,WELL-001,PUMP-001,135.35385241284106,76.00325901977844,3.7175424890158912,1359.473756357814,1263.1702014294888,1476.837181150623,0
2026-01-10 18:00:00,WELL-001,PUMP-001,150.54284408421924,79.2638683756111,3.790839690376685,1182.2914676007301,1134.9515117377778,1501.498040879058,0
2026-01-10 19:00:00,WELL-001,PUMP-001,147.87562529585261,77.41712744057301,3.1720955632947474,1208.74263440536,1200.8587565464215,1488.0452371578453,0
2026-01-10 20:00:00,WELL-001,PUMP-001,166.50019935394516,69.66233542872864,3.514531674003655,1362.9776444332342,1174.4251026128,1472.6185898124868,0
2026-01-10 21:00:00,WELL-001,PUMP-001,159.18986786343552,82.16171015608751,2.786593230571979,1229.5798446318197,1182.2907144078495,1436.6542643992839,0
2026-01-10 22:00:00,WELL-001,PUMP-001,154.6370653857086,76.62898158291084,3.6166305809464014,1221.7466965751448,1203.6938690423183,1435.2299294930485,0
2026-01-10 23:00:00,WELL-001,PUMP-001,164.4630092703935,76.75392587877404,3.3178030856756022,1093.577885895192,1168.4220687299542,1515.2984958663594,0
2026-01-11 00:00:00,WELL-001,PUMP-001,160.37595637248887,74.88565968850558,2.9004186606230533,1209.6180063017425,1238.8434018553187,1477.336678410069,0
2026-01-11 01:00:00,WELL-001,PUMP-001,145.47772178880734,72.94645670448791,3.102371736882242,1087.6260905808335,1233.4513770433898,1512.8529978344548,0
2026-01-11 02:00:00,WELL-001,PUMP-001,157.98648718518368,72.84189843640976,3.7422380542019655,1248.0643514887267,1116.740869748891,1466.2179640860802,0
2026-01-11 03:00:00,WELL-001,PUMP-001,159.55739315462418,69.39309680962607,3.2587599532899976,1291.9411742114535,1144.3563331660175,1488.876562040747,0
2026-01-11 04:00:00,WELL-001,PUMP-001,151.0110366363713,84.69464499529143,2.8998012052366553,1195.780402358012,1215.973549476124,1458.9790890969798,0
2026-01-11 05:00:00,WELL-001,PUMP-001,155.788884697831,78.33730390819656,2.772746064837041,1316.7386132592128,1199.0888455470954,1482.5190894360635,0
2026-01-11 06:00:00,WELL-001,PUMP-001,148.9389300289394,70.12735347664679,4.164248401572184,1240.3695068837121,1027.9131317790175,1492.3710838575212,0
2026-01-11 07:00:00,WELL-001,PUMP-001,148.499727039561,70.28717304278467,3.366883457722816,1283.7347574611556,1149.534443703956,1487.5293426917888,0
2026-01-11 08:00:00,WELL-001,PUMP-001,155.9104838471,78.07683742006526,2.938736778773243,1336.8785692940025,1142.4825588420167,1490.4028899140571,0
2026-01-11 09:00:00,WELL-001,PUMP-001,152.7161158705507,71.77114324681716,2.9535777061611608,1257.3491796518795,1048.0359963585217,1435.186627824556,0
2026-01-11 10:00:00,WELL-001,PUMP-001,141.57054064682916,69.66098539210404,4.070184555184145,1386.849069806554,1172.688554702377,1441.5589138404994,0
2026-01-11 11:00:00,WELL-001,PUMP-001,150.66497972525343,72.66448296604612,3.0597272157287816,1252.8850713175702,1204.3271263310653,1508.1754383977493,0
2026-01-11 12:00:00,WELL-001,PUMP-001,157.80158103825943,77.50547084969922,3.613748969959246,1330.0836874053714,990.7737394900535,1483.8937659765454,0
2026-01-11 13:00:00,WELL-001,PUMP-001,161.79244841990464,73.23993462573263,4.031481882561032,1268.400761901027,1327.3641680845608,1394.3472786468144,0
2026-01-11 14:00:00,WELL-001,PUMP-001,163.11971623497115,78.71063745535946,3.5452601833409556,1121.8427350482266,1162.7756258309037,1407.8376702341905,0
2026-01-11 15:00:00,WELL-001,PUMP-001,153.3938740776952,75.71669583803116,4.3874473840434565,1298.8914923719635,1340.3618746855134,1455.3521191039356,0
2026-01-11 16:00:00,WELL-001,PUMP-001,144.06023531441562,68.39988744389647,3.132938545456829,1247.037056236127,1149.948844283792,1415.3789510063073,0
2026-01-11 17:00:00,WELL-001,PUMP-001,148.23844298393635,64.66072636782003,3.771220006751461,1150.7951766023532,1117.3967163838106,1416.5294902583723,0
2026-01-11 18:00:00,WELL-001,PUMP-001,147.52632738360109,71.23921797204709,3.691504706251508,1357.2360356818515,1048.7379271247978,1455.751303957371,0
2026-01-11 19:00:00,WELL-001,PUMP-001,143.7667867845736,74.02834227289836,2.9682677938343565,1271.4929141347018,1187.2480897047576,1341.8890389541102,0
2026-01-11 20:00:00,WELL-001,PUMP-001,165.20952548602406,74.6966959309269,3.0749559398537225,1128.902848590974,1053.7802226620838,1370.7932028497255,0
2026-01-11 21:00:00,WELL-001,PUMP-001,156.1761724960274,82.65661872289735,4.052748610946207,1206.6102142848963,1190.1407365260288,1419.261356742154,0
2026-01-11 22:00:00,WELL-001,PUMP-001,147.85175481675333,70.54403887292357,2.208910759202417,1192.4677344606064,1165.2208832820613,1400.6410236424408,0
2026-01-11 23:00:00,WELL-001,PUMP-001,178.63683342437733,97.85776304383322,9.686136959701507,1111.5129218171649,1053.7362990468805,1363.3008235291325,1
2026-01-12 00:00:00,WELL-001,PUMP-001,167.31185746114,89.65571491312375,6.854410981698882,988.9784225757048,1169.6239438658963,1425.7174411954663,0
2026-01-12 01:00:00,WELL-001,PUMP-001,153.76782802965425,79.22800757233476,4.604130280905195,1190.3621206350308,1113.9304506203398,1395.2706730223535,0
2026-01-12 02:00:00,WELL-001,PUMP-001,161.13972240051464,73.74976742700524,3.673216177567914,1270.8257471016977,1170.5983880970616,1490.5404136579891,0
2026-01-12 03:00:00,WELL-001,PUMP-001,135.3147389371037,80.85622894660771,4.45138789573144,1312.3653381792305,1110.924976798232,1524.1011246807896,0
2026-01-12 04:00:00,WELL-001,PUMP-001,141.15436265211252,73.92539484855632,3.3151794294885555,1312.3728425815473,1271.7216122283726,1519.7841905394978,0
2026-01-12 05:00:00,WELL-001,PUMP-001,148.79515264450527,71.43123071864675,4.166181417189659,1155.3275049386775,1065.977687149784,1513.624372329937,0
2026-01-12 06:00:00,WELL-001,PUMP-001,149.7887539443286,76.40080579409803,3.0142378880470124,1283.9248835571273,1146.8312457050358,1449.277386456086,0
2026-01-12 07:00:00,WELL-001,PUMP-001,149.18297247972,77.04629193798621,2.841112713181492,1221.0550928613945,1053.7353004755275,1432.2506357943355,0
2026-01-12 08:00:00,WELL-001,PUMP-001,155.57563523608587,73.33090255121995,4.203874782551985,1279.5713753758475,1172.488849919704,1472.3858462905139,0
2026-01-12 09:00:00,WELL-001,PUMP-001,154.23166349114015,64.80519361497292,3.609980127262996,1155.5765648328086,1290.0970248642027,1462.5226203863888,0
2026-01-12 10:00:00,WELL-001,PUMP-001,135.5915381267781,72.2866310013299,3.0273297488550566,1200.3321921399106,1168.2299326990646,1426.3954711151437,0
2026-01-12 11:00:00,WELL-001,PUMP-001,150.4889248749391,77.4697593599686,4.076853011220526,1104.022076247941,1167.9695909475695,1394.59177344046,0
2026-01-12 12:00:00,WELL-001,PUMP-001,129.75769981802935,73.56997889059944,4.160575780999142,1406.6677963376476,1093.931528388331,1474.8349611618262,0
2026-01-12 13:00:00,WELL-001,PUMP-001,149.7588458438332,72.16147107890657,2.5852872280284958,1269.2739997831575,1198.6120408641534,1538.4558350131642,0
2026-01-12 14:00:00,WELL-001,PUMP-001,152.4644043160328,73.04175716289105,3.6614761647470644,1222.5446179602072,1223.5100322899236,1431.5194831978183,0
2026-01-12 15:00:00,WELL-001,PUMP-001,149.00305763047896,69.1370419557363,3.4919169070009053,1281.2418318052,1197.8691371189493,1502.2948357747935,0
2026-01-12 16:00:00,WELL-001,PUMP-001,142.75414159309904,71.7311683067559,3.1426032235739045,1359.9550474536654,1030.5028050214914,1606.8874266829996,0
2026-01-12 17:00:00,WELL-001,PUMP-001,159.5516500799062,73.31551087208254,3.748819117238532,1369.3535717076218,1261.606421344587,1439.7772510157388,0
2026-01-12 18:00:00,WELL-001,PUMP-001,154.7484537782469,60.2980568266786,3.8935404659178565,1265.578895577502,1178.6903870487872,1430.5740773455557,0
2026-01-12 19:00:00,WELL-001,PUMP-001,157.6156829080784,80.50577881123644,3.254023697688336,1190.2337536558687,1260.1772431983147,1423.422153137847,0
2026-01-12 20:00:00,WELL-001,PUMP-001,157.6250003630087,77.56542710048646,3.9350574721087983,1291.2942629691968,1135.0962883343934,1471.596127233697,0
2026-01-12 21:00:00,WELL-001,PUMP-001,155.5768228472662,80.91226913302651,3.8507019296715854,1285.972472530068,1126.3061845400525,1460.5908539487239,0
2026-01-12 22:00:00,WELL-001,PUMP-001,148.6954642884499,71.27548677596775,3.094893035015371,1238.4385063427585,1124.5306055300027,1434.601923518048,0
2026-01-12 23:00:00,WELL-001,PUMP-001,150.24152629768125,78.0430372117837,3.2220386266035006,1232.444495068411,1281.8514855934216,1450.1542063412514,0
2026-01-13 00:00:00,WELL-001,PUMP-001,137.13952108504822,71.18637610716893,3.038514590127621,1174.8077519112908,1238.0632389352224,1440.30869306136,0
2026-01-13 01:00:00,WELL-001,PUMP-001,137.67365566055307,74.33741660229052,3.547337657959105,1251.8510978478535,1064.295691151278,1510.1556323215402,0
2026-01-13 02:00:00,WELL-001,PUMP-001,125.8439027534334,75.91924772376848,4.580306708906512,1349.115708235155,1194.6761590692238,1425.4181907183977,0
2026-01-13 03:00:00,WELL-001,PUMP-001,156.74698097725647,77.79724537997518,3.641949050525718,1359.5767022375824,1099.1062162831797,1453.2634097671278,0
2026-01-13 04:00:00,WELL-001,PUMP-001,149.79540550246404,66.15462047555441,3.083172121346565,1217.2574049509517,1143.3138121445786,1457.617743601686,0
2026-01-13 05:00:00,WELL-001,PUMP-001,144.99047974222748,75.07689490686053,4.0730578276648854,1167.3704617130356,1119.908504173772,1506.2793885520173,0
2026-01-13 06:00:00,WELL-001,PUMP-001,139.2330326122143,70.90371070139251,3.2142674758732044,1319.9511344570183,1198.3792930301347,1459.6794955683772,0
2026-01-13 07:00:00,WELL-001,PUMP-001,148.18991303061,78.78026661039323,3.4606714359313973,1408.5353445120022,1289.8145022871995,1383.5951868783127,0
2026-01-13 08:00:00,WELL-001,PUMP-001,157.72317987672938,81.18065360903108,3.5531945545768626,1265.7852565924477,1136.7643673195955,1434.1963571986475,0
2026-01-13 09:00:00,WELL-001,PUMP-001,146.49512140605125,75.69888484883118,3.7447550105085714,1240.0019370913387,981.7236300456655,1450.8445358121241,0
2026-01-13 10:00:00,WELL-001,PUMP-001,145.59570520406734,68.89643787042921,3.1951158814116134,1238.1775744946024,1148.272611368389,1522.6233767235371,0
2026-01-13 11:00:00,WELL-001,PUMP-001,146.82670272142465,77.41262024414296,3.2776456861565286,1418.3044873701929,1160.8886167491787,1468.2562705991504,0
2026-01-13 12:00:00,WELL-001,PUMP-001,137.5699298718715,79.08944829012515,3.72584571565851,1177.8358756513992,1119.1235843107713,1506.2717392207385,0
2026-01-13 13:00:00,WELL-001,PUMP-001,162.38399803139214,71.19296228357598,3.6153757868851377,1238.1421697926585,1118.506201441635,1379.37321182895,0
2026-01-13 14:00:00,WELL-001,PUMP-001,150.32735340316577,69.98906272109264,3.9444946072520755,1208.942914682273,1163.9980059261986,1400.2825312695743,0
2026-01-13 15:00:00,WELL-001,PUMP-001,156.23183769635202,62.95055916446596,3.4535765652003363,1251.2015381275432,1217.6643204127267,1447.9159598805054,0
2026-01-13 16:00:00,WELL-001,PUMP-001,140.55349747752925,80.57160847334436,3.9292287892647466,1307.4548580566347,1210.693301716681,1450.9808328846996,0
2026-01-13 17:00:00,WELL-001,PUMP-001,148.09843900248288,75.96117382097616,4.088512069482485,1190.6216383846693,1028.6907766676566,1462.7786826856184,0
2026-01-13 18:00:00,WELL-001,PUMP-001,151.31808672989214,75.25443850928009,3.604004998622245,1269.51625583268,1164.3758421755635,1524.4931719301042,0
2026-01-13 19:00:00,WELL-001,PUMP-001,146.8333697541467,74.10187999882382,3.0541194411392096,1186.2397757134254,1297.0038023827465,1444.6220434070547,0
2026-01-13 20:00:00,WELL-001,PUMP-001,150.1670919063677,76.15350452859342,2.743901140896452,1200.6910873568418,1153.7362533773244,1434.1142451621884,0
2026-01-13 21:00:00,WELL-001,PUMP-001,153.14615378776176,82.06497377813415,3.69542441468792,1220.433157686629,1089.131118046176,1528.9053403955756,0
2026-01-13 22:00:00,WELL-001,PUMP-001,143.5131399103173,68.71211070542692,3.3595880845358113,1287.3086699557068,1249.1134161612372,1446.2024488178738,0
2026-01-13 23:00:00,WELL-001,PUMP-001,141.28735907081756,74.22089262835449,3.52271714900537,1296.7658102359655,1180.266215328623,1368.6840323019208,0
2026-01-14 00:00:00,WELL-001,PUMP-001,165.96593441729038,89.89589746707624,7.228506852574267,1252.3310236751706,798.622216599161,1526.6716850648163,0
2026-01-14 01:00:00,WELL-001,PUMP-001,146.5660446376107,77.9427663488536,2.5411253888697516,1286.9738132865555,1321.7016736300798,1381.8412997703595,0
2026-01-14 02:00:00,WELL-001,PUMP-001,151.30195531877118,75.20689526292924,3.829224960791019,1203.5083163639986,1181.8676739977375,1478.604638920246,0
2026-01-14 03:00:00,WELL-001,PUMP-001,144.86810472764552,77.43936142435537,4.582608865872046,1234.727696661816,1230.3830559503726,1385.3363521064418,0
2026-01-14 04:00:00,WELL-001,PUMP-001,151.8572475979363,68.98433698991654,3.496189065936279,1374.9804105560338,1223.2941866319534,1439.6261238658064,0
2026-01-14 05:00:00,WELL-001,PUMP-001,139.99673812824227,78.02257663177683,4.029399837394045,1213.8327733733536,1147.097049656835,1463.2939114826024,0
2026-01-14 06:00:00,WELL-001,PUMP-001,149.84200725172298,72.56710054663097,3.0222975771837532,1277.1194948247396,1126.940544423693,1371.6825133517955,0
2026-01-14 07:00:00,WELL-001,PUMP-001,144.8050156934286,81.60652016136505,4.351761802708182,1201.9661147409035,1049.342203404757,1500.3756844918462,0
2026-01-14 08:00:00,WELL-001,PUMP-001,153.25181981790735,67.10192246297062,4.32722584775801,1150.4135009425474,1130.2943216671695,1420.1145243133453,0
2026-01-14 09:00:00,WELL-001,PUMP-001,150.11418454269148,70.23030290301678,3.2557782122439316,1304.905476556536,1187.4126117180665,1479.2206490236242,0
2026-01-14 10:00:00,WELL-001,PUMP-001,154.39384637201317,88.1711102182498,3.0169344560682245,1326.630578254158,1234.5491721175915,1435.4712448451319,0
2026-01-14 11:00:00,WELL-001,PUMP-001,148.48703687378372,79.60825055962229,3.4234705277734796,1370.8923944197877,1078.4177016963908,1449.3955526076973,0
2026-01-14 12:00:00,WELL-001,PUMP-001,145.5942304344359,69.86890180627486,3.280261076409043,1285.510418417395,1180.779909413413,1485.4820645252903,0
2026-01-14 13:00:00,WELL-001,PUMP-001,153.49390841386807,77.02147377480848,4.241469315093292,1164.315705628076,1227.6151273815315,1509.6253756238987,0
2026-01-14 14:00:00,WELL-001,PUMP-001,150.8757648323783,80.26264470674832,3.1562767462773507,1116.6711767080067,1228.316576026619,1322.0815808371449,0
2026-01-14 15:00:00,WELL-001,PUMP-001,141.30203248909757,69.57087435557408,3.907623969773902,1158.0964771873075,1226.6418750636449,1473.1295646426975,0
2026-01-14 16:00:00,WELL-001,PUMP-001,141.50162275866901,69.00858307126421,4.018157995547954,1296.3714583458118,1147.7815618891673,1393.2269553150934,0
2026-01-14 17:00:00,WELL-001,PUMP-001,145.21991844246688,82.11184930849254,4.543339798278547,1328.3086440625436,1185.9722699795516,1409.5867139179536,0
2026-01-14 18:00:00,WELL-001,PUMP-001,153.8424372241064,72.15308149925936,3.841088135164759,1258.424745670327,1068.807482170771,1489.6467426746553,0
2026-01-14 19:00:00,WELL-001,PUMP-001,146.9282298243812,76.25100103125847,4.697400493870378,1498.7934844804288,1222.4706141395327,1440.8401690639805,0
2026-01-14 20:00:00,WELL-001,PUMP-001,158.6555364779268,79.97766234541541,3.9896437060363086,1244.0631217160487,1256.1224921822047,1496.208091192795,0
2026-01-14 21:00:00,WELL-001,PUMP-001,156.7115240037569,71.91373406726538,3.165018947632382,1161.9876613622644,1210.7650861434158,1488.9468251756057,0
2026-01-14 22:00:00,WELL-001,PUMP-001,155.06889232460665,75.43984410526416,2.065235341385511,1244.0099249434809,1211.7928217032886,1423.2633376220203,0
2026-01-14 23:00:00,WELL-001,PUMP-001,147.64826441868655,74.64200374070967,2.589275751991514,1221.4376639354712,1242.326821446385,1478.7602508053283,0
2026-01-15 00:00:00,WELL-001,PUMP-001,164.55378546639776,75.19968198607346,3.357233871591755,1271.5219254510027,1197.0545932919265,1519.3379033065576,0
2026-01-15 01:00:00,WELL-001,PUMP-001,146.16930035193278,70.6861211797844,3.9160873471483963,1218.6389888064696,1254.1955468832634,1480.8502974788348,0
2026-01-15 02:00:00,WELL-001,PUMP-001,158.89262925705575,84.67352999216695,3.5418481093046292,1198.8188378044692,1109.8269647875873,1394.9103401040054,0
2026-01-15 03:00:00,WELL-001,PUMP-001,137.82112651025687,80.56344187494963,3.122441963784327,1372.69821679332,1142.4938975863392,1364.6321021203526,0
2026-01-15 04:00:00,WELL-001,PUMP-001,146.54209728668297,74.18339596358051,3.8246340580955827,1237.7212576835316,1277.1080187736816,1507.3311958280963,0
2026-01-15 05:00:00,WELL-001,PUMP-001,147.12185083368732,68.36976156958981,3.2519209033260346,1270.822440526631,1112.5368751652572,1402.142454255248,0
2026-01-15 06:00:00,WELL-001,PUMP-001,139.3734803882796,75.38736859368615,4.408158784791667,1200.9311349985373,1135.0069887936008,1535.0760535210368,0
2026-01-15 07:00:00,WELL-001,PUMP-001,138.02776595927938,71.74988032796551,3.4499372181257835,1134.0283824241176,1115.469813081228,1399.802131395925,0
2026-01-15 08:00:00,WELL-001,PUMP-001,150.7006257516287,76.97967837813387,3.449969434835424,1264.8554071792848,1193.8129083816648,1409.3636021540783,0
2026-01-15 09:00:00,WELL-001,PUMP-001,139.60335010457922,79.14866208939587,3.9868379326949555,1158.1389368997905,1237.3144350628402,1526.8965959206275,0
2026-01-15 10:00:00,WELL-001,PUMP-001,155.24481142039608,67.31738192528108,3.371053786909953,1272.143475946023,1296.5021968687245,1486.236192894713,0
2026-01-15 11:00:00,WELL-001,PUMP-001,148.16487404745578,74.78261525093069,2.581335498466567,1291.1403804814267,1220.04402091999,1446.8904491500346,0
2026-01-15 12:00:00,WELL-001,PUMP-001,146.91693337979828,77.1022623862378,2.981365357451492,1238.7257668577904,1202.1578228626042,1459.483043853171,0
2026-01-15 13:00:00,WELL-001,PUMP-001,146.50588610209425,66.9671144963066,4.549750342523252,1360.516326295239,1089.5416113426068,1484.4853902622597,0
2026-01-15 14:00:00,WELL-001,PUMP-001,152.87346439353664,77.83970871537566,3.0808370986423674,1180.358631532185,1299.3509903044921,1434.9598343891535,0
2026-01-15 15:00:00,WELL-001,PUMP-001,145.35957406903967,76.19702250267689,3.79981106618176,1287.7601816735419,1185.316868754126,1487.1341209179861,0
2026-01-15 16:00:00,WELL-001,PUMP-001,161.336163303853,78.40669751592804,3.5926020122386464,1386.9549756653623,1167.0471494137437,1419.0222162489158,0
2026-01-15 17:00:00,WELL-001,PUMP-001,158.58382438212809,86.8193624730968,3.0284083804190107,1139.516431747698,1201.2673016923413,1486.0781252563072,0
2026-01-15 18:00:00,WELL-001,PUMP-001,167.1310649480886,71.24698551209393,3.9984259102976534,1168.6140873762076,1066.9243484106291,1348.2234578591065,0
2026-01-15 19:00:00,WELL-001,PUMP-001,145.60354291273137,79.297939434899,3.267721610126291,1246.367102565421,1181.7771894379687,1354.0163421901173,0
2026-01-15 20:00:00,WELL-001,PUMP-001,156.34535493434478,74.91732124876187,3.651236205623167,1219.9094095220692,1302.4456941769008,1399.0875177835885,0
2026-01-15 21:00:00,WELL-001,PUMP-001,147.76829655734554,73.60119915752082,3.974223137631027,1277.2041035655113,1219.9429098053672,1498.409233026643,0
2026-01-15 22:00:00,WELL-001,PUMP-001,141.93748881010055,69.41462928769127,3.5597634539128644,1117.219553161755,1029.8638108214834,1476.64166503984,0
2026-01-15 23:00:00,WELL-001,PUMP-001,153.85492849374793,77.73632398688983,3.8293303011904185,1229.6035365157043,1171.218201799797,1466.3939762079679,0
2026-01-16 00:00:00,WELL-001,PUMP-001,155.6610913896679,75.04519093256154,4.138926043574143,1078.7787296977617,1081.9528206217005,1450.7166029922078,0
2026-01-16 01:00:00,WELL-001,PUMP-001,157.37441201581802,77.41343943604606,3.7520566942711047,1298.5480474572537,1323.9580495380678,1393.4555782337043,0
2026-01-16 02:00:00,WELL-001,PUMP-001,142.09752932329584,77.67389272902504,2.8777894583673405,1309.5052558800367,1187.8473462777163,1537.2319586629342,0
2026-01-16 03:00:00,WELL-001,PUMP-001,144.32336116200662,68.70747544662333,3.3697897697453776,1225.3213769235344,1349.8701540441866,1471.6479912680347,0
2026-01-16 04:00:00,WELL-001,PUMP-001,148.83130542774657,72.0353673347599,3.0578082917499465,1194.1208963421045,1187.878550050576,1472.2517932058095,0
2026-01-16 05:00:00,WELL-001,PUMP-001,137.31213350209634,65.60037807430477,4.622579105223069,1281.1691341896724,1119.2195087686544,1476.7314543061218,0
2026-01-16 06:00:00,WELL-001,PUMP-001,158.12182473332058,73.79384466851324,3.8293273062913737,1427.5361017569423,1197.6285725436533,1404.155765414072,0
2026-01-16 07:00:00,WELL-001,PUMP-001,142.8372294210958,72.9594958041989,2.9025107631258624,1302.0908993458925,1240.0915781659667,1438.2689715021293,0
2026-01-16 08:00:00,WELL-001,PUMP-001,128.52169562306005,76.2978678074011,3.4725798613419325,1188.8006440995098,1322.004024698891,1497.9238263802376,0
2026-01-16 09:00:00,WELL-001,PUMP-001,152.24509123592108,83.79310242097567,3.7232632835641177,1281.1327356534343,1176.2815542887718,1511.1784441209313,0
2026-01-16 10:00:00,WELL-001,PUMP-001,148.08869726412777,82.15077818279939,3.700236718137124,1226.1911230306644,1173.6912681306292,1501.16927908137,0
2026-01-16 11:00:00,WELL-001,PUMP-001,159.89950507747312,72.71349172456605,3.474305971213055,1254.6418187846716,1239.39016175437,1337.6555333007698,0
2026-01-16 12:00:00,WELL-001,PUMP-001,151.53231439555864,72.20128763202258,3.3836303597344077,1196.9356542580385,1159.365450099018,1517.3089131813313,0
2026-01-16 13:00:00,WELL-001,PUMP-001,134.987578351665,78.09855722983067,3.1187825667046223,1154.8266672727711,1136.2958227200743,1440.7737321172076,0
2026-01-16 14:00:00,WELL-001,PUMP-001,191.16093108281487,95.17791086846609,9.467314770032266,1217.47101912881,950.3959517044314,1555.5067791042811,1
2026-01-16 15:00:00,WELL-001,PUMP-001,161.17277513265012,77.07323992552391,3.9506785086835103,1299.9257132095581,1099.9016998025804,1452.8645177226508,0
2026-01-16 16:00:00,WELL-001,PUMP-001,161.22695976100152,78.48951636269514,3.2341735873229105,1211.6405626080605,1200.7602881598534,1473.1592397633792,0
2026-01-16 17:00:00,WELL-001,PUMP-001,154.33126055098072,82.20858380475026,3.9704765545188203,1274.8473007098162,1310.5237539776156,1505.4964797940168,0
2026-01-16 18:00:00,WELL-001,PUMP-001,164.47445079786488,73.90977052303813,2.991419642828549,1197.832888912555,1103.7256873860329,1410.7619045936149,0
2026-01-16 19:00:00,WELL-001,PUMP-001,156.805181342258,74.21628962108862,2.6765752398203566,1252.4835918209885,1195.558629271377,1426.0331569279574,0
2026-01-16 20:00:00,WELL-001,PUMP-001,154.08633670822076,80.15290292812028,3.105299267688718,1318.3620181653293,1103.5646269723281,1494.5123750418254,0
2026-01-16 21:00:00,WELL-001,PUMP-001,138.62394780073973,80.52530364901455,3.00955946185559,1201.2345736931213,1109.0678915081592,1485.0593163035187,0
2026-01-16 22:00:00,WELL-001,PUMP-001,156.78539370133333,68.83738342615746,3.831379962607714,1300.0504746916802,1131.2259727099297,1479.1013283542363,0
2026-01-16 23:00:00,WELL-001,PUMP-001,142.40460538619388,82.17367489832172,3.223954247519901,1244.6889905928022,1156.7153877154328,1474.5771060438656,0
2026-01-17 00:00:00,WELL-001,PUMP-001,150.76275359553046,73.68275891958875,3.907485665262917,1225.8363600408109,1156.9386549557037,1486.5935352144147,0
2026-01-17 01:00:00,WELL-001,PUMP-001,146.2468077597935,78.22314123158849,3.075623971618423,1260.0292252612135,1261.2979151201985,1409.4371440431403,0
2026-01-17 02:00:00,WELL-001,PUMP-001,141.86653497138803,73.77959763162899,3.4764156274234215,1239.2402572478613,1203.3701976597974,1521.5683390915592,0
2026-01-17 03:00:00,WELL-001,PUMP-001,140.38957320185733,78.45940572427544,4.3009419487060665,1300.379990271894,1254.9987911321243,1551.0024553464823,0
2026-01-17 04:00:00,WELL-001,PUMP-001,151.99446876513383,80.22544237042376,3.5869326998581346,1251.9122434627964,1155.4010035000388,1528.1706679416054,0
2026-01-17 05:00:00,WELL-001,PUMP-001,139.16785313201277,72.23403908282556,3.922184969475905,1262.7327156265685,1165.5463310376208,1478.0240699402468,0
2026-01-17 06:00:00,WELL-001,PUMP-001,155.00406413464827,79.42615741494495,3.1445864266087677,1259.8838156764466,1316.7910203625202,1424.7126647869031,0
2026-01-17 07:00:00,WELL-001,PUMP-001,154.46633339804637,74.19814499708775,3.500827790604791,1147.8581638295132,1257.9062571145041,1503.882565476457,0
2026-01-17 08:00:00,WELL-001,PUMP-001,144.06012613969293,72.57347082316066,4.238524707892841,1384.8011422966808,1219.401660212205,1406.0092823248972,0
2026-01-17 09:00:00,WELL-001,PUMP-001,157.62078715719124,77.36846568366114,3.8138474024014366,1356.4693744293734,1239.2562664209136,1474.988321924801,0
2026-01-17 10:00:00,WELL-001,PUMP-001,150.34811734914774,77.79069757259253,1.9822639533834183,1226.2714032744161,1196.8925354441747,1392.4492958190247,0
2026-01-17 11:00:00,WELL-001,PUMP-001,151.20888349827845,78.8263821918238,2.4565606213373394,1339.0324533904745,1123.479521897127,1442.5497400318068,0
2026-01-17 12:00:00,WELL-001,PUMP-001,140.95507732049978,78.11355611950134,3.8777177505330864,1185.6547392272007,1242.674880153382,1418.4211135417333,0
2026-01-17 13:00:00,WELL-001,PUMP-001,152.30923144645988,75.37388133960984,4.215497935418883,1240.3909085430905,1167.2305301993308,1425.7685617998018,0
2026-01-17 14:00:00,WELL-001,PUMP-001,148.35312455295727,71.26710826729881,3.393935502130531,1126.1105360909003,1145.6192377000527,1435.7562253315164,0
2026-01-17 15:00:00,WELL-001,PUMP-001,136.3822938713599,72.68592156830245,3.1323832124734348,1334.1516045812484,1108.9545635583252,1411.9406807592761,0
2026-01-17 16:00:00,WELL-001,PUMP-001,143.84003147042034,68.51941667875053,3.226327503515487,1264.5141296091176,1221.6520626084896,1422.1288473445838,0
2026-01-17 17:00:00,WELL-001,PUMP-001,157.04946674433606,73.09879222034898,2.3491402396977246,1237.9916622731596,1274.6419933326501,1464.1093703715214,0
2026-01-17 18:00:00,WELL-001,PUMP-001,151.47067613058005,88.46516831990249,3.7098800147407447,1169.6756322526392,1173.3175027037648,1361.1876833266774,0
2026-01-17 19:00:00,WELL-001,PUMP-001,134.91386464996606,73.03099065778247,2.7884836717218784,1064.243486612655,1217.928946253542,1532.0579769545786,0
2026-01-17 20:00:00,WELL-001,PUMP-001,153.8565338186831,76.8436657365876,3.736278378929751,1095.7861936523511,1160.4781624094471,1492.257898559216,0
2026-01-17 21:00:00,WELL-001,PUMP-001,163.6215719067835,74.62627915924917,1.5051465680533425,1132.4861229063845,1150.2885907800262,1501.7912619208785,0
2026-01-17 22:00:00,WELL-001,PUMP-001,136.36902730538625,70.37767005935223,4.437733261104919,1228.0805534536557,1162.9631214437488,1435.008090186256,0
2026-01-17 23:00:00,WELL-001,PUMP-001,152.0956027947305,68.72446125371683,3.289282278917741,1464.7739390451259,1093.6711821592187,1483.0361697231874,0
2026-01-18 00:00:00,WELL-001,PUMP-001,161.81547540894618,69.16110224366032,3.6300653382575776,1162.2157977893726,1138.7793221282914,1408.136878447515,0
2026-01-18 01:00:00,WELL-001,PUMP-001,153.53588805116024,72.84807261801492,3.728228868929787,1234.732694508532,1184.7245576873092,1472.25432356767,0
2026-01-18 02:00:00,WELL-001,PUMP-001,159.74367321844446,72.43401817743302,3.069248665551439,1231.5580299855799,1262.5807645852497,1459.705381547668,0
2026-01-18 03:00:00,WELL-001,PUMP-001,154.15999260638247,70.11081399814357,3.090565403428463,1195.853662689039,1154.7546461553666,1476.9459592571868,0
2026-01-18 04:00:00,WELL-001,PUMP-001,154.27853869076728,81.14490251244531,3.117615351782723,1286.6709362841189,1033.9081086978551,1420.76911346714,0
2026-01-18 05:00:00,WELL-001,PUMP-001,156.63303861868891,74.86334032946954,3.106282427066934,1191.368569141822,1175.1295253755143,1494.499378110855,0
2026-01-18 06:00:00,WELL-001,PUMP-001,145.14507857714258,77.28843293026776,1.8514970943648592,1210.0215859078696,1143.1626500437806,1519.4168889104224,0
2026-01-18 07:00:00,WELL-001,PUMP-001,145.20506804927746,69.44998214057037,4.94602918964428,1267.7193298622715,1181.4896305972845,1494.3366179777272,0
2026-01-18 08:00:00,WELL-001,PUMP-001,133.3270964840113,83.62348324880554,3.327531488359787,1272.9863123522407,1176.814142828913,1428.7881833300978,0
2026-01-18 09:00:00,WELL-001,PUMP-001,151.99342937371117,70.53253383056196,3.011243124097737,1206.2992769499167,1265.4864962046872,1425.6420988677146,0
2026-01-18 10:00:00,WELL-001,PUMP-001,145.71731930387023,76.7922680910481,3.061426234570716,1310.6337479938895,1227.9855417153142,1542.4304416648206,0
2026-01-18 11:00:00,WELL-001,PUMP-001,174.3024503343921,94.18691117696144,11.153133315656529,1121.2030992761017,939.0894972022662,1389.7653358585944,1
2026-01-18 12:00:00,WELL-001,PUMP-001,140.621916376868,80.7343959962595,3.698804988067604,1292.672068099005,1112.6119077524434,1400.9506400835542,0
2026-01-18 13:00:00,WELL-001,PUMP-001,157.00837434023836,82.36335337875491,3.1376116244184624,1231.6361075711723,1065.2361086232197,1430.3764446969562,0
2026-01-18 14:00:00,WELL-001,PUMP-001,146.25252921375707,69.22652628683566,2.842759458194458,1273.8713477253043,1176.1361235998836,1474.2439340766066,0
2026-01-18 15:00:00,WELL-001,PUMP-001,148.50483073470411,66.84763378142429,4.223596709928089,1312.1925882211608,1212.6669687376257,1526.050311357969,0
2026-01-18 16:00:00,WELL-001,PUMP-001,154.5286878619537,78.49506810006503,3.8812676169886147,1160.6065461189282,1060.483086221921,1372.3208228292597,0
2026-01-18 17:00:00,WELL-001,PUMP-001,159.08496117746355,69.46853243794183,3.005291503083396,1201.312822140824,1142.971560435519,1397.1721178619873,0
2026-01-18 18:00:00,WELL-001,PUMP-001,151.8345130274772,83.56333856419285,3.462401285880462,1101.9494686644118,1234.6239968131513,1368.7601004948506,0
2026-01-18 19:00:00,WELL-001,PUMP-001,157.29090177739778,75.5287689563574,4.258224006592801,1182.2947218027412,1218.0435565069065,1459.9905216859356,0
2026-01-18 20:00:00,WELL-001,PUMP-001,165.27534921834794,79.04944660830559,3.369958091357456,1318.7451032898377,1212.6701363803627,1475.3183488763127,0
2026-01-18 21:00:00,WELL-001,PUMP-001,140.95837020260862,87.05838337789211,4.409836433152144,1298.1694656313987,1185.0425802898621,1439.3895515049423,0
2026-01-18 22:00:00,WELL-001,PUMP-001,136.04535424577395,77.91122238781881,3.4604152274655138,1286.0524444267724,1149.8499709677797,1442.6970057476417,0
2026-01-18 23:00:00,WELL-001,PUMP-001,146.69115573262684,84.43843828670096,3.833931874720255,1143.1614744720086,1214.0225402592346,1372.6348005530817,0
2026-01-19 00:00:00,WELL-001,PUMP-001,153.43650400162784,77.16694307866948,2.201414079291296,1223.7120449526756,1260.7494400061903,1424.0696010484853,0
2026-01-19 01:00:00,WELL-001,PUMP-001,137.84523139618526,60.839222009447155,3.2293046849546005,1294.1392639928736,1264.018322481718,1426.84193189573,0
2026-01-19 02:00:00,WELL-001,PUMP-001,165.7962716278526,79.93457643347026,7.391332561646021,1036.5942881740211,957.8523456495539,1547.8587266819818,0
2026-01-19 03:00:00,WELL-001,PUMP-001,163.78772272053683,77.4954278273297,3.4191194770956743,1193.4751536933222,1198.6670934648325,1404.649592080867,0
2026-01-19 04:00:00,WELL-001,PUMP-001,145.30774984348852,76.12108202145396,3.9287658743819707,1086.0046977138018,1261.1351845469128,1433.1872630659464,0
2026-01-19 05:00:00,WELL-001,PUMP-001,137.5091813137816,81.89919349870028,3.2208698800291518,1226.896375784041,1105.1499201206823,1360.6527134330076,0
2026-01-19 06:00:00,WELL-001,PUMP-001,166.84336890263688,88.54499999451266,9.296031147068243,1034.7894660682437,1067.514632830985,1433.3569797808743,0
2026-01-19 07:00:00,WELL-001,PUMP-001,164.03946457317792,75.09200815391719,3.6351584703485296,1305.4178204093487,1091.1468652417311,1535.1257329064804,0
2026-01-19 08:00:00,WELL-001,PUMP-001,165.91884058670047,76.75471252447853,4.47582824340118,1209.7904308934592,1159.098228367326,1463.7013676336044,0
2026-01-19 09:00:00,WELL-001,PUMP-001,159.60425326779097,75.70179934924023,2.3197581778477088,1160.62508306344,1166.9907973465076,1465.4999491582778,0
2026-01-19 10:00:00,WELL-001,PUMP-001,168.80164640004577,61.678338394627765,3.9037659226970236,1108.8323272578361,1164.2040307747352,1445.7195955264376,0
2026-01-19 11:00:00,WELL-001,PUMP-001,149.24433028446398,77.0980498601206,2.98167022364614,1352.35719453262,1252.9207264841195,1479.1772151505943,0
2026-01-19 12:00:00,WELL-001,PUMP-001,160.77335779003892,72.62827279048264,3.544060711544671,1223.0897069511677,1269.7654431880924,1504.3869921616874,0
2026-01-19 13:00:00,WELL-001,PUMP-001,139.65486764993082,77.86195155587838,3.7703620477175233,1100.4146928374269,1098.6751309261344,1435.8430551628117,0
2026-01-19 14:00:00,WELL-001,PUMP-001,161.96881786740448,72.62005698806816,2.9957174385884415,1232.0203503588011,1100.7131663686173,1467.217788464398,0
2026-01-19 15:00:00,WELL-001,PUMP-001,177.6784472079843,83.3793911501004,9.565849512199152,1163.207328732468,940.3063734231048,1515.9151162426335,0
2026-01-19 16:00:00,WELL-001,PUMP-001,136.1503895724406,82.47469113726618,3.524795379362371,1285.44017043579,1246.608483940183,1398.941877121985,0
2026-01-19 17:00:00,WELL-001,PUMP-001,148.06600288885244,78.90035148695532,3.1218688680814357,1255.5943413712512,1264.7170450354813,1436.5491726792588,0
2026-01-19 18:00:00,WELL-001,PUMP-001,144.3389928414238,71.43913067911978,3.4336007788656024,1178.2686218147833,1238.938858681649,1431.5396399776278,0
2026-01-19 19:00:00,WELL-001,PUMP-001,155.41887617349138,71.12482905288138,3.493437297790283,1197.4012049626924,1044.7482986231764,1416.2259411480036,0
2026-01-19 20:00:00,WELL-001,PUMP-001,140.10058689421942,75.54704235916485,4.297184496948939,1275.0547579091983,1137.5447628248983,1472.795209758535,0
2026-01-19 21:00:00,WELL-001,PUMP-001,143.5490984229096,68.27208299947517,4.5188557438002395,1180.7942858263098,1289.7457291837532,1407.0249980099911,0
2026-01-19 22:00:00,WELL-001,PUMP-001,139.4629446404273,78.88013956921738,2.898669788643965,1189.8051810117572,1077.3250366569025,1424.9298926557183,0
2026-01-19 23:00:00,WELL-001,PUMP-001,154.13213827518328,79.864982726665,3.2747036681886694,1344.5882275273427,1213.72485955029,1415.2069289927613,0
2026-01-20 00:00:00,WELL-001,PUMP-001,140.4256908285895,79.46848844694556,4.035772322065261,1396.369616137287,1151.3219385159352,1485.6161079790081,0
2026-01-20 01:00:00,WELL-001,PUMP-001,139.48683316435827,83.83327744645717,2.3983568074984767,1187.2407485406313,1260.1224397435062,1460.4856649598682,0
2026-01-20 02:00:00,WELL-001,PUMP-001,151.4814042946393,77.12722432092086,3.6333739134805123,1352.3092650650715,1113.3378533482842,1416.1502430770734,0
2026-01-20 03:00:00,WELL-001,PUMP-001,154.6906638046251,73.01936951005386,3.2281364792115728,1321.577881171771,1243.1136363241556,1534.4221077873067,0
2026-01-20 04:00:00,WELL-001,PUMP-001,155.88497597796598,83.9089945438553,2.506026075393336,1208.0441490989879,1128.5287577522633,1486.0739661878672,0
2026-01-20 05:00:00,WELL-001,PUMP-001,180.96130984650262,83.53842948388028,7.929182434406108,1067.4653978592073,1105.3063462991258,1466.2718429716906,0
2026-01-20 06:00:00,WELL-001,PUMP-001,147.46587915251482,74.88711029452791,3.3886295192492475,1224.2635025742852,1185.3114172971868,1436.3652708923769,0
2026-01-20 07:00:00,WELL-001,PUMP-001,139.75635543198027,75.94739910610541,4.104466383917119,1149.6061865598167,1192.9297332346757,1496.8957768755326,0
2026-01-20 08:00:00,WELL-001,PUMP-001,143.81533235543614,75.00250032516814,3.6177826501546133,1186.1749001330131,1223.9867425226337,1438.0246315617528,0
2026-01-20 09:00:00,WELL-001,PUMP-001,153.53045721359396,71.33421901445001,3.6373978354756042,1101.367883888137,1222.2273250399976,1464.9079232995264,0
2026-01-20 10:00:00,WELL-001,PUMP-001,159.4578722315065,80.80349501798591,3.4306078588710616,1270.2071941903273,1225.6852485023956,1393.1156271724633,0
2026-01-20 11:00:00,WELL-001,PUMP-001,148.09511650950355,75.23001373626637,2.9572313750037402,1343.8205476213957,1226.5791776584244,1547.0608718231874,0
2026-01-20 12:00:00,WELL-001,PUMP-001,169.60054009651236,91.78460941040801,8.43901455847757,1095.5089654196984,972.5262630371478,1463.836148629416,1
2026-01-20 13:00:00,WELL-001,PUMP-001,154.86726203039382,88.82989807219633,3.559483003650875,1182.6630443169593,1279.2768248330294,1370.559076233989,0
2026-01-20 14:00:00,WELL-001,PUMP-001,147.3590392482684,73.94166509034412,3.1233596563492965,1226.956890086234,1279.2971941603626,1325.609567173246,0
2026-01-20 15:00:00,WELL-001,PUMP-001,145.5044300184392,80.07322693219706,3.0093707145619217,1119.3917803450142,1264.416921253318,1507.0926622405486,0
2026-01-20 16:00:00,WELL-001,PUMP-001,152.7084230102873,70.31037211731801,3.6299749852427716,1167.9397853087778,1257.0574978895825,1503.0685482436568,0
2026-01-20 17:00:00,WELL-001,PUMP-001,149.99904681152725,80.41670218955657,3.9470183377476795,1365.1556572122508,1147.831574118677,1363.0944180227307,0
2026-01-20 18:00:00,WELL-001,PUMP-001,147.1082978664481,77.08223019050726,3.4676570905965565,1171.415713569815,1258.5300499361329,1566.002036100863,0
2026-01-20 19:00:00,WELL-001,PUMP-001,159.4439270237837,86.39200993264615,3.894418978033743,1148.3673004816455,1317.960498950246,1449.0265650461452,0
2026-01-20 20:00:00,WELL-001,PUMP-001,157.31017297108468,67.27135106654633,4.453903386908411,1295.92569767152,1277.9716251602056,1382.8936125757443,0
2026-01-20 21:00:00,WELL-001,PUMP-001,154.78991212794512,70.39880735111811,2.2847491500077126,1314.7139777823209,1153.8073806806872,1442.2217152739083,0
2026-01-20 22:00:00,WELL-001,PUMP-001,141.78904633867288,81.15000286359574,2.9211767445495713,1380.2774843817858,1160.0930745275443,1529.5291036308925,0
2026-01-20 23:00:00,WELL-001,PUMP-001,151.7442007370605,70.1059287695943,3.447173318494374,1277.0601990023342,1167.30302178235,1425.2822831071642,0
2026-01-21 00:00:00,WELL-001,PUMP-001,153.6653449183096,70.10139387641597,2.808000558076553,1115.0124522311432,1054.4275251492477,1382.2276248443854,0
2026-01-21 01:00:00,WELL-001,PUMP-001,165.94266100216024,71.10352200239284,3.6035160697538537,1290.8690391318655,1351.1207926807754,1422.8858831118669,0
2026-01-21 02:00:00,WELL-001,PUMP-001,136.5387304470185,69.8798570455681,3.332113794573796,1172.8369764071847,1215.4175887419105,1413.5863898796692,0
2026-01-21 03:00:00,WELL-001,PUMP-001,150.64633303777583,71.5947241969266,4.097523185995357,1270.399740053968,1050.7766224689162,1495.985165704215,0
2026-01-21 04:00:00,WELL-001,PUMP-001,143.4702620436643,75.39071531484824,4.0169816746987665,1261.1248318922735,1069.6102462466301,1409.8587778024578,0
2026-01-21 05:00:00,WELL-001,PUMP-001,148.22649136000746,69.25314194892064,3.046205945222855,1263.8040153443353,1264.1734423357107,1465.8573492355238,0
2026-01-21 06:00:00,WELL-001,PUMP-001,168.17159796338237,72.97801288408019,3.79485767163212,1295.5808285758917,1193.6837212087303,1445.0577399380347,0
2026-01-21 07:00:00,WELL-001,PUMP-001,154.47661649208374,70.93234825316883,3.43917304624148,1210.578181740565,1364.3476558022123,1476.5872441562828,0
2026-01-21 08:00:00,WELL-001,PUMP-001,148.22020082577387,85.23431097859779,3.0950395887256685,1217.7539208747976,1319.4087311543315,1408.396934757507,0
2026-01-21 09:00:00,WELL-001,PUMP-001,178.36047030255838,94.44727524429081,8.711400907093276,1161.6301440999098,939.4941092241894,1377.5290135411292,1
2026-01-21 10:00:00,WELL-001,PUMP-001,160.15338125166704,76.06474986835812,4.244688406327236,1295.8949624002043,1073.4882210157132,1537.3369468754174,0
2026-01-21 11:00:00,WELL-001,PUMP-001,168.17947776357505,79.44518561139947,3.844246652602648,1147.8956466769332,1089.8184667775524,1464.6357741070926,0
2026-01-21 12:00:00,WELL-001,PUMP-001,161.20319835836227,77.7711235197302,2.573373587990968,1260.5818232397937,1138.524330435095,1461.7488937408123,0
2026-01-21 13:00:00,WELL-001,PUMP-001,146.8984006687315,72.93192167185178,3.213412650437597,1149.5891702421284,1171.0641722937266,1421.9696181576346,0
2026-01-21 14:00:00,WELL-001,PUMP-001,130.9885371492971,73.30654330039063,3.3813385731766314,1265.1288973283154,1129.0629351600644,1450.473259701134,0
2026-01-21 15:00:00,WELL-001,PUMP-001,163.56578302248693,84.48644347386556,3.594016236947915,1331.8824515348276,1192.2700745253746,1383.1637280562036,0
2026-01-21 16:00:00,WELL-001,PUMP-001,146.09605347034218,79.104834421842,2.517437049525997,1259.5680210133683,1202.3412203064393,1456.5510381039348,0
2026-01-21 17:00:00,WELL-001,PUMP-001,157.82252439748962,64.47176529079837,4.192154205990155,1360.9079517810274,1158.8473589112166,1319.843145608635,0
2026-01-21 18:00:00,WELL-001,PUMP-001,150.88311711286158,77.53710463916644,2.9504451636425437,1340.743583511057,1082.4318269330954,1421.6935705696217,0
2026-01-21 19:00:00,WELL-001,PUMP-001,153.96959349890653,72.32341643716171,3.806899745217117,1404.8123232048183,1237.0850715710983,1447.5955746334614,0
2026-01-01 00:00:00,WELL-002,PUMP-002,142.8200674946623,68.43908761236109,3.8016289350639543,1222.1365237134835,1145.2763381222178,1479.782202878486,0
2026-01-01 01:00:00,WELL-002,PUMP-002,152.58379602894135,74.69498014072309,3.8001442816619417,1207.3119754848667,1265.4574909169132,1406.1613109394077,0
2026-01-01 02:00:00,WELL-002,PUMP-002,159.60811808937513,76.41473092253743,3.7038343156248543,1272.5602100013484,1191.180241007747,1431.687915126091,0
2026-01-01 03:00:00,WELL-002,PUMP-002,160.23614935808126,63.91590580322968,3.8016468844944886,1050.538334373594,1112.4034637533755,1531.4583182450472,0
2026-01-01 04:00:00,WELL-002,PUMP-002,160.9447878541105,69.15629485753436,1.9237607859151005,1208.2879126545,1259.988994136463,1363.3727987822824,0
2026-01-01 05:00:00,WELL-002,PUMP-002,169.49502803882518,90.50792621540128,10.013077785307104,1238.3810264633069,1023.2833212418991,1409.379882553129,1
2026-01-01 06:00:00,WELL-002,PUMP-002,161.0119716001563,76.56566070006578,3.9122394775153495,1367.3232687422883,1102.1893825340514,1448.2087210646769,0
2026-01-01 07:00:00,WELL-002,PUMP-002,164.47611934814884,67.62881360552295,2.391554969283251,1259.5645539678787,1179.8784433707012,1438.605600922467,0
2026-01-01 08:00:00,WELL-002,PUMP-002,155.12434348059818,75.61539100828091,3.4321231684905555,1146.062690924334,1196.2950720058116,1412.1618011492037,0
2026-01-01 09:00:00,WELL-002,PUMP-002,154.63535186319174,62.44582499299274,3.4771159487350105,1253.9842232722267,1245.5346306705965,1459.240515124487,0
2026-01-01 10:00:00,WELL-002,PUMP-002,147.6201423930092,81.55991869286973,3.6924714355596104,1265.52415548847,1091.0957237901578,1464.3477927150855,0
2026-01-01 11:00:00,WELL-002,PUMP-002,144.96518320250652,71.25392191455539,3.813537152525196,1103.2153576292355,1071.0820981577465,1543.1373246178632,0
2026-01-01 12:00:00,WELL-002,PUMP-002,175.31071230283646,88.5656098395898,9.277206195108308,936.6369004676269,1163.750203108516,1430.188516094912,0
2026-01-01 13:00:00,WELL-002,PUMP-002,168.4291100168383,67.60277888430139,4.25553994387208,1341.7152696320582,1111.8634813381075,1500.356666823658,0
2026-01-01 14:00:00,WELL-002,PUMP-002,147.78691304670843,77.25445687606258,3.2156810779042826,1220.7360261765198,1180.013066524448,1507.5303775296534,0
2026-01-01 15:00:00,WELL-002,PUMP-002,156.25704001225168,71.04550309166224,3.0320882322670166,1336.5587847399954,1085.5296651913927,1429.2393116047365,0
2026-01-01 16:00:00,WELL-002,PUMP-002,154.47760377929137,75.93769392206981,4.102625980857879,1193.957053759237,1233.2082863379453,1502.7206056109706,0
2026-01-01 17:00:00,WELL-002,PUMP-002,142.1135695306574,73.57922451035601,4.216857717126163,1321.5717750059098,1083.8998383963255,1467.57399501761,0
2026-01-01 18:00:00,WELL-002,PUMP-002,144.50218775268792,66.10285275574186,4.274156677427639,1311.1284237062475,1144.9041509832527,1379.097003901553,0
2026-01-01 19:00:00,WELL-002,PUMP-002,154.77152910065402,71.82857076155298,3.358418007673417,1309.5348568252027,1209.5082258475593,1463.3409198147701,0
2026-01-01 20:00:00,WELL-002,PUMP-002,137.93449716516858,69.21510762428854,3.4861850873320996,1191.7057546443368,1159.5594018140882,1427.298320984028,0
2026-01-01 21:00:00,WELL-002,PUMP-002,152.0692891828431,76.0636988792883,3.9697242409691436,1215.509954433992,1208.5636992785728,1477.5398786136832,0
2026-01-01 22:00:00,WELL-002,PUMP-002,152.65188209617406,75.7088292948054,2.819362170376106,1348.381937961755,1335.4478657608179,1450.4414069133697,0
2026-01-01 23:00:00,WELL-002,PUMP-002,147.11968584994415,71.35961451072339,3.724009135826839,1274.9902568373257,1263.491461579149,1387.1065922045557,0
2026-01-02 00:00:00,WELL-002,PUMP-002,156.5349437562581,72.86865721661788,3.741151373104354,1192.2429338299896,1239.1868269919648,1507.5609820392806,0
2026-01-02 01:00:00,WELL-002,PUMP-002,149.48249115973985,75.36437049007758,3.5439181946010168,1237.9805608961392,1263.4195247974944,1445.8141020075393,0
2026-01-02 02:00:00,WELL-002,PUMP-002,152.71113278574816,73.32931775770079,2.693210583518345,1266.9280304470806,1186.3770606624287,1540.3267335729668,0
2026-01-02 03:00:00,WELL-002,PUMP-002,160.20312590399212,74.24142783211386,3.8200155468232695,1317.1574803614724,1265.2736298227978,1502.8684152689113,0
2026-01-02 04:00:00,WELL-002,PUMP-002,152.89132419017582,78.04114447653656,3.367434643097144,1175.748588937676,1185.0907239182302,1459.364777491161,0
2026-01-02 05:00:00,WELL-002,PUMP-002,142.66943264741263,70.8153964810186,3.4157749646567983,1274.6090134551357,1143.2803090363063,1517.6101339433571,0
2026-01-02 06:00:00,WELL-002,PUMP-002,150.1911607758904,73.67914495042334,3.46344930033753,1267.7182158140733,1084.221174289206,1387.3352186348368,0
2026-01-02 07:00:00,WELL-002,PUMP-002,158.10109927715257,74.2092307781384,5.44585578175684,1434.633300049289,1167.2985651526737,1444.6831498734343,0
2026-01-02 08:00:00,WELL-002,PUMP-002,137.57257761226566,83.72935668067578,4.339570004762031,1219.4454182619709,1215.7159351618725,1425.7604661821554,0
2026-01-02 09:00:00,WELL-002,PUMP-002,140.40241977307753,63.41928068515561,4.0148085171812875,1183.7442981627812,1038.7058494927953,1457.2531872979691,0
2026-01-02 10:00:00,WELL-002,PUMP-002,178.70302113793946,97.76349216028572,9.332165924768123,1174.4125392555197,963.3079786255836,1429.5682043731665,1
2026-01-02 11:00:00,WELL-002,PUMP-002,151.19535578807358,73.5580389984985,3.4280352358241166,1309.232569790179,1182.3730548887822,1397.9076227279736,0
2026-01-02 12:00:00,WELL-002,PUMP-002,161.43086166250853,67.62933933978947,3.148443396009347,1276.3285422968104,1267.698984409924,1427.5887691849925,0
2026-01-02 13:00:00,WELL-002,PUMP-002,165.23546806539792,71.9730353803623,4.183049312393425,1252.241033228711,1165.1299749062673,1525.210714141496,0
2026-01-02 14:00:00,WELL-002,PUMP-002,152.5766584861359,74.94453998025699,3.012191376643922,1315.8623932542164,1195.8033066178227,1450.880662596683,0
2026-01-02 15:00:00,WELL-002,PUMP-002,152.3072891897285,72.18653987779884,2.6473081159126273,1208.629033564099,1143.2227791254138,1501.4941269565165,0
2026-01-02 16:00:00,WELL-002,PUMP-002,143.7439720599117,71.20148441259856,2.4373588681471454,1287.7233904334564,1051.8198585163154,1388.5778084367118,0
2026-01-02 17:00:00,WELL-002,PUMP-002,149.87265723998206,79.58005159895545,3.0666386698076677,1225.0410393081597,1106.057040048598,1397.0748139502093,0
2026-01-02 18:00:00,WELL-002,PUMP-002,153.71495890837258,72.24724034145756,3.689814992921687,1179.1801051100622,1192.6743919939759,1515.1639018658032,0
2026-01-02 19:00:00,WELL-002,PUMP-002,148.37666029591645,76.10175914636773,4.44191986175598,1255.4909638742172,1135.2538607103907,1405.4555194028972,0
2026-01-02 20:00:00,WELL-002,PUMP-002,138.8916595693503,66.99864447748145,2.769630384667712,1262.7570005443304,1117.5048739155682,1475.6807232115548,0
2026-01-02 21:00:00,WELL-002,PUMP-002,161.56691727713624,75.08157800842888,3.9742271150257116,1354.0421486876805,1191.4383831815683,1390.2188114572393,0
2026-01-02 22:00:00,WELL-002,PUMP-002,139.88401274436026,66.03446773732712,3.2703096862322187,1240.1016842980132,1152.1624214469778,1390.7984720888721,0
2026-01-02 23:00:00,WELL-002,PUMP-002,153.22775134486335,72.2532007253228,4.288867895357902,1204.7590969425883,1263.80305392357,1376.196645411414,0
2026-01-03 00:00:00,WELL-002,PUMP-002,159.4551287436797,77.40454046374448,3.378485463761102,1207.7362362669617,1252.526135573238,1378.8512537369163,0
2026-01-03 01:00:00,WELL-002,PUMP-002,152.38083954237698,69.57814395771439,3.2341430756263576,1344.5409116529195,1160.5316538782133,1433.1405931104414,0
2026-01-03 02:00:00,WELL-002,PUMP-002,157.83111646845424,68.14128435368247,4.465268513440624,1316.2583752147698,1256.3603169422588,1426.853024398737,0
2026-01-03 03:00:00,WELL-002,PUMP-002,161.28171043851526,74.27461702148184,3.3032348478395845,1314.086477103055,1102.3033014074626,1507.3530688920216,0
2026-01-03 04:00:00,WELL-002,PUMP-002,138.83368638246012,77.956746208792,3.0656058009544345,1234.368771905838,1148.3635439661687,1410.5330747140163,0
2026-01-03 05:00:00,WELL-002,PUMP-002,141.50965174630815,74.77267511935497,3.7837502507152974,1232.9222291200465,1226.3908078563486,1409.643000851033,0
2026-01-03 06:00:00,WELL-002,PUMP-002,151.119097862713,79.98059107455565,2.6658668449079226,1262.6209151435016,1103.1842176720254,1376.153753623405,0
2026-01-03 07:00:00,WELL-002,PUMP-002,153.0499541318246,74.32036355072117,3.870865461524353,1370.7566154726153,1163.177023379689,1366.5066166663134,0
2026-01-03 08:00:00,WELL-002,PUMP-002,152.4136000712139,75.87768114789299,2.3937238499115523,1178.7745721584101,1175.5145565095897,1476.8145454758594,0
2026-01-03 09:00:00,WELL-002,PUMP-002,155.5865665260496,73.73524150387118,4.4080017670134355,1281.8422423969496,1142.121223922561,1503.343504418802,0
2026-01-03 10:00:00,WELL-002,PUMP-002,146.8555779435088,80.0081591260428,4.336072716514659,1306.8439281838228,1210.0538575961214,1468.9819824192982,0
2026-01-03 11:00:00,WELL-002,PUMP-002,149.00458141514866,72.15486318862403,3.1673972196120013,1405.1990713181067,1128.061160033564,1514.5817613380223,0
2026-01-03 12:00:00,WELL-002,PUMP-002,154.6872336093172,71.31614932026189,2.6508396848454874,1267.4827233928756,1250.6630252017178,1407.7529280703252,0
2026-01-03 13:00:00,WELL-002,PUMP-002,142.92673216044986,62.057916838979,3.5358607024239697,1325.9618334368806,1109.0335847152096,1492.3966086676633,0
2026-01-03 14:00:00,WELL-002,PUMP-002,147.89872383747067,73.31806527294432,4.076182877768883,1286.9986899253483,1097.444161485717,1458.6127193205518,0
2026-01-03 15:00:00,WELL-002,PUMP-002,162.14974682173434,78.29196255961246,2.383731200045416,1319.1394891787381,1140.0038023307907,1459.8281773821232,0
2026-01-03 16:00:00,WELL-002,PUMP-002,147.20448538226435,71.1371562562188,3.7274918712356744,1348.4177740520631,1138.211799929525,1330.484781626528,0
2026-01-03 17:00:00,WELL-002,PUMP-002,156.8273716119369,73.15306633968157,3.5581821060565098,1238.4569645890608,1156.9739140249887,1467.9651290042877,0
2026-01-03 18:00:00,WELL-002,PUMP-002,173.95336760093167,89.224760869832,11.242197696017588,1095.6014595495592,974.0451703112608,1419.4307376305685,0
2026-01-03 19:00:00,WELL-002,PUMP-002,150.39446665216178,78.84419837984449,3.1350640955331444,1279.0492502195618,1201.7776993800237,1355.5175353951925,0
2026-01-03 20:00:00,WELL-002,PUMP-002,140.79862351748488,76.7331809828292,4.374815165338595,1130.30406767392,1185.3888198985007,1456.2036362859747,0
2026-01-03 21:00:00,WELL-002,PUMP-002,154.54482564102918,69.75172250545029,4.317537711627471,1381.249165079063,1400.643971415846,1393.82529833802,0
2026-01-03 22:00:00,WELL-002,PUMP-002,138.70164544056115,75.4509131874845,3.1868559499369824,1290.5501965112448,1171.1183500128463,1408.7007910986742,0
2026-01-03 23:00:00,WELL-002,PUMP-002,136.4865356962619,72.6436812964874,2.3147073372697173,1310.0879563605847,1035.4441867620576,1451.422879059158,0
2026-01-04 00:00:00,WELL-002,PUMP-002,149.76206676675693,72.26944498630715,3.8581173086445575,1231.4156405011065,1182.0476035791312,1436.4861619494918,0
2026-01-04 01:00:00,WELL-002,PUMP-002,143.09205116028053,74.84398255530458,3.5108101232266677,1287.8104276674724,1084.3199145703422,1479.6283636923665,0
2026-01-04 02:00:00,WELL-002,PUMP-002,143.91665440150902,74.36631982107046,3.070962067617544,1201.2079389702462,1290.2772631839316,1451.4395406869241,0
2026-01-04 03:00:00,WELL-002,PUMP-002,142.12005499346387,75.99340004773704,3.4525595948812664,1203.6700712291404,1146.3416347341615,1484.8083998579646,0
2026-01-04 04:00:00,WELL-002,PUMP-002,149.51118468998908,72.23970999111299,4.51074784761014,1397.5118953601561,1093.5303653663607,1393.89233810595,0
2026-01-04 05:00:00,WELL-002,PUMP-002,143.75074897495108,73.70099929616244,4.459122867257805,1314.1702766894496,1240.3556458320884,1379.1886472103677,0
2026-01-04 06:00:00,WELL-002,PUMP-002,162.96780772999512,74.43459832056882,2.921849933281975,1157.6107216260334,1241.153995145217,1448.4798616734752,0
2026-01-04 07:00:00,WELL-002,PUMP-002,137.0729057007162,76.49823843918674,4.0594609225728,1216.7919768829304,1229.0490428484409,1590.7327222236277,0
2026-01-04 08:00:00,WELL-002,PUMP-002,160.9603492893679,66.83561080754814,3.6411907768634597,1206.7917525120972,1188.6909613679911,1485.4892145291844,0
2026-01-04 09:00:00,WELL-002,PUMP-002,161.6975675097411,77.24317882257263,4.0771923134431045,1231.0390423989897,1232.4930167596597,1463.9633919108262,0
2026-01-04 10:00:00,WELL-002,PUMP-002,146.83083128050143,71.16244176616283,3.958218629508828,1340.1899208356444,1116.0003082442352,1421.2027594288136,0
2026-01-04 11:00:00,WELL-002,PUMP-002,137.6993216284066,74.27547710459284,3.232433771683304,1259.051236564242,1154.5818337191104,1349.6271569627495,0
2026-01-04 12:00:00,WELL-002,PUMP-002,169.36708373055427,95.44166602993857,9.796526694401173,1254.7054987285583,973.7863165578104,1452.4835528150131,1
2026-01-04 13:00:00,WELL-002,PUMP-002,148.35100394197886,78.80160937674928,3.392110021171976,1262.9425530081007,1191.692590050845,1470.8697565366958,0
2026-01-04 14:00:00,WELL-002,PUMP-002,149.09215483294287,76.10779236812105,4.240851148426877,1167.4435806324452,1221.684362834748,1420.5052621768555,0
2026-01-04 15:00:00,WELL-002,PUMP-002,148.7075521309929,71.87561791117226,2.9117555541211773,1162.85200027316,1264.8511081985232,1425.3427572122926,0
2026-01-04 16:00:00,WELL-002,PUMP-002,148.3971793776467,76.15921046067425,4.187618086485239,1187.8102812123275,1289.1152429147826,1373.4769295128312,0
2026-01-04 17:00:00,WELL-002,PUMP-002,143.27514058024286,78.74974985325623,3.4128492234470067,1224.355233397905,1091.0005456012404,1445.080350862438,0
2026-01-04 18:00:00,WELL-002,PUMP-002,145.13882923701223,74.3134451710556,4.074674968683743,1266.6082681120502,1201.537365738078,1395.2240305577218,0
2026-01-04 19:00:00,WELL-002,PUMP-002,163.57945745069415,71.5955854774605,3.5816826440787723,1040.3463232255158,1160.2738333519294,1454.924917401234,0
2026-01-04 20:00:00,WELL-002,PUMP-002,149.5526364118223,76.68978764116059,4.034782212121853,1250.338388719532,1223.3220408616207,1531.917986613547,0
2026-01-04 21:00:00,WELL-002,PUMP-002,148.9541034662941,80.52470961115486,2.0855994652403127,1208.8041175498286,1126.3933013958901,1448.2739100084345,0
2026-01-04 22:00:00,WELL-002,PUMP-002,157.92132991167432,73.91434462526898,3.8159220102033844,1211.807143504576,1134.5121180151796,1454.2084115092848,0
2026-01-04 23:00:00,WELL-002,PUMP-002,135.10439892100763,75.56160582734906,4.187706956422916,1242.1610842623447,1113.4111424803189,1419.8054942172107,0
2026-01-05 00:00:00,WELL-002,PUMP-002,157.8910120472475,71.44013386370538,2.57431806905426,1237.1495104379605,1146.1078234125885,1401.6876840123373,0
2026-01-05 01:00:00,WELL-002,PUMP-002,139.36651893324094,74.6940578111049,3.440665140561845,1328.0542676350522,1111.9493321258137,1499.1159741377721,0
2026-01-05 02:00:00,WELL-002,PUMP-002,146.1699314278265,76.79737898773563,4.909445472020455,1192.7165250979328,1150.8362286069175,1446.8438493444376,0
2026-01-05 03:00:00,WELL-002,PUMP-002,148.7206718173165,79.68252058365243,2.475128363235122,1461.015591037112,1242.527123985699,1437.2279892922395,0
2026-01-05 04:00:00,WELL-002,PUMP-002,158.77840150034967,67.17175984197202,1.6954205961837459,1295.6943524975368,1197.05600565919,1395.4895796600285,0
2026-01-05 05:00:00,WELL-002,PUMP-002,144.59348823173343,67.14210960660411,3.023728085588618,1261.9484961172627,1165.6340132210933,1391.3421720483614,0
2026-01-05 06:00:00,WELL-002,PUMP-002,143.14518507897762,69.36973019544475,3.3461955929765046,1206.956179320789,1235.8490645927036,1357.0331614169972,0
2026-01-05 07:00:00,WELL-002,PUMP-002,147.43629960192285,75.12381769047902,3.2964578196442273,1118.5957317093503,1256.4362319902702,1495.1719431243903,0
2026-01-05 08:00:00,WELL-002,PUMP-002,152.59566883482015,65.98068603718818,2.0648262774121857,1317.581950062536,1179.610779444635,1508.925634489921,0
2026-01-05 09:00:00,WELL-002,PUMP-002,151.953687220374,67.3943502415271,3.5901731789460642,1404.555229980727,1270.063806707247,1419.5007689240729,0
2026-01-05 10:00:00,WELL-002,PUMP-002,137.49572554742997,69.1027016774611,4.361052439533341,1222.2158168833726,1281.729283322978,1446.0884670470741,0
2026-01-05 11:00:00,WELL-002,PUMP-002,183.31045811689,89.93236687422284,7.826367261128775,947.2599582591363,874.1257860146195,1451.6165116397788,0
2026-01-05 12:00:00,WELL-002,PUMP-002,158.4561302635851,75.99397294169427,4.478943042592854,1299.7556648761768,1127.0011207228765,1438.114447892706,0
2026-01-05 13:00:00,WELL-002,PUMP-002,157.98105661536195,73.56602882130865,3.9557089324916648,1226.659309419317,1175.8121699529067,1474.6780102167145,0
2026-01-05 14:00:00,WELL-002,PUMP-002,165.60681441894343,76.35553517448517,4.063747647413107,1177.99566138686,1069.8585167928447,1388.9461267955967,0
2026-01-05 15:00:00,WELL-002,PUMP-002,133.82561088030442,74.49359640649233,3.140937451651372,1172.6729687211748,1175.2313602382433,1468.1985315426368,0
2026-01-05 16:00:00,WELL-002,PUMP-002,152.31722958567806,75.22935722442283,3.9674179205780775,1161.1659400598046,1233.194592013323,1526.4652097243443,0
2026-01-05 17:00:00,WELL-002,PUMP-002,173.99612696017368,92.83337866173517,8.27583036776931,1178.38177686141,972.606510988985,1428.484534002268,1
2026-01-05 18:00:00,WELL-002,PUMP-002,159.65286523891132,67.36416071705176,2.866946379093983,1260.1014188987253,1111.0741650606917,1410.3738276442393,0
2026-01-05 19:00:00,WELL-002,PUMP-002,163.19826948992642,71.40759740120055,3.148839919466276,1150.7716598279221,1200.555414170415,1446.6385218924506,0
2026-01-05 20:00:00,WELL-002,PUMP-002,144.95980016372886,78.65977751254923,3.381846915201866,1212.8335137507506,1183.1051158260925,1362.7146283570173,0
2026-01-05 21:00:00,WELL-002,PUMP-002,150.81348316357838,75.52826912513031,4.336775232926706,1166.3828510143433,1152.2523135876481,1441.5517396668745,0
2026-01-05 22:00:00,WELL-002,PUMP-002,149.8410109170535,74.46367617094529,4.23216973785063,1163.865669802319,1126.6236532597381,1501.815144603624,0
2026-01-05 23:00:00,WELL-002,PUMP-002,146.2744380790493,66.05967252480984,4.059160725389786,1337.7321815012876,1255.8744676574925,1530.204562673862,0
2026-01-06 00:00:00,WELL-002,PUMP-002,153.7843062572817,71.77213963982302,2.503349950659697,1290.2601651799605,1035.5617793264382,1434.1324753878732,0
2026-01-06 01:00:00,WELL-002,PUMP-002,151.36161639594692,79.77661901062127,3.6945552776211183,1432.259445646582,1042.3849704097115,1445.8569663732042,0
2026-01-06 02:00:00,WELL-002,PUMP-002,133.7102359771525,75.23746734125821,3.3505568932081755,1116.1684878950741,1208.2949005694131,1485.793637234548,0
2026-01-06 03:00:00,WELL-002,PUMP-002,155.19544372962451,77.90889479859445,3.253924252889146,1272.7580503571578,1252.4590241323713,1472.2782290638745,0
2026-01-06 04:00:00,WELL-002,PUMP-002,145.22696753110617,85.48969669566216,3.1846214396087693,1252.592561067211,1132.9260082795565,1461.163541796013,0
2026-01-06 05:00:00,WELL-002,PUMP-002,153.16959520307344,65.95821783791294,3.7420621177227744,1188.2631023855567,1144.9729736915697,1471.9250884782869,0
2026-01-06 06:00:00,WELL-002,PUMP-002,131.02672511312886,85.2103482646394,3.6771679643725212,1187.8800687605599,1190.998954329366,1458.8094911251346,0
2026-01-06 07:00:00,WELL-002,PUMP-002,146.75006040904378,71.91584561438864,3.8455426621594015,1238.0454811191128,1258.55424973884,1468.4886718557527,0
2026-01-06 08:00:00,WELL-002,PUMP-002,152.59472168011894,72.33637250891549,4.003798318658713,1141.398596812645,1116.9530032241264,1401.7899964288379,0
2026-01-06 09:00:00,WELL-002,PUMP-002,156.106673207471,77.55663322081178,4.298229011394836,1355.6849390682773,1204.66033109164,1406.411465597921,0
2026-01-06 10:00:00,WELL-002,PUMP-002,148.99860457293468,79.23441051942457,3.4308654604686812,1219.2045689271936,1217.8635962992694,1493.8084583595617,0
2026-01-06 11:00:00,WELL-002,PUMP-002,149.16561190897818,71.82634054866698,3.9659876170364883,1245.5092573632332,1082.7280585596504,1502.0457041403688,0
2026-01-06 12:00:00,WELL-002,PUMP-002,147.1932045593882,63.908261199744594,4.321820664592511,1163.115633430553,1267.8782526621928,1497.2934821842073,0
2026-01-06 13:00:00,WELL-002,PUMP-002,143.90856196459532,73.12733870306359,3.306809380124449,1258.7042967764326,1250.0956519403603,1463.2292268014555,0
2026-01-06 14:00:00,WELL-002,PUMP-002,135.75073268427494,63.84765990437771,3.6360105490967585,1205.0753802935499,1141.2837128160108,1484.7931919546893,0
2026-01-06 15:00:00,WELL-002,PUMP-002,152.48686552635849,67.10662399048505,3.372499181185301,1344.3158719389335,1221.7731052411295,1348.8173010993917,0
2026-01-06 16:00:00,WELL-002,PUMP-002,169.58102631271296,101.0751061875341,9.481003453323364,1061.1833665499678,1108.034881500354,1464.8288469265153,1
2026-01-06 17:00:00,WELL-002,PUMP-002,137.58790200752856,78.31025917379236,4.213158093852205,1397.9489713109106,1239.0173732626267,1508.1419288767493,0
2026-01-06 18:00:00,WELL-002,PUMP-002,143.04598115827267,73.28517416921673,3.7298492942268915,1185.619252270501,1099.751978529755,1473.2886659245412,0
2026-01-06 19:00:00,WELL-002,PUMP-002,152.58548385966566,81.41908429926781,4.276991350890174,1293.5376281872277,1239.206201079405,1475.7031276212388,0
2026-01-06 20:00:00,WELL-002,PUMP-002,178.79864863494964,89.74705435278969,9.888051524467823,1014.1474101228789,1058.6564816762502,1445.9525896878079,0
2026-01-06 21:00:00,WELL-002,PUMP-002,156.91157309815895,74.94138248395403,3.223500596121942,1220.1256243987054,1180.2716431676286,1531.1087459434927,0
2026-01-06 22:00:00,WELL-002,PUMP-002,153.1633678831043,70.21215522492395,3.146400661143583,1213.3089091119132,1239.9691736169789,1533.8688543902745,0
2026-01-06 23:00:00,WELL-002,PUMP-002,145.93813357416195,65.7029333702687,3.6374881006994677,1246.4203532195213,1107.8500948113717,1397.8192794932181,0
2026-01-07 00:00:00,WELL-002,PUMP-002,137.33129288169937,77.06499456068899,3.371559381363283,1280.3524318084087,1228.333088028506,1463.2808496586267,0
2026-01-07 01:00:00,WELL-002,PUMP-002,149.60636067061304,77.44541939075371,3.590523122765282,1280.4245473921235,1115.0455090383848,1420.4662719057574,0
2026-01-07 02:00:00,WELL-002,PUMP-002,148.57665699356482,70.43594540351744,3.2495417708063408,1277.5243137250773,1204.383921747229,1405.1084966787184,0
2026-01-07 03:00:00,WELL-002,PUMP-002,160.77314745147586,68.69394074073846,4.6836864528308535,1283.2141281858458,1252.3723552347874,1523.3535817521658,0
2026-01-07 04:00:00,WELL-002,PUMP-002,149.57514558642472,72.24509098230875,3.6008092043195172,1325.6169227689186,1215.0582113702949,1406.076309932897,0
2026-01-07 05:00:00,WELL-002,PUMP-002,141.27282728021785,78.97150565988503,3.3908648488919773,1261.0552509427212,1188.8964924189959,1454.348510878768,0
2026-01-07 06:00:00,WELL-002,PUMP-002,141.67845024147283,84.72597537138466,2.4073483584233024,1202.1865853396114,1205.9148322959218,1479.2157083217655,0
2026-01-07 07:00:00,WELL-002,PUMP-002,148.98029625426094,73.81132461480807,3.6397227846441504,1307.6617667870573,1112.8716629525886,1493.6459173666644,0
2026-01-07 08:00:00,WELL-002,PUMP-002,149.36489260475437,73.49767025639647,2.8966391745863205,1278.8131347156614,1142.3647969554129,1482.770191492512,0
2026-01-07 09:00:00,WELL-002,PUMP-002,163.0315058051486,66.96052596785465,3.3534314361340796,1284.7436860796288,1131.9564207145622,1407.8299225771482,0
2026-01-07 10:00:00,WELL-002,PUMP-002,161.6169415934605,75.07074632482879,3.142153155218672,1226.0654582058053,1236.6243488574903,1420.7772354074782,0
2026-01-07 11:00:00,WELL-002,PUMP-002,147.96717236771556,71.68546663860067,3.5168472644287943,1258.3382351302726,1096.918313928415,1435.0796864038077,0
2026-01-07 12:00:00,WELL-002,PUMP-002,145.4688432702822,79.15808393090202,3.6256820501886637,1171.2372759614425,1179.583170355109,1489.2001389655375,0
2026-01-07 13:00:00,WELL-002,PUMP-002,164.20869824304052,72.69612493134173,3.0382625713009253,1293.784213982158,1275.4857356225511,1381.0598347707387,0
2026-01-07 14:00:00,WELL-002,PUMP-002,154.36629370825884,64.14214297619776,3.49513207903295,1262.6471380258547,1160.5719020579113,1514.563691950794,0
2026-01-07 15:00:00,WELL-002,PUMP-002,157.41185500084174,76.1433151406836,4.537931239210067,1131.8388109748457,1098.5299597568123,1541.5811142329194,0
2026-01-07 16:00:00,WELL-002,PUMP-002,147.23868235640163,77.44627267538164,3.91181213300872,1182.888586077941,1184.7486959741857,1349.0036333921933,0
2026-01-07 17:00:00,WELL-002,PUMP-002,147.8750254257557,80.18257791752217,3.161790402601013,1283.221806329062,1098.014867863591,1563.69705193386,0
2026-01-07 18:00:00,WELL-002,PUMP-002,149.86711726139274,74.47090621251151,3.2278181674449904,1388.0981236508505,1117.886937880096,1488.589808861783,0
2026-01-07 19:00:00,WELL-002,PUMP-002,139.15170843884212,77.07297175270308,3.8839420405901195,1144.7291406139009,1158.5059176763903,1510.0379480768454,0
2026-01-07 20:00:00,WELL-002,PUMP-002,153.09106123078448,79.18882110773295,3.092461608084227,1016.8595208146447,1216.6256230015924,1388.9839655028013,0
2026-01-07 21:00:00,WELL-002,PUMP-002,149.94301110233332,75.89087042384718,5.161335385776566,1202.5221859410885,1302.4003139840975,1430.4634042795906,0
2026-01-07 22:00:00,WELL-002,PUMP-002,138.85811622266402,74.82724688023018,2.5299719750311915,1231.6494134515626,1162.5968902363327,1481.3306818631536,0
2026-01-07 23:00:00,WELL-002,PUMP-002,167.7243569296381,77.78367919417968,2.8550212233645094,1259.9637441619084,1124.0259123083072,1437.6143078748523,0
2026-01-08 00:00:00,WELL-002,PUMP-002,161.8556861474923,73.58390980527383,3.160654179275606,1212.2947423079106,1230.2892196430148,1442.1126508384257,0
2026-01-08 01:00:00,WELL-002,PUMP-002,154.4690122620361,61.888904227295285,2.7590925717985453,1326.6043775217508,1115.3475126173846,1460.1472025155056,0
2026-01-08 02:00:00,WELL-002,PUMP-002,153.8420840112474,69.72446162259776,3.9936696685004014,1172.987919046482,1228.4938322294201,1505.2916533147356,0
2026-01-08 03:00:00,WELL-002,PUMP-002,140.6074069471282,71.05664034424319,4.038526142182277,1340.4175817469984,1132.7959932499652,1412.8056967337209,0
2026-01-08 04:00:00,WELL-002,PUMP-002,138.4511659026419,72.58545080269741,3.450370985662104,1269.4473382128558,1246.591437100964,1476.3448961832896,0
2026-01-08 05:00:00,WELL-002,PUMP-002,153.46778265313898,72.45718873362159,3.2096077302314727,1259.892919612101,1075.2789809995402,1497.9720266041545,0
2026-01-08 06:00:00,WELL-002,PUMP-002,155.33015737634818,77.88989261819779,3.846418115063997,1239.7072442918354,1278.4854322124224,1425.794075270759,0
2026-01-08 07:00:00,WELL-002,PUMP-002,153.92063702601197,77.73827885959597,3.839783923240152,1205.590901093783,1147.5732604154225,1488.4622819779988,0
2026-01-08 08:00:00,WELL-002,PUMP-002,192.2372054201594,97.81472788856368,8.929567913874479,1148.1119548559927,1047.8356998813708,1475.8997388195726,1
2026-01-08 09:00:00,WELL-002,PUMP-002,162.74135998626306,75.09672035405877,2.7866219482790227,1246.0095876697505,1106.7715240456248,1473.6703707856234,0
2026-01-08 10:00:00,WELL-002,PUMP-002,141.32743612076618,76.7886138473612,3.5132616499099134,1294.5137364366833,1193.534694571882,1417.4448551492965,0
2026-01-08 11:00:00,WELL-002,PUMP-002,154.15096944352098,77.47902510513785,3.5009714188141645,1283.1818312631033,1292.3037375816018,1435.7452871478993,0
2026-01-08 12:00:00,WELL-002,PUMP-002,165.99097388751773,85.13869846574029,3.4009262466668964,1183.8787863003156,1220.9278297342546,1431.4887204066822,0
2026-01-08 13:00:00,WELL-002,PUMP-002,145.7219466332454,76.4748572785441,2.6016454128928133,1352.4751661333382,1133.4204391309377,1486.0951742719071,0
2026-01-08 14:00:00,WELL-002,PUMP-002,156.24939085288554,70.16807965365899,3.6567060841847057,1331.8560778678388,1166.0011971010254,1398.5416544627033,0
2026-01-08 15:00:00,WELL-002,PUMP-002,158.23530480764262,78.98350963535371,3.50910976552426,1172.0154739261727,1225.1911398521936,1450.9690618849013,0
2026-01-08 16:00:00,WELL-002,PUMP-002,158.62826836850357,73.36131424866001,1.5349936196519267,1184.5658325131626,1264.6077407584712,1448.3117609301173,0
2026-01-08 17:00:00,WELL-002,PUMP-002,136.47462697914838,70.10750227066697,5.153130646231941,1225.5511508676957,1231.1671283463352,1417.4670086315807,0
2026-01-08 18:00:00,WELL-002,PUMP-002,163.98102878875784,91.61412554907307,8.176147644243857,1054.8686276090305,880.4713134743563,1430.7157667974734,1
2026-01-08 19:00:00,WELL-002,PUMP-002,149.20639717654754,76.88255069085311,2.983709555970299,1185.1219492859423,1290.7788478518773,1437.1224214427348,0
2026-01-08 20:00:00,WELL-002,PUMP-002,161.41844291431374,72.90282623670724,3.953893012589659,1096.8751943530026,1226.161586877953,1409.802579263626,0
2026-01-08 21:00:00,WELL-002,PUMP-002,147.159026756076,77.07412241017937,3.2950540206689856,1319.3754449535152,1114.2208181223493,1507.8776595837655,0
2026-01-08 22:00:00,WELL-002,PUMP-002,148.7335561759227,74.08073053420395,2.9925961373035324,1248.8720827274662,1175.6146244514725,1462.0620124203365,0
2026-01-08 23:00:00,WELL-002,PUMP-002,136.33729659088365,76.66234041879436,4.10395742916662,1352.5708592288104,1153.5153682180164,1457.265902766287,0
2026-01-09 00:00:00,WELL-002,PUMP-002,154.70284710510188,78.09869392351435,2.3532098650024977,1257.4383397223528,1147.205272064778,1412.0617371032313,0
2026-01-09 01:00:00,WELL-002,PUMP-002,151.98229744841666,83.00649165888794,3.3809093248909634,1179.4482702765492,1193.0801791562449,1479.4559089386328,0
2026-01-09 02:00:00,WELL-002,PUMP-002,132.57430944214855,72.35266518246496,3.1628947403889804,1288.3488762743539,996.2628060538121,1577.450485435886,0
2026-01-09 03:00:00,WELL-002,PUMP-002,150.88214014867725,78.0838054658649,3.1180967824102823,1254.554113669662,1132.5966833642694,1470.7775370737115,0
2026-01-09 04:00:00,WELL-002,PUMP-002,146.19363644796078,70.86944004142728,3.0877915401803016,1141.9555228525614,1174.6889984520483,1365.7666211386806,0
2026-01-09 05:00:00,WELL-002,PUMP-002,145.7260778242966,75.75455481812534,3.5267646346605734,1350.5663814784857,1361.6017129341878,1506.8769506575318,0
2026-01-09 06:00:00,WELL-002,PUMP-002,145.1359508565014,69.92760136646294,2.6959567573256393,1284.5773352607403,1132.30338354513,1498.3913012012601,0
2026-01-09 07:00:00,WELL-002,PUMP-002,153.56083403866165,71.00539672040618,4.22367106086457,1298.7340186752192,1192.005668373639,1469.5470299140459,0
2026-01-09 08:00:00,WELL-002,PUMP-002,155.0596337331384,72.62910912448018,3.036936825564275,1378.7616532620777,1195.9247113012439,1481.798387535587,0
2026-01-09 09:00:00,WELL-002,PUMP-002,141.89576390701728,66.56388125032149,3.4969372546608417,1197.4068965031292,1162.2091953131105,1401.6633540927776,0
2026-01-09 10:00:00,WELL-002,PUMP-002,155.367289986215,78.01895260138947,3.26487394076788,1168.5788552738438,1108.0817513931793,1431.3365877029344,0
2026-01-09 11:00:00,WELL-002,PUMP-002,142.78803914484675,78.0168658647366,3.012847004535204,1228.039016036086,1117.2708672419242,1465.1718593124913,0
2026-01-09 12:00:00,WELL-002,PUMP-002,145.85397888911038,81.62638045218519,3.9962692571394607,1262.6379449801161,1090.9656699221093,1460.569828373533,0
2026-01-09 13:00:00,WELL-002,PUMP-002,153.36770821701924,80.0082675168855,4.034313306587281,1279.2727470331863,1186.853961632605,1405.049372230785,0
2026-01-09 14:00:00,WELL-002,PUMP-002,154.6991335984481,82.07093644165545,3.7684363622413852,1209.901271376783,1148.6020014430496,1461.9277476886868,0
2026-01-09 15:00:00,WELL-002,PUMP-002,145.98307056108763,69.9637507077202,3.4693636009310107,1230.2491682745047,1330.1525494538096,1494.7338571219066,0
2026-01-09 16:00:00,WELL-002,PUMP-002,146.3218830733562,77.71695413935905,3.501888636143796,1348.3992294750947,1248.787819993896,1379.9964638408496,0
2026-01-09 17:00:00,WELL-002,PUMP-002,167.64423654612332,80.99668390464126,2.744560624441552,1312.9613255712713,1251.664341113457,1429.828115068932,0
2026-01-09 18:00:00,WELL-002,PUMP-002,151.9216467515698,81.26566412384122,3.9739518333085115,1327.5655220602325,1202.8798780427305,1380.5350634894505,0
2026-01-09 19:00:00,WELL-002,PUMP-002,153.83553353394615,74.65123285385602,2.81943172811226,1237.8612993263594,1216.612774307449,1443.598656600838,0
2026-01-09 20:00:00,WELL-002,PUMP-002,144.75449824430845,73.82144377571666,2.9363220548084104,1339.5395934051276,1159.3880969688375,1522.6377772563092,0
2026-01-09 21:00:00,WELL-002,PUMP-002,145.56825161138042,81.54358339461142,2.2566243882965367,1173.8463887816627,1210.7347989123118,1337.7566613053637,0
2026-01-09 22:00:00,WELL-002,PUMP-002,153.1168361927359,63.89789495532437,2.781220142469643,1320.966382115703,1200.0741878667811,1442.6397360657202,0
2026-01-09 23:00:00,WELL-002,PUMP-002,164.863430080466,79.85402426268601,3.5504638927330943,1223.1834197392466,1391.0298196511546,1481.3297399997948,0
2026-01-10 00:00:00,WELL-002,PUMP-002,149.0815820099275,77.8338586309209,3.105576467603165,1246.0827975313239,1229.7987405625847,1605.645510052192,0
2026-01-10 01:00:00,WELL-002,PUMP-002,144.3447617668992,77.60751262784926,3.3966019059652606,1141.195627646592,1111.3227400235185,1408.4849734007896,0
2026-01-10 02:00:00,WELL-002,PUMP-002,181.16094719114255,88.00180396839873,8.336380855183169,1000.5620015675609,1046.6196569598112,1486.6773906752933,0
2026-01-10 03:00:00,WELL-002,PUMP-002,133.1620039542479,85.21088955267365,3.593194999519641,1281.851781209803,1175.9464575086163,1413.2441599637707,0
2026-01-10 04:00:00,WELL-002,PUMP-002,130.2275207334859,66.6210410828175,2.4042884903499737,1333.788139396244,1180.9787271178527,1386.8975488391832,0
2026-01-10 05:00:00,WELL-002,PUMP-002,158.81076033442795,98.1659130797806,9.45261597640556,1109.4870215795545,1018.7059984297052,1569.7180950291227,1
2026-01-10 06:00:00,WELL-002,PUMP-002,153.992766529102,66.53864584178336,3.3977685407670823,1184.974112773075,1237.9641170425316,1503.5540250201402,0
2026-01-10 07:00:00,WELL-002,PUMP-002,149.882508684865,65.99248501745961,3.101477393632261,1097.4982142399435,1210.04246839125,1491.581877947579,0
2026-01-10 08:00:00,WELL-002,PUMP-002,173.0167464816822,96.49200493990855,7.354269427260441,1030.4040535664376,1065.9355488121605,1450.9729127759442,0
2026-01-10 09:00:00,WELL-002,PUMP-002,155.94921420432138,73.97561668067641,3.518837519319666,1378.606264511961,1178.5607609854644,1464.4591836559362,0
2026-01-10 10:00:00,WELL-002,PUMP-002,146.50234042441693,66.87109200962408,3.036551005393647,1321.163298493522,1291.180590643846,1482.5637522059344,0
2026-01-10 11:00:00,WELL-002,PUMP-002,150.33029964469952,80.18579449329121,3.700663108909113,1368.2457518685155,1110.4487339084176,1456.7962283609174,0
2026-01-10 12:00:00,WELL-002,PUMP-002,136.13224401571048,76.10746653566416,3.5518581134525253,1216.0716947532721,1214.4340876705971,1452.0562534320939,0
2026-01-10 13:00:00,WELL-002,PUMP-002,170.88547492110808,85.41050448800425,8.151908449092737,951.2195466985831,942.3558352265832,1535.205103902956,0
2026-01-10 14:00:00,WELL-002,PUMP-002,143.86508769596358,75.3403613462431,4.117261394854088,1290.134803613503,1197.3827599761119,1453.9058867618007,0
2026-01-10 15:00:00,WELL-002,PUMP-002,150.25999890310288,79.02796917497588,3.545250645567476,1168.0057546731387,1197.2704972089025,1400.2351653104745,0
2026-01-10 16:00:00,WELL-002,PUMP-002,149.6808449299863,67.97880216869206,3.419491873593845,1291.548699651031,1297.1354762306767,1420.527380003064,0
2026-01-10 17:00:00,WELL-002,PUMP-002,144.12157034231714,66.71653740220205,3.304902360547025,1175.0306363809013,1134.4779024096536,1480.5186849862644,0
2026-01-10 18:00:00,WELL-002,PUMP-002,147.81016598266592,74.92864823525306,3.5897587745112727,1257.8261739766338,1210.5204042655805,1492.191975482087,0
2026-01-10 19:00:00,WELL-002,PUMP-002,154.1640150646158,77.13051565491699,3.5243684521793197,1364.6068894580237,1220.787656911063,1427.4660491751133,0
2026-01-10 20:00:00,WELL-002,PUMP-002,144.46119380612964,71.70480362555678,3.155539594829841,1292.9131119913075,1252.3716738446947,1429.62699463542,0
2026-01-10 21:00:00,WELL-002,PUMP-002,156.38447898681875,69.11664085464969,3.438720165055579,1329.1959231974834,1094.447675439429,1470.9855410179339,0
2026-01-10 22:00:00,WELL-002,PUMP-002,143.04570410409085,74.94566431482514,3.5824114876442215,1483.4538844048075,1167.1097929021757,1393.4910635257659,0
2026-01-10 23:00:00,WELL-002,PUMP-002,170.40939402002118,78.25111196703472,2.971145056299588,1362.3332752080316,1110.5569507456007,1422.3152423432264,0
2026-01-11 00:00:00,WELL-002,PUMP-002,146.68298479542509,70.02413020050382,3.8298099117741558,1394.114407941319,1088.8888412037668,1357.3490758551216,0
2026-01-11 01:00:00,WELL-002,PUMP-002,153.68043473157155,76.13252676057644,3.027514817067347,1138.4515466664614,1249.422524181259,1458.9535265728598,0
2026-01-11 02:00:00,WELL-002,PUMP-002,147.0484844877483,76.06904396970532,2.9492143372335584,1388.493570541384,1135.5213083839885,1447.935365649636,0
2026-01-11 03:00:00,WELL-002,PUMP-002,148.17577576172096,82.19413189727112,2.965847347970808,1128.2068244586608,1210.4965196519902,1481.0039999223168,0
2026-01-11 04:00:00,WELL-002,PUMP-002,147.3538008318156,72.44919593174892,3.589673653797986,1311.660016769503,1346.7199472212783,1491.3618053828711,0
2026-01-11 05:00:00,WELL-002,PUMP-002,150.84207760818668,81.9410046942708,3.9346127067594074,1254.8925167948569,1233.2016059708724,1430.2922114407602,0
2026-01-11 06:00:00,WELL-002,PUMP-002,152.32771784109954,72.46495670364972,3.1916596240106943,1154.08388816049,1304.9342527429567,1450.6725182309647,0
2026-01-11 07:00:00,WELL-002,PUMP-002,146.75199468873205,62.266339441189075,4.292450076695697,1263.550004101729,1211.0617503888864,1426.3361923910877,0
2026-01-11 08:00:00,WELL-002,PUMP-002,164.4608680621541,77.53078827730356,2.8663815200199996,1229.4443899902574,1201.548266075972,1553.4113020752911,0
2026-01-11 09:00:00,WELL-002,PUMP-002,155.41182935018432,73.65323947636621,3.02220401280229,1263.4250595740632,1290.702460643833,1434.5170093907157,0
2026-01-11 10:00:00,WELL-002,PUMP-002,157.77645572591777,74.93347682310683,3.1401067860080905,1125.2970403980926,1237.3561287697585,1471.1944741221994,0
2026-01-11 11:00:00,WELL-002,PUMP-002,146.792678451647,79.07882582494996,3.171808349926737,1195.9929936831606,1073.107125742568,1424.826882804947,0
2026-01-11 12:00:00,WELL-002,PUMP-002,146.70016790489652,71.30651250835218,2.5237970474799507,1411.8072184455584,1267.677851172046,1411.0490289240008,0
2026-01-11 13:00:00,WELL-002,PUMP-002,143.8795013367126,80.84704116078231,3.1049540389289954,1286.9963188901702,1154.604957072608,1406.5611824503171,0
2026-01-11 14:00:00,WELL-002,PUMP-002,139.3131007666511,78.62068279657248,4.2744550544734565,1457.0327178824548,1096.0192314436852,1484.9459842540396,0
2026-01-11 15:00:00,WELL-002,PUMP-002,158.90542634640568,69.53446219699939,3.8658974465980958,1083.6293374202369,1227.4045964945128,1396.0224794180285,0
2026-01-11 16:00:00,WELL-002,PUMP-002,162.95030111728695,77.07913314727672,2.7698619737958996,1359.070121083067,1137.6390635075802,1495.5209249842785,0
2026-01-11 17:00:00,WELL-002,PUMP-002,144.50450865644598,81.96327444142025,3.2689779185442673,1100.5598490663406,1320.9589242131951,1478.112514158486,0
2026-01-11 18:00:00,WELL-002,PUMP-002,148.33065303023628,73.43665777133822,4.014739295174806,1294.2855624854235,1161.9889999567547,1504.105615649657,0
2026-01-11 19:00:00,WELL-002,PUMP-002,137.99625829773586,73.26645233561999,4.084307754355891,1190.2521392806332,1313.5108485498588,1378.195424373247,0
2026-01-11 20:00:00,WELL-002,PUMP-002,144.7464852349807,73.69845479364281,2.5939752728088488,1232.356941667477,1166.4406234136527,1477.0143972017847,0
2026-01-11 21:00:00,WELL-002,PUMP-002,155.2360460217851,75.46579389958826,3.6051049695854016,1172.7778928320354,1174.9891569878253,1506.578922576976,0
2026-01-11 22:00:00,WELL-002,PUMP-002,167.60169071602618,98.64196303214251,9.074613804077455,860.3672498508395,999.2597445386932,1437.2526514798205,1
2026-01-11 23:00:00,WELL-002,PUMP-002,143.82607348322574,72.51019076591079,3.19247953361207,1185.8777927916367,1155.6969453421416,1488.5401109993986,0
2026-01-12 00:00:00,WELL-002,PUMP-002,152.69230705496784,79.57466694940851,3.3488160877049062,1153.6849495361785,1249.9800362285807,1405.0915308423944,0
2026-01-12 01:00:00,WELL-002,PUMP-002,147.8015815619785,63.99378263274541,2.30066665588325,1252.7223669077346,1222.9639599052937,1468.7727928813626,0
2026-01-12 02:00:00,WELL-002,PUMP-002,153.2636552780052,76.77512808967464,4.264986429212491,1265.8199308430455,1121.9623573556169,1369.7622506044515,0
2026-01-12 03:00:00,WELL-002,PUMP-002,135.54366884054548,73.62577349665104,3.4722432696401944,1259.1281193781215,1184.3318347020995,1403.6223334594135,0
2026-01-12 04:00:00,WELL-002,PUMP-002,148.11116791264635,73.36156729335609,2.0455096297776167,1146.4235855451561,1224.9859712298412,1490.2128136473723,0
2026-01-12 05:00:00,WELL-002,PUMP-002,140.06202773160618,69.37206442984015,2.842267805078861,1244.5702894640415,1210.2142140746319,1486.9837734058917,0
2026-01-12 06:00:00,WELL-002,PUMP-002,153.56961469031583,75.09540813889883,3.18538402659105,1293.1053542544898,1226.1789838951559,1396.3410745262265,0
2026-01-12 07:00:00,WELL-002,PUMP-002,156.73837861611122,75.11597989278687,4.3106094514922,1128.99768277609,1086.8506408068351,1341.1016133902656,0
2026-01-12 08:00:00,WELL-002,PUMP-002,158.73682368815466,67.61768179189099,3.7739014011006775,1229.9551705105048,1135.9660288049117,1459.8371161882853,0
2026-01-12 09:00:00,WELL-002,PUMP-002,134.8579025792796,76.55745429398895,2.787340856049484,1218.214139795891,1217.4055429045468,1454.5546803127957,0
2026-01-12 10:00:00,WELL-002,PUMP-002,151.66444025459242,71.3843435099137,4.045287446809981,1217.3622817518997,1086.6087468696505,1435.8136247773361,0
2026-01-12 11:00:00,WELL-002,PUMP-002,143.88650570689722,79.38086965846537,3.0743413056029145,1301.567634593214,1153.2283321631496,1351.201835005419,0
2026-01-12 12:00:00,WELL-002,PUMP-002,142.1619044180482,73.01894828859449,1.6573094072605834,1312.2377890773314,1168.0477352351186,1329.6880924495051,0
2026-01-12 13:00:00,WELL-002,PUMP-002,143.83039760360566,66.13015191943936,3.088370145778892,1200.6230202681631,1187.4940217094609,1432.7426559430987,0
2026-01-12 14:00:00,WELL-002,PUMP-002,153.34858308792923,76.79767971758935,1.937391838871177,1207.9633268634484,1131.166848457366,1402.2972772947705,0
2026-01-12 15:00:00,WELL-002,PUMP-002,156.0453267099545,73.89055864353865,2.6901361583712613,1391.4535434447826,1202.3975633801615,1379.6528299743416,0
2026-01-12 16:00:00,WELL-002,PUMP-002,149.18753437061957,72.58863894899241,4.302816297669152,1330.6064546210187,1081.2700957323038,1504.2910659614372,0
2026-01-12 17:00:00,WELL-002,PUMP-002,141.70952602100985,73.98269429459847,3.4780460153942414,1302.7719998465896,1256.3128429714313,1412.5951967689177,0
2026-01-12 18:00:00,WELL-002,PUMP-002,157.6578704619895,72.08556639311982,3.733605436531842,1316.0999538138258,1186.017017161205,1420.64229204844,0
2026-01-12 19:00:00,WELL-002,PUMP-002,147.0130525999753,72.49901091452003,3.398088585393362,1380.9391969464511,1167.168950333166,1449.0102827739645,0
2026-01-12 20:00:00,WELL-002,PUMP-002,154.9575113728969,64.34581001322061,4.210508609820329,1332.8925808910803,1182.8767467353243,1479.8965517114304,0
2026-01-12 21:00:00,WELL-002,PUMP-002,151.07333132796674,77.14171025330363,3.0731226835497774,1219.2434496818328,1151.2282544447778,1501.0811492036519,0
2026-01-12 22:00:00,WELL-002,PUMP-002,138.7099599586424,74.3160154762133,3.1242652426181303,1261.5959392164368,1264.559582790227,1337.7164780863752,0
2026-01-12 23:00:00,WELL-002,PUMP-002,155.62514033776003,77.66603658949656,3.5992421961798224,1139.438594504605,1146.1468002311194,1492.0890387392005,0
2026-01-13 00:00:00,WELL-002,PUMP-002,140.24651337787844,74.47881010250983,3.027916005862169,1187.2403142088372,1305.9475731980338,1492.9447398329937,0
2026-01-13 01:00:00,WELL-002,PUMP-002,159.56425110469368,67.40515109593343,3.802749088686434,1300.1230690669554,1093.2306399743832,1374.8564695658806,0
2026-01-13 02:00:00,WELL-002,PUMP-002,144.65491255974712,71.09363750152804,3.1273171467125613,1318.9921831007116,1181.3444177602585,1380.5185164572226,0
2026-01-13 03:00:00,WELL-002,PUMP-002,148.5659917971447,74.44997250649475,4.275236200595914,1190.0662618717406,1272.0855803658073,1460.5248149460751,0
2026-01-13 04:00:00,WELL-002,PUMP-002,153.69139866366814,81.5047075651585,3.153431469281058,1249.3310311100752,1178.0013610825022,1455.9339542033845,0
2026-01-13 05:00:00,WELL-002,PUMP-002,140.140550086688,79.76230985268084,4.513513360191007,1383.5938225123712,1265.6764127202202,1440.1189766102018,0
2026-01-13 06:00:00,WELL-002,PUMP-002,163.58632313941564,63.427719606107615,4.175747708093426,1301.9154885007417,1294.8278096653128,1390.9238419167687,0
2026-01-13 07:00:00,WELL-002,PUMP-002,148.61896692567333,78.1933856994015,3.461855876488327,1133.9257687111021,1185.2903460869027,1502.443207093768,0
2026-01-13 08:00:00,WELL-002,PUMP-002,135.28478732650618,59.397279885281016,3.6259493203900943,1228.901196989492,1207.8754665994206,1437.3923267078212,0
2026-01-13 09:00:00,WELL-002,PUMP-002,172.71542374892684,90.77300860598648,7.884317959543058,1150.5723510058208,1034.2527153930796,1400.0893870744299,0
2026-01-13 10:00:00,WELL-002,PUMP-002,144.65485561337786,75.9668972596208,2.691093772743506,1251.25457891773,1313.0187897017674,1501.1528277626119,0
2026-01-13 11:00:00,WELL-002,PUMP-002,168.09359942449836,100.36362154948833,7.5102608603757055,1257.5941469511636,1219.5546115397633,1438.3147494145771,0
2026-01-13 12:00:00,WELL-002,PUMP-002,170.34483463560306,100.85519069331889,6.332755175628646,1049.030709088061,1017.3707462717432,1465.9894997278016,0
2026-01-13 13:00:00,WELL-002,PUMP-002,138.4515437265302,78.43437611601446,3.7917011587799,1223.9760860541148,1293.3869263969625,1419.0913418826367,0
2026-01-13 14:00:00,WELL-002,PUMP-002,139.83238623126175,73.10710128393423,4.039201496203504,1253.015725849914,1226.1672028712396,1538.3255900163817,0
2026-01-13 15:00:00,WELL-002,PUMP-002,150.75606122437912,69.75874418140474,3.3619848152515965,1327.6080875210123,1125.642455882104,1448.3724888456143,0
2026-01-13 16:00:00,WELL-002,PUMP-002,153.122929555163,74.23047386512656,3.3077689643379236,1107.6480855594223,1114.2022519594952,1473.8325520400278,0
2026-01-13 17:00:00,WELL-002,PUMP-002,154.8979201192553,76.9904738967664,4.393036806614857,1338.9297721206967,1204.5984668189599,1426.496425020565,0
2026-01-13 18:00:00,WELL-002,PUMP-002,151.21122438361385,76.49225906990719,3.0304408415488466,1306.5625887688627,1325.9299044861712,1399.6044152285897,0
2026-01-13 19:00:00,WELL-002,PUMP-002,147.44407943541864,77.71436674051836,3.5449167837500175,1355.489434097558,1044.915383773648,1430.1404516743285,0
2026-01-13 20:00:00,WELL-002,PUMP-002,145.13944966576355,82.84091214763663,4.36867785107472,1325.0912018143156,1167.6721296228095,1454.1493709406254,0
2026-01-13 21:00:00,WELL-002,PUMP-002,136.54617171736933,73.52248855233458,3.43608253688355,1120.4355176986076,1160.7778371435693,1493.6591570389303,0
2026-01-13 22:00:00,WELL-002,PUMP-002,149.5617731172894,70.38793507578023,3.50441760885414,1131.716245040096,1145.8656605331525,1378.1873067535942,0
2026-01-13 23:00:00,WELL-002,PUMP-002,144.1814302279818,78.6275806938769,3.598059056352279,1309.6357825645546,1182.6948939986692,1330.585377462441,0
2026-01-14 00:00:00,WELL-002,PUMP-002,144.87108591820285,89.12165295501524,2.7086189010184936,1251.6085173495278,1192.5735590842346,1517.2573810226208,0
2026-01-14 01:00:00,WELL-002,PUMP-002,148.80842164080224,77.5432890213992,3.5339481135832727,1160.3350314488819,1139.6378756279921,1413.1020721837492,0
2026-01-14 02:00:00,WELL-002,PUMP-002,160.04116630699923,72.5116373828548,2.7391179170148123,1236.5392692409966,1184.786009617736,1362.6766637210483,0
2026-01-14 03:00:00,WELL-002,PUMP-002,159.434074676881,85.01341383204296,3.671239626033012,1261.1994994109148,1141.956882492252,1431.1716689254495,0
2026-01-14 04:00:00,WELL-002,PUMP-002,149.160258339491,78.06395370791645,3.4847035228488803,1232.6272954290514,1184.0859203572527,1419.8070534381523,0
2026-01-14 05:00:00,WELL-002,PUMP-002,168.81417471177645,72.23978192418467,3.724302287001002,1318.1261056196947,1269.6150690902223,1436.783925562991,0
2026-01-14 06:00:00,WELL-002,PUMP-002,150.69613184313909,69.81928214012402,4.014042452882275,1281.843857320741,1207.6205989838954,1428.7122197674205,0
2026-01-14 07:00:00,WELL-002,PUMP-002,174.064112914974,93.58859384459663,7.354150992511954,1172.800015719089,935.5859778877622,1453.652909607478,0
2026-01-14 08:00:00,WELL-002,PUMP-002,168.89183481586403,86.09978274660851,6.884980280523479,1047.2985837947297,973.3648578155271,1466.6704506196356,0
2026-01-14 09:00:00,WELL-002,PUMP-002,160.34639596193006,84.7498752049805,2.7525545298597978,1291.800805616841,1396.292272538047,1464.0102770525098,0
2026-01-14 10:00:00,WELL-002,PUMP-002,146.92900206935374,76.0114020381061,3.48926301379499,1171.8879961068963,1176.8321988624964,1388.3449347492572,0
2026-01-14 11:00:00,WELL-002,PUMP-002,172.2814745038243,94.59481203452425,6.719295787977166,1054.6271332740707,1137.6972945173684,1416.1833424277875,0
2026-01-14 12:00:00,WELL-002,PUMP-002,144.16104330829927,84.87198372240015,2.565156358487892,1476.6796489515418,1152.6554428474053,1459.1723288109067,0
2026-01-14 13:00:00,WELL-002,PUMP-002,155.5806957627136,70.81954164890186,3.6848059413304046,1145.7724189180203,1211.644748678177,1432.2012957807083,0
2026-01-14 14:00:00,WELL-002,PUMP-002,132.52405811958553,76.36764385570882,4.0094855635593145,1148.0384714154104,1227.511982120312,1452.569270531216,0
2026-01-14 15:00:00,WELL-002,PUMP-002,149.14422824113217,84.71122797378149,2.451666999820847,1257.5696835735487,1066.2119176506558,1324.6714214731642,0
2026-01-14 16:00:00,WELL-002,PUMP-002,148.62651938104574,77.21619049042606,3.4971168882036276,1202.4990754878932,1092.0346924559667,1458.4256701166714,0
2026-01-14 17:00:00,WELL-002,PUMP-002,152.36186060032483,73.80883162472192,3.253688910362162,1395.511882576026,1262.4029474229037,1456.8373323699616,0
2026-01-14 18:00:00,WELL-002,PUMP-002,149.00382060448908,63.30913773153365,2.7253762550900476,1276.2855879741855,1200.4538106418338,1483.625984917051,0
2026-01-14 19:00:00,WELL-002,PUMP-002,151.7517113268478,70.79089184065924,2.038812600930267,1304.7330566887163,1122.9670798023517,1458.8075225943846,0
2026-01-14 20:00:00,WELL-002,PUMP-002,191.82750324460952,96.04066288853139,7.223282523053054,1118.3815790604997,1185.9132538574709,1402.6862184134984,0
2026-01-14 21:00:00,WELL-002,PUMP-002,152.50912293926257,78.3301728669493,3.9035754565231713,1391.656452058704,1059.7303756736776,1389.8598402677333,0
2026-01-14 22:00:00,WELL-002,PUMP-002,152.866756088608,69.01721035691656,2.603894133048114,1080.0841933839467,1230.4697867033944,1422.7406877636838,0
2026-01-14 23:00:00,WELL-002,PUMP-002,135.04957553374024,77.07737575753124,2.965773765043953,1300.208897007396,1116.5234591781198,1528.6153128092888,0
2026-01-15 00:00:00,WELL-002,PUMP-002,132.21140665650242,72.40965490262471,3.319411812564067,1199.4850378013452,1267.0384058031013,1511.4015104804068,0
2026-01-15 01:00:00,WELL-002,PUMP-002,138.99819905630235,74.10508279304155,3.404809289918593,1267.406362907437,1127.510625273218,1403.6502806662718,0
2026-01-15 02:00:00,WELL-002,PUMP-002,144.91567120947553,76.04161254312795,3.7162212295429167,1177.1483930254008,1268.9745728204923,1400.9968849079694,0
2026-01-15 03:00:00,WELL-002,PUMP-002,156.27174120973558,68.6592817418425,3.5578215440359973,1168.7497396225403,1064.3873282297202,1427.640030346501,0
2026-01-15 04:00:00,WELL-002,PUMP-002,138.16978300922972,83.36132952048764,3.0575720579012247,1183.26521210139,1021.3763534095502,1432.4610897199223,0
2026-01-15 05:00:00,WELL-002,PUMP-002,138.87524111254353,67.76413203129466,4.1603983669529665,1219.5349574283425,1263.3246420269488,1528.6077739951359,0
2026-01-15 06:00:00,WELL-002,PUMP-002,150.30033473189457,80.45902669537323,3.45786778308943,1048.2177666009638,1169.3622832378774,1503.0071909335636,0
2026-01-15 07:00:00,WELL-002,PUMP-002,148.53013380186556,69.510057162901,1.9616276192120667,1242.17193838279,1125.0586627549662,1538.6345830449957,0
2026-01-15 08:00:00,WELL-002,PUMP-002,160.06095245087488,77.0302806121404,3.359045437087415,1178.5187925984576,1235.8495490967498,1356.3279348022693,0
2026-01-15 09:00:00,WELL-002,PUMP-002,146.8119446569399,77.43085620732937,3.803517145904356,1409.2715706355366,1191.4146440719903,1396.874621224485,0
2026-01-15 10:00:00,WELL-002,PUMP-002,135.98098323887203,70.6963541830233,3.9034336025668295,1263.3324653887876,1262.669293371397,1470.1637281518585,0
2026-01-15 11:00:00,WELL-002,PUMP-002,155.9699883154552,71.60923769401221,3.4052947873759503,1207.1134563903317,1382.4192092969738,1463.9179083222682,0
2026-01-15 12:00:00,WELL-002,PUMP-002,159.81627677639096,67.09698029595415,4.246739096213154,1428.5199128822198,1087.5385151235878,1488.5700897451884,0
2026-01-15 13:00:00,WELL-002,PUMP-002,147.66339758714764,72.98122316410486,4.2439620843731545,1250.057672554878,1247.9995305371344,1483.8258277390496,0
2026-01-15 14:00:00,WELL-002,PUMP-002,136.66589274568642,67.52621926775178,3.5819584373532516,1252.0308222377816,1129.8398558103127,1490.4797217985943,0
2026-01-15 15:00:00,WELL-002,PUMP-002,152.05565950547157,75.58790840330943,4.540659855072432,1171.9807259919783,1334.5893363808293,1420.2825073630197,0
2026-01-15 16:00:00,WELL-002,PUMP-002,150.27910357671527,68.1224455521563,4.320847610293161,1260.0721110715967,1239.5786868866167,1511.1927959271297,0
2026-01-15 17:00:00,WELL-002,PUMP-002,150.02001840253698,84.04533374322205,3.4347873700480087,1219.7378764338073,1098.4640421841614,1457.0007243437808,0
2026-01-15 18:00:00,WELL-002,PUMP-002,180.02886597846256,96.13375491078605,9.344434190887256,1126.2875568835484,900.5072885693711,1531.1628345264028,1
2026-01-15 19:00:00,WELL-002,PUMP-002,143.62309147020017,75.20462374364462,3.7609646230207394,1218.4810655005504,1217.643773325794,1465.3194741036707,0
2026-01-15 20:00:00,WELL-002,PUMP-002,157.50978892990528,68.88430592795288,3.6841704500675156,1151.040087891035,1160.0561356485775,1482.0084818061525,0
2026-01-15 21:00:00,WELL-002,PUMP-002,153.74360337705482,69.14859646801612,2.8315511850601474,1199.5255333009768,1114.0557871498029,1422.6002090629431,0
2026-01-15 22:00:00,WELL-002,PUMP-002,138.51715267207135,72.1032308358117,2.3554329158259204,1206.1280688713337,1256.9640917733157,1440.5644200130082,0
2026-01-15 23:00:00,WELL-002,PUMP-002,153.83202514714208,70.69345210151445,4.807137304394997,1265.5466770670587,1169.6861841364946,1498.1962711527785,0
2026-01-16 00:00:00,WELL-002,PUMP-002,149.3966945527504,83.29470151715782,2.518652583910251,1327.435641051275,1172.2445967018557,1435.4255289373325,0
2026-01-16 01:00:00,WELL-002,PUMP-002,134.27555286818796,72.06442364689926,2.5196462245644278,1216.0134921979488,1215.1749787290503,1405.462556822387,0
2026-01-16 02:00:00,WELL-002,PUMP-002,145.07235045189265,69.88134573126415,3.0713023452181414,1262.2675814081692,1221.2044821857392,1486.4172606534771,0
2026-01-16 03:00:00,WELL-002,PUMP-002,157.63268081725303,81.09240107435843,4.82120835479577,1221.5126361104756,1187.67001060545,1429.1780783375987,0
2026-01-16 04:00:00,WELL-002,PUMP-002,132.07322604781808,75.02817915148427,4.017178853651892,1142.5223776376354,1232.548495659029,1469.5076970006726,0
2026-01-16 05:00:00,WELL-002,PUMP-002,152.72972673993627,82.50137304500494,3.5447057562960635,1332.0505691098065,1364.9408337344835,1479.9049577523733,0
2026-01-16 06:00:00,WELL-002,PUMP-002,168.56803196849444,78.01739020833992,2.9552325718864303,1246.858135443874,1233.31705304065,1491.2977077810033,0
2026-01-16 07:00:00,WELL-002,PUMP-002,156.93749930262192,72.51322814292953,3.8458708070734535,1129.3155225429714,1192.947940255121,1472.6378176038347,0
2026-01-16 08:00:00,WELL-002,PUMP-002,164.73625433698766,102.94219453985458,9.092810731845638,1126.3088235188711,1043.8756895314125,1442.8672900955398,1
2026-01-16 09:00:00,WELL-002,PUMP-002,139.6253292226562,71.71394145894455,3.0405528087762463,1242.4465390291161,1170.513161171479,1488.6157292220353,0
2026-01-16 10:00:00,WELL-002,PUMP-002,155.962885792623,75.46761748219305,3.4023777790585448,1180.3045575993895,1185.0507265775234,1486.911861540808,0
2026-01-16 11:00:00,WELL-002,PUMP-002,155.64984779813656,76.1399558185453,3.8747493855903463,1161.9173531293084,1192.6073827225791,1413.4337696525695,0
2026-01-16 12:00:00,WELL-002,PUMP-002,142.8371650107264,80.31426846516608,4.90269664723298,1181.1394558638544,1217.3945503662271,1413.662904755899,0
2026-01-16 13:00:00,WELL-002,PUMP-002,142.3688872926935,77.26627250642885,3.042874622616945,1280.837582002682,1072.5648869633403,1427.3408512185222,0
2026-01-16 14:00:00,WELL-002,PUMP-002,154.41571407465463,73.27950985868833,3.431316576920682,1261.8204725920102,1126.6722729838807,1460.5183556770444,0
2026-01-16 15:00:00,WELL-002,PUMP-002,157.60205755094833,81.35762073826969,2.635012912093512,1316.1362379505185,1122.3692751519604,1437.354161364034,0
2026-01-16 16:00:00,WELL-002,PUMP-002,164.94882575330402,75.17403770249916,3.0186803551788923,1158.2272391190631,1256.293347136358,1421.4408012957906,0
2026-01-16 17:00:00,WELL-002,PUMP-002,127.34145345224597,80.79798144687749,2.2165315253414892,1238.3250051109358,1272.9330816123713,1560.459198334434,0
2026-01-16 18:00:00,WELL-002,PUMP-002,165.13753408666454,70.58140429654469,3.036182174238378,1180.3417782685008,1230.7214245106186,1472.424272709822,0
2026-01-16 19:00:00,WELL-002,PUMP-002,138.14068687152903,73.1203214004321,2.494435388540539,1258.6729978682322,1044.2416214300688,1494.5005063413214,0
2026-01-16 20:00:00,WELL-002,PUMP-002,162.63550313355887,71.94120180247708,4.181568707566293,1237.6801867841734,1168.6631628141072,1471.9206349748322,0
2026-01-16 21:00:00,WELL-002,PUMP-002,139.25499785884367,73.02199813377146,4.843011897062517,1174.8836681624905,1114.8380329407764,1526.371469344009,0
2026-01-16 22:00:00,WELL-002,PUMP-002,136.16653688397264,84.76458691244756,3.463341495196479,1190.0960163183956,1209.176110213818,1508.356039400165,0
2026-01-16 23:00:00,WELL-002,PUMP-002,141.68296737264865,74.91841393826988,4.0888303953650205,1303.5532952949509,1177.182297110542,1355.414280551425,0
2026-01-17 00:00:00,WELL-002,PUMP-002,138.55335038700264,72.61723099283238,3.3207079465824774,1221.3404497673994,1141.3417123521174,1395.1428175185592,0
2026-01-17 01:00:00,WELL-002,PUMP-002,166.5166004413335,96.7279818942593,9.93140197631204,1063.4309583098814,1174.888985224469,1389.397167413672,1
2026-01-17 02:00:00,WELL-002,PUMP-002,145.96928596889856,77.80326259789388,2.536869790582434,1175.8359926459734,1103.9854229497255,1434.4889496375133,0
2026-01-17 03:00:00,WELL-002,PUMP-002,147.87551589985168,81.85050926805185,4.219579743752951,1247.4178484717906,1173.9040691699795,1543.9937274710503,0
2026-01-17 04:00:00,WELL-002,PUMP-002,151.54406552265638,79.82300878651847,3.0651389250527155,1179.9711711132163,1148.0451891072146,1514.2218526388692,0
2026-01-17 05:00:00,WELL-002,PUMP-002,148.2257487702709,79.84684651204027,3.121158466660065,1254.2021094572253,1127.0834505315656,1468.0220838146386,0
2026-01-17 06:00:00,WELL-002,PUMP-002,164.1361959551669,69.67877644033388,2.988342700859813,1294.9938984104942,1226.1267894346724,1427.6833960616407,0
2026-01-17 07:00:00,WELL-002,PUMP-002,145.1607458885746,77.48894154708888,3.8224472016922286,1301.384098800894,1061.4020872803446,1500.3303270516315,0
2026-01-17 08:00:00,WELL-002,PUMP-002,150.21804505888463,69.71887979665983,2.4179577594636434,1337.4498380705566,1023.9848213781625,1429.8808651237832,0
2026-01-17 09:00:00,WELL-002,PUMP-002,141.97248877200397,73.34323850456076,4.349847075020175,1311.8591989332608,1168.9513743111818,1465.414603181941,0
2026-01-17 10:00:00,WELL-002,PUMP-002,179.39148046113388,86.5224046159869,8.236921097309533,1108.387345146567,970.7444639502219,1463.2135286530902,0
2026-01-17 11:00:00,WELL-002,PUMP-002,149.37781839788468,72.71947575125117,2.8762196343051323,1283.6867992175844,1182.5530523657947,1495.5513654499964,0
2026-01-17 12:00:00,WELL-002,PUMP-002,150.9076483204524,75.92918814451376,4.051922909572658,1331.513859207192,1138.4052389332833,1419.192827097553,0
2026-01-17 13:00:00,WELL-002,PUMP-002,147.45107006218208,67.71943951760515,3.9017735794281703,1303.201797555518,1280.1253959382848,1438.5600746092828,0
2026-01-17 14:00:00,WELL-002,PUMP-002,140.47266795221017,78.39364034639709,2.942518195694145,1159.2783851252034,1155.7259896263301,1420.7103638275655,0
2026-01-17 15:00:00,WELL-002,PUMP-002,157.04732135226595,74.51826684252853,3.6840190241956616,1205.942656950514,1136.8544199572361,1464.2777944770198,0
2026-01-17 16:00:00,WELL-002,PUMP-002,134.42126020687348,79.89228902833275,3.0136828221070244,1318.558042958623,1175.208745513351,1451.4387782040499,0
2026-01-17 17:00:00,WELL-002,PUMP-002,166.59022946242627,71.06847973430835,3.914378341854056,1163.0207729004267,1169.353637969724,1527.2866571076759,0
2026-01-17 18:00:00,WELL-002,PUMP-002,157.65843858074825,74.4695468232929,4.2400436458116015,1249.3848803422904,1152.8486952696271,1515.3036101935813,0
2026-01-17 19:00:00,WELL-002,PUMP-002,159.56781169986962,73.27839399115001,3.583299249630688,1126.2062297304678,1142.3696141299479,1506.1519648815733,0
2026-01-17 20:00:00,WELL-002,PUMP-002,146.45389228145677,73.55712441422949,3.4312643435164882,1256.7275510600157,1228.3637670174535,1427.7596580914756,0
2026-01-17 21:00:00,WELL-002,PUMP-002,146.5436494860418,84.03795161096154,3.679719501825927,1203.8990456777383,1248.135616673993,1481.1947971538289,0
2026-01-17 22:00:00,WELL-002,PUMP-002,140.64415496637588,71.39514945765052,5.1679781745341336,1166.9606916008615,1085.2371727703169,1486.7238372500608,0
2026-01-17 23:00:00,WELL-002,PUMP-002,149.8933372237083,73.28646723193368,3.1402018073846008,1092.8774273623271,1058.6988443848059,1545.0560365633803,0
2026-01-18 00:00:00,WELL-002,PUMP-002,157.1868765467759,80.62388359992906,3.1924467218128947,1304.6569923200855,1277.3178729258393,1539.3673207214913,0
2026-01-18 01:00:00,WELL-002,PUMP-002,134.16561357570535,74.25903229308743,3.279378604269328,1213.1879230658874,1202.011557560346,1416.1203785110774,0
2026-01-18 02:00:00,WELL-002,PUMP-002,148.62661076860172,80.4924243802591,3.7145968199786537,1255.1604778290057,1243.4580909976976,1453.6126024118958,0
2026-01-18 03:00:00,WELL-002,PUMP-002,147.94877955574162,68.31462446056081,4.2542616683931165,1276.9547464115242,1091.3172300951385,1471.933398127913,0
2026-01-18 04:00:00,WELL-002,PUMP-002,156.74011117164002,78.77479383070983,2.3348848043723565,1249.695669306336,1068.690071852379,1416.7674451248968,0
2026-01-18 05:00:00,WELL-002,PUMP-002,144.65384800124707,72.37593583158855,2.399861471607746,1270.8377399256706,1118.4737097726502,1464.8275660715653,0
2026-01-18 06:00:00,WELL-002,PUMP-002,147.07458333975583,77.52135374019193,3.8128696394357173,1356.9575258844768,1174.2422410229983,1465.3225431481671,0
2026-01-18 07:00:00,WELL-002,PUMP-002,148.78161617204682,71.79658181646113,3.5268909182601007,1292.6618882226874,1134.3734835348403,1431.7946889305395,0
2026-01-18 08:00:00,WELL-002,PUMP-002,139.7249037114199,82.37939575251983,3.7948673065366414,1231.6735175262631,1100.407698179676,1408.9092585789326,0
2026-01-18 09:00:00,WELL-002,PUMP-002,154.5790818584632,70.6971510528872,2.6498381549146086,1116.532408951302,1164.8726940171678,1399.1737818908698,0
2026-01-18 10:00:00,WELL-002,PUMP-002,138.14735382758906,68.30265112521121,3.5811142045924313,1223.9013036446913,1085.8265158809331,1435.9417978767722,0
2026-01-18 11:00:00,WELL-002,PUMP-002,149.4909853004211,82.07321333747674,4.073973687041295,1138.3030548499974,1111.799660742136,1410.907656298833,0
2026-01-18 12:00:00,WELL-002,PUMP-002,143.8716383807968,72.69366474750846,2.1483239631611966,1276.8774538752461,1160.9008817561908,1498.5087541283929,0
2026-01-18 13:00:00,WELL-002,PUMP-002,145.84180168295975,68.77482770374321,4.184515392020968,1155.6367153135418,1223.1944131314642,1365.905982248873,0
2026-01-18 14:00:00,WELL-002,PUMP-002,146.95389276910555,68.65267366993594,3.3990197460970144,1297.9282665490875,1095.4568425219654,1490.455639536569,0
2026-01-18 15:00:00,WELL-002,PUMP-002,148.77999943879752,73.27009584548755,3.303992860454608,1222.554996529147,1035.0174082193673,1499.6667250803885,0
2026-01-18 16:00:00,WELL-002,PUMP-002,135.36254547833533,78.0798350302342,4.12230884338943,1177.1610637174783,1162.9180153480206,1464.735962645115,0
2026-01-18 17:00:00,WELL-002,PUMP-002,147.72567911557329,78.76702185439592,2.261668971947305,1310.3249701784898,1196.6432815216424,1400.2026004608383,0
2026-01-18 18:00:00,WELL-002,PUMP-002,148.17595418552224,67.96511268948005,3.741360846320779,1355.679663163257,1187.560988468565,1404.6675727422853,0
2026-01-18 19:00:00,WELL-002,PUMP-002,154.31521590567527,81.11399317985278,3.7835344396302935,1187.5224234271877,1057.8804533671375,1403.917344011087,0
2026-01-18 20:00:00,WELL-002,PUMP-002,153.50863432736804,68.14986686317785,4.139225763355761,1229.356358751107,1268.8008264953228,1474.5706378177763,0
2026-01-18 21:00:00,WELL-002,PUMP-002,154.5454720267232,71.51989919199524,4.2832414557591,1123.6395666330181,1107.301058577488,1514.6214687168542,0
2026-01-18 22:00:00,WELL-002,PUMP-002,151.16341773924609,71.48144800334283,4.515407943477923,1261.546117738083,990.7656367024849,1466.967790637811,0
2026-01-18 23:00:00,WELL-002,PUMP-002,157.16420429933578,66.29816087192758,3.3815794357943063,1343.3767266917728,1215.0819885142068,1450.554761015979,0
2026-01-19 00:00:00,WELL-002,PUMP-002,154.63142918856988,77.30021161930233,4.424264743866004,1350.427982423078,1132.0027557686908,1491.0149187254483,0
2026-01-19 01:00:00,WELL-002,PUMP-002,145.76861998091752,72.54060653975174,2.957652700902394,1106.1268862913748,952.1864741091604,1509.7726355876491,0
2026-01-19 02:00:00,WELL-002,PUMP-002,150.65953413307875,73.15340614920906,2.5523382207694407,1184.5686526289196,1207.3846529066175,1479.0890885314182,0
2026-01-19 03:00:00,WELL-002,PUMP-002,141.1858050964818,74.92511113185185,2.912096736475105,1302.3302401736873,1129.9345333740428,1445.1685231901663,0
2026-01-19 04:00:00,WELL-002,PUMP-002,149.13488807686866,80.56050309610669,3.9111740508265807,1362.1607460735297,1158.7980329340705,1517.3049897257129,0
2026-01-19 05:00:00,WELL-002,PUMP-002,155.56908993575655,74.7036598869983,1.7063641873020718,1162.812513198362,1220.7663862166926,1475.8132458139999,0
2026-01-19 06:00:00,WELL-002,PUMP-002,148.9359746885595,68.39553858746919,4.785804232750946,1212.418842853029,1191.112923565628,1507.8003334725563,0
2026-01-19 07:00:00,WELL-002,PUMP-002,140.79180232433814,70.17716033785412,3.108853978768618,1253.5898588527762,1206.21399043139,1429.5529055379363,0
2026-01-19 08:00:00,WELL-002,PUMP-002,147.8403848253987,67.28274528407127,4.456506773722407,1258.2830523159341,1280.180648243322,1436.9981874909777,0
2026-01-19 09:00:00,WELL-002,PUMP-002,133.7260091239126,68.78875384265439,3.8084288844118808,1374.0504474606134,1100.113464820869,1430.611910864674,0
2026-01-19 10:00:00,WELL-002,PUMP-002,135.8768993037602,83.70470743298495,2.7263116476741875,1254.675958456452,1243.8834225778307,1471.085846650155,0
2026-01-19 11:00:00,WELL-002,PUMP-002,153.578017243938,74.96009397824147,4.08142433098121,1113.9859189904942,1194.309006005099,1410.4914934570759,0
2026-01-19 12:00:00,WELL-002,PUMP-002,155.45394727052113,79.81251442900052,2.76429238531239,1425.7316843983162,1233.7235541187893,1449.9142923165468,0
2026-01-19 13:00:00,WELL-002,PUMP-002,132.15743660181576,84.40401759396659,3.5366171501337926,1120.2027735285951,1116.0344653891534,1343.533647441539,0
2026-01-19 14:00:00,WELL-002,PUMP-002,144.76373143201351,64.75242741905838,3.724120210047061,1366.434758713226,1138.6287080986597,1472.0029964511573,0
2026-01-19 15:00:00,WELL-002,PUMP-002,143.40411755477191,71.26536153313903,3.0763228326883367,1221.8770499001116,1160.6792256798462,1433.0460813186576,0
2026-01-19 16:00:00,WELL-002,PUMP-002,146.82307734745717,74.79264111000427,2.8405764652808845,1393.7332161340014,1120.2553163957061,1416.5281543183255,0
2026-01-19 17:00:00,WELL-002,PUMP-002,140.06256744217205,73.3755818900413,3.8737593618871786,1394.8262072578157,1226.1254748397578,1504.2413870078053,0
2026-01-19 18:00:00,WELL-002,PUMP-002,145.63930216003527,84.08377814787552,2.7384253368541374,1372.8925418283957,1172.2076805841539,1464.9542867010553,0
2026-01-19 19:00:00,WELL-002,PUMP-002,166.08431374022945,91.65250716321843,8.03074412793781,997.2395778077824,817.833941198478,1459.2208284713488,1
2026-01-19 20:00:00,WELL-002,PUMP-002,146.00309125421813,76.23404659090426,4.289056406064683,1352.767257494811,1190.063525017601,1445.7644783568574,0
2026-01-19 21:00:00,WELL-002,PUMP-002,157.48844934348813,78.88468351465758,3.5182858483523773,1178.2197595070995,1134.2934890917543,1422.5105320180983,0
2026-01-19 22:00:00,WELL-002,PUMP-002,149.23621884571122,69.44247309649438,2.749811850224412,1266.8652062367353,1128.930588898367,1361.1587169211987,0
2026-01-19 23:00:00,WELL-002,PUMP-002,153.7851636261423,71.48544280980217,3.357315777544436,1287.3145029929854,1216.4482647495868,1396.023357391698,0
2026-01-20 00:00:00,WELL-002,PUMP-002,141.05551657614538,80.81762929813164,3.4516227149301137,1313.9689300844996,1168.5684431498946,1509.2914599371088,0
2026-01-20 01:00:00,WELL-002,PUMP-002,148.00504299862016,69.184786748577,3.251945737618135,1252.5916970946862,1282.357822282431,1435.4773041886106,0
2026-01-20 02:00:00,WELL-002,PUMP-002,155.84227055445572,76.20500126698623,3.524338728857216,1222.5831502816081,1194.6980835067243,1522.9827414792755,0
2026-01-20 03:00:00,WELL-002,PUMP-002,158.38719910250833,74.59466447282291,4.546750322045149,1318.7866849173965,1219.7791364006948,1504.319035560292,0
2026-01-20 04:00:00,WELL-002,PUMP-002,161.29904536874162,75.31770025251168,2.670937854509867,1125.1601473700514,1197.8020938587597,1414.9124778934606,0
2026-01-20 05:00:00,WELL-002,PUMP-002,163.45193965934413,70.58065552429635,3.5883788002334502,1195.5604761788761,1223.0461247321964,1475.4841538621165,0
2026-01-20 06:00:00,WELL-002,PUMP-002,152.32454068470926,78.6977260359797,3.4760347318496816,1332.8958200809689,1237.711626015924,1454.1350001819285,0
2026-01-20 07:00:00,WELL-002,PUMP-002,136.31517316450788,73.03454899649269,2.5592070406638396,1130.6030183995206,1109.9079742061424,1403.8905547284187,0
2026-01-20 08:00:00,WELL-002,PUMP-002,151.6361280224898,72.52351964559466,3.2075855804096203,1167.9629060391078,1173.5673062209019,1441.2418132110522,0
2026-01-20 09:00:00,WELL-002,PUMP-002,147.88363281036223,76.82879993046458,2.3350593196278675,1059.2075592839533,1204.2282130158405,1474.600714028345,0
2026-01-20 10:00:00,WELL-002,PUMP-002,157.26577701276761,77.23224599408366,3.4986165275775045,1249.0683560932678,1196.8080148405304,1470.3453362928317,0
2026-01-20 11:00:00,WELL-002,PUMP-002,133.0080574549949,77.0680812878584,4.781352038046419,1272.5627375367474,1295.5401074262993,1418.5393925235278,0
2026-01-20 12:00:00,WELL-002,PUMP-002,148.6652967087619,69.05488970387007,4.506673852847301,1184.143179882073,1231.0518271576796,1384.964911512293,0
2026-01-20 13:00:00,WELL-002,PUMP-002,156.59282317484565,74.17925293639114,4.221159001723726,1250.7030754105658,1184.050483319873,1436.7203683368793,0
2026-01-20 14:00:00,WELL-002,PUMP-002,146.6223205950576,78.53242380290729,4.170909810290425,1345.8914087196372,1066.5294200796563,1415.1085355873051,0
2026-01-20 15:00:00,WELL-002,PUMP-002,148.39838996559703,81.9961397503558,4.42348540748639,1375.7918568216262,1160.251195614626,1511.5351452492234,0
2026-01-20 16:00:00,WELL-002,PUMP-002,152.1002240985866,66.47816645851867,2.2556563970170123,1109.1005937090686,1198.1393558559037,1425.766637063328,0
2026-01-20 17:00:00,WELL-002,PUMP-002,146.99493071426127,68.47591554783526,3.7649975385116363,1135.3015980151818,1121.3815992279156,1344.6555442686958,0
2026-01-20 18:00:00,WELL-002,PUMP-002,146.2469627254073,72.979942846826,3.395309296029785,1330.122433949952,1147.3652452464248,1445.5874268634357,0
2026-01-20 19:00:00,WELL-002,PUMP-002,165.93629308767447,84.16948273012187,2.9792465223493076,1294.5710094722785,1232.4497789815616,1420.12605709878,0
2026-01-20 20:00:00,WELL-002,PUMP-002,149.94181924000236,69.3676343762672,2.9816804201625797,1216.1551519179377,1200.534047934906,1541.2998605870523,0
2026-01-20 21:00:00,WELL-002,PUMP-002,153.087760740551,69.11677528049974,4.056854366594648,1108.3615089779137,1139.532057889905,1437.0995731901196,0
2026-01-20 22:00:00,WELL-002,PUMP-002,147.59788225664934,68.49373687803951,2.7510376940787182,1316.9216124831187,1180.8355746126972,1434.622163240937,0
2026-01-20 23:00:00,WELL-002,PUMP-002,150.73644109849593,77.38120176693833,5.017956649551172,1170.5125596854841,1101.5707456744528,1412.256690171404,0
2026-01-21 00:00:00,WELL-002,PUMP-002,163.54660508592306,75.15337588035355,3.0419904879709327,1250.454855843174,1239.5130587693864,1481.0627226977597,0
2026-01-21 01:00:00,WELL-002,PUMP-002,143.39333781409562,84.23197960299623,4.660015848628614,1270.540063892943,1179.1939438346349,1501.5329904120779,0
2026-01-21 02:00:00,WELL-002,PUMP-002,143.72259689943598,78.55522652198681,4.094574912221397,1225.837518177379,1133.3070966947919,1527.8150397757965,0
2026-01-21 03:00:00,WELL-002,PUMP-002,139.22196865934922,70.50600094878081,3.8306102361357794,1191.3214346657376,1158.9421830777392,1368.6344136026341,0
2026-01-21 04:00:00,WELL-002,PUMP-002,149.6200204363611,76.05123110001146,4.51510090251475,1373.6190170210948,1067.9483990838821,1354.597602971521,0
2026-01-21 05:00:00,WELL-002,PUMP-002,158.0867178801625,92.64527593785242,2.7533081300666806,1285.9861770981208,1130.4713400294127,1423.0604847711645,0
2026-01-21 06:00:00,WELL-002,PUMP-002,146.70807007022975,77.70722049694868,2.853256483309048,1198.745200520192,1152.050249984015,1449.662379742243,0
2026-01-21 07:00:00,WELL-002,PUMP-002,157.57446053209497,75.27501468016688,3.753460983740864,1212.7049110443022,1154.2957246051776,1464.3781952583663,0
2026-01-21 08:00:00,WELL-002,PUMP-002,145.77428788120173,71.44833754892554,3.7353384053327394,1117.8974861101015,1221.4773603711071,1444.1380205281987,0
2026-01-21 09:00:00,WELL-002,PUMP-002,144.50768997476985,80.81688027581775,4.141275392836575,1147.1200234786804,1103.8112135029007,1578.0251479677843,0
2026-01-21 10:00:00,WELL-002,PUMP-002,146.72461941575347,76.15328962604178,3.9287184146313012,1274.2883417026976,1145.260572683721,1535.7082178707778,0
2026-01-21 11:00:00,WELL-002,PUMP-002,150.1687419828047,69.34466382248706,3.459633521051879,1164.027116845371,1125.2352254248603,1492.6582653206597,0
2026-01-21 12:00:00,WELL-002,PUMP-002,147.704062513672,80.75243525016676,3.349858300605755,1224.576782887015,1257.4000203090304,1434.3217943514717,0
2026-01-21 13:00:00,WELL-002,PUMP-002,160.39989897809707,79.80152584043334,2.4234848800703386,1336.6516170128587,1051.303696370955,1494.9058662061175,0
2026-01-21 14:00:00,WELL-002,PUMP-002,158.07964397365666,68.34190941894282,2.888637997764411,1121.5878855856006,1122.1939824938531,1387.4196671513844,0
2026-01-21 15:00:00,WELL-002,PUMP-002,150.75622054070774,84.03044558918481,5.100143133392005,1257.7724629668999,1258.1676892547266,1461.6047318964268,0
2026-01-21 16:00:00,WELL-002,PUMP-002,151.84044489236402,75.6173615725427,3.0475745049994716,1405.5286162820396,1146.4205282309524,1448.487366913729,0
2026-01-21 17:00:00,WELL-002,PUMP-002,141.47174262697857,74.74228895696174,4.647203281431619,1343.124812206875,1274.4425334222094,1451.2215920089018,0
2026-01-21 18:00:00,WELL-002,PUMP-002,144.25676085672632,83.54603577176482,4.663419620478788,1318.214430066161,1225.7683256143666,1438.261732428059,0
2026-01-21 19:00:00,WELL-002,PUMP-002,167.57966608767907,93.79788975730717,8.506309547250112,996.868035839489,877.1166115478037,1554.5547136366238,1
2026-01-01 00:00:00,WELL-003,PUMP-003,162.05390777568658,88.34187460495967,9.275760387637163,1096.5448281980334,938.138940951612,1469.9381882212408,0
2026-01-01 01:00:00,WELL-003,PUMP-003,155.71796519911157,73.83137971074137,3.9244746265186286,1312.1545353883862,1292.554054278341,1517.6726823810602,0
2026-01-01 02:00:00,WELL-003,PUMP-003,156.96359335793045,85.42705311046075,3.7626942597461435,1276.0436652257658,1337.0744892852135,1313.7015574950262,0
2026-01-01 03:00:00,WELL-003,PUMP-003,166.38966606159082,66.87253864900083,3.16593273629398,1252.6111069352696,1259.616676834024,1469.9734686301092,0
2026-01-01 04:00:00,WELL-003,PUMP-003,162.97318076761056,83.17070504442745,3.466391196899797,1270.2406789342233,1137.1878894557994,1424.6392226197227,0
2026-01-01 05:00:00,WELL-003,PUMP-003,162.84284769889445,81.11968172118945,2.55714800099702,1175.410300545441,1019.9955928853535,1410.8704318725934,0
2026-01-01 06:00:00,WELL-003,PUMP-003,148.40445027289556,77.17793958345919,3.711700185891572,1286.489732700191,1065.9186784327662,1477.8154506018245,0
2026-01-01 07:00:00,WELL-003,PUMP-003,150.09735745826325,74.53562749303474,2.73707088746463,1157.7532534608174,1247.74561283024,1469.949607875085,0
2026-01-01 08:00:00,WELL-003,PUMP-003,146.40797103702772,78.36818182854311,1.8287564763645914,1337.8556894594728,1182.0995967085223,1437.1085311681984,0
2026-01-01 09:00:00,WELL-003,PUMP-003,162.28848945367622,77.98768852947364,3.0732180638303124,1259.3699372919882,1196.5356552384962,1403.0422215114659,0
2026-01-01 10:00:00,WELL-003,PUMP-003,148.94396917716583,71.05890447641842,2.3427911390822946,1298.942963920213,1241.270303739157,1517.1011375496623,0
2026-01-01 11:00:00,WELL-003,PUMP-003,155.85518455387506,81.27259351190595,3.980421168527346,1414.7876001389923,1219.110668586114,1442.1761311938421,0
2026-01-01 12:00:00,WELL-003,PUMP-003,137.90570283224852,77.67485336181885,3.1419024871305723,1161.3717744354792,1048.7690203607015,1439.2296936014504,0
2026-01-01 13:00:00,WELL-003,PUMP-003,150.42447450346094,79.32644878067624,3.2138741236136985,1384.1692696149496,1077.764937040706,1509.5630340815917,0
2026-01-01 14:00:00,WELL-003,PUMP-003,149.47919568995758,88.61474343862152,2.5027311718691356,1299.573049452994,1131.0024264771628,1438.8098474474518,0
2026-01-01 15:00:00,WELL-003,PUMP-003,148.2398557787226,74.3629656380502,3.5615873171237986,1226.176307502083,1224.3257717080564,1430.6185083668377,0
2026-01-01 16:00:00,WELL-003,PUMP-003,151.40196155226047,65.34188011411563,4.157925677585128,1088.9599494152255,1049.106812195851,1404.1398659934182,0
2026-01-01 17:00:00,WELL-003,PUMP-003,158.49005006809693,72.83305216656923,4.551916881239351,1220.787790944143,1121.1654910145317,1484.3619225197644,0
2026-01-01 18:00:00,WELL-003,PUMP-003,147.61495536587324,66.73793804851599,3.4496588820390217,1219.3052595938975,1220.6051025854288,1454.5650585529834,0
2026-01-01 19:00:00,WELL-003,PUMP-003,151.54758859993436,81.54932584716767,3.4553928021448854,1235.2358846251243,1221.463068290934,1454.9656907475676,0
2026-01-01 20:00:00,WELL-003,PUMP-003,144.27801184945926,71.52911632057324,3.7465941217265004,1292.1829231753559,1187.0859409484426,1326.0680940436039,0
2026-01-01 21:00:00,WELL-003,PUMP-003,150.27417451360176,66.59564770380939,3.6858360674816013,1288.0601593465226,1221.274746195018,1317.4085968477525,0
2026-01-01 22:00:00,WELL-003,PUMP-003,156.62408324930777,78.507692291792,3.9723637928007105,1324.4892726712746,1137.7214079374944,1394.925812151152,0
2026-01-01 23:00:00,WELL-003,PUMP-003,159.34193540422223,71.1247751849188,2.9873039223571674,1217.7547305570622,1199.0565707729172,1447.1364794588949,0
2026-01-02 00:00:00,WELL-003,PUMP-003,140.4917163683112,84.94410026891897,3.4867482110050534,1187.4796429380845,1188.6829265440415,1544.8444578082535,0
2026-01-02 01:00:00,WELL-003,PUMP-003,146.13073090049946,73.7663778794278,3.398948172782671,1298.2916591168591,1276.2227887303588,1467.9840423843161,0
2026-01-02 02:00:00,WELL-003,PUMP-003,144.40557248717994,77.07312699633641,3.044911040525114,1214.3558477190459,1140.2845336075025,1481.8335076847916,0
2026-01-02 03:00:00,WELL-003,PUMP-003,150.34424778657026,78.43428955506128,2.260818334975634,1419.7305045864164,1160.1793680584087,1348.7480043161913,0
2026-01-02 04:00:00,WELL-003,PUMP-003,166.70196788700116,72.8683659256587,3.359601457672062,1319.085708730865,1173.6854977494515,1474.7312319787143,0
2026-01-02 05:00:00,WELL-003,PUMP-003,151.11721339372718,75.3251231559439,3.987968243638756,1182.491689806008,1057.9429178322425,1457.8411508049096,0
2026-01-02 06:00:00,WELL-003,PUMP-003,165.84060186755215,78.21182796025089,3.371793938678083,1088.3345932331242,1083.5696533954733,1535.006745519997,0
2026-01-02 07:00:00,WELL-003,PUMP-003,150.11203973897105,77.81893937503457,3.1451631620971714,1374.4158827317874,1101.9827379494357,1363.03974239136,0
2026-01-02 08:00:00,WELL-003,PUMP-003,166.21441895149525,85.29958954207237,2.8274917078606583,1249.301201928192,1090.0642688047737,1449.2380976749957,0
2026-01-02 09:00:00,WELL-003,PUMP-003,151.28519952282494,78.3113149107981,2.8765332989793566,1385.0038444189436,1197.1579999060832,1486.3397023200903,0
2026-01-02 10:00:00,WELL-003,PUMP-003,153.23132465052575,74.42295330900107,3.6910237637087997,1273.060126229546,1142.0997848448017,1411.2541733136368,0
2026-01-02 11:00:00,WELL-003,PUMP-003,155.50564245162306,72.78196584896307,2.9877061474973736,1198.5453326378376,1228.9267150202195,1418.5481069398195,0
2026-01-02 12:00:00,WELL-003,PUMP-003,149.9126745514124,74.61834599979616,2.9390679843719782,1232.1544150567433,1263.323543842656,1501.8730551754486,0
2026-01-02 13:00:00,WELL-003,PUMP-003,155.7533493308435,84.09885893656299,3.4501464033540903,1301.9105540723071,1139.0919316382779,1572.6184956434363,0
2026-01-02 14:00:00,WELL-003,PUMP-003,150.01717025701234,70.93712108844596,4.111605960349211,1302.2273227456926,1238.3546177762585,1458.4622702409483,0
2026-01-02 15:00:00,WELL-003,PUMP-003,148.82288396148715,71.71687964600147,4.024393850604129,1256.2751396866936,1192.8096114751681,1408.2864328466017,0
2026-01-02 16:00:00,WELL-003,PUMP-003,153.84268037562782,73.59536687896113,3.403258847192438,1306.6033880747334,1161.9197935679417,1493.4337635669588,0
2026-01-02 17:00:00,WELL-003,PUMP-003,158.07031974065018,92.1071406563682,9.210301883294676,1161.387199519926,921.4293334388735,1518.404711840745,1
2026-01-02 18:00:00,WELL-003,PUMP-003,158.60177232945532,80.23638204279732,4.018062368113927,1248.7549528903764,973.2025741130578,1417.9136428173936,0
2026-01-02 19:00:00,WELL-003,PUMP-003,148.75343155540946,74.67256230989193,2.7047006192025886,1306.3104742259407,1252.0027217912364,1412.8070305438541,0
2026-01-02 20:00:00,WELL-003,PUMP-003,144.71179956298005,72.42530646783364,3.225981430986052,1277.1194811047535,1211.9374641969973,1297.767173037842,0
2026-01-02 21:00:00,WELL-003,PUMP-003,159.19772263381304,77.46584917119418,3.4748719670209587,1242.5070140088578,1129.2329426353551,1427.4768424558138,0
2026-01-02 22:00:00,WELL-003,PUMP-003,151.79141499157285,65.26737356820568,2.8292434351779563,1373.1357760139927,1115.0246022856388,1512.1714139051462,0
2026-01-02 23:00:00,WELL-003,PUMP-003,146.62342491928243,75.1824996591308,3.4094380298936042,1188.1447225210698,1186.1400506522434,1458.7693062269973,0
2026-01-03 00:00:00,WELL-003,PUMP-003,153.79706788453433,78.5379591098731,4.206951708528801,1282.6508730222686,1083.7056137849547,1426.3177271174404,0
2026-01-03 01:00:00,WELL-003,PUMP-003,164.2661664831667,86.36268220949844,3.8714578868309304,1257.1827971535306,1161.0016457884851,1426.8026015257797,0
2026-01-03 02:00:00,WELL-003,PUMP-003,150.1443780197458,81.05337276271098,3.1402160031072777,1282.9562399249448,1239.6113732125239,1404.5159780343763,0
2026-01-03 03:00:00,WELL-003,PUMP-003,139.6440531611359,70.90831258331873,4.294689575504642,1173.6360551340417,1240.3893445393012,1346.8494094249593,0
2026-01-03 04:00:00,WELL-003,PUMP-003,145.97704997063235,80.8943296851847,4.28669737796217,1319.1255985711157,1201.429418717193,1438.447023157955,0
2026-01-03 05:00:00,WELL-003,PUMP-003,139.7738989659394,73.5659729533323,3.129753074473738,1161.184896147806,1221.7128220964255,1497.1525723303398,0
2026-01-03 06:00:00,WELL-003,PUMP-003,163.82371068305412,72.65326766786644,2.728481589632171,1209.560819564439,1194.6197479774032,1452.9106363542528,0
2026-01-03 07:00:00,WELL-003,PUMP-003,165.85219413666135,72.77761233404486,4.22307064376867,1261.6519297543707,1206.2108857116282,1495.0603390246154,0
2026-01-03 08:00:00,WELL-003,PUMP-003,147.49858264277378,71.02005544995623,3.3506158068315948,1275.1303597160534,1157.8741927213919,1465.7169341565716,0
2026-01-03 09:00:00,WELL-003,PUMP-003,151.692518665554,84.8377037309793,3.3229835887315056,1346.5269935843367,1136.6254503258474,1405.9342668838628,0
2026-01-03 10:00:00,WELL-003,PUMP-003,161.10931616081984,75.71188956255233,3.728811700748171,1359.2421170021012,1135.8900018900358,1478.7020965442016,0
2026-01-03 11:00:00,WELL-003,PUMP-003,156.52977498045755,69.70715860871739,4.090354122346671,1231.0591553569968,1227.021973753431,1364.2440022652652,0
2026-01-03 12:00:00,WELL-003,PUMP-003,158.41768924765648,75.48717055148651,3.3638345203172455,1282.0000004490853,1340.2153462616202,1361.8381650548258,0
2026-01-03 13:00:00,WELL-003,PUMP-003,143.83370077567778,82.17204022517414,2.962000103399971,1007.5044934007929,1215.9544523705606,1361.6700640293025,0
2026-01-03 14:00:00,WELL-003,PUMP-003,147.38771317972342,69.14537553096272,3.6214300223592173,1125.4439130634817,1182.7799675203744,1378.8561546094222,0
2026-01-03 15:00:00,WELL-003,PUMP-003,159.2960616341697,78.91186385146082,3.450973584715053,1170.9010145264147,1191.1423981145806,1415.2140437766457,0
2026-01-03 16:00:00,WELL-003,PUMP-003,164.11931044440618,88.9610443395498,3.5547008879998634,1313.0563312637748,1055.3562028964757,1525.1367163152795,0
2026-01-03 17:00:00,WELL-003,PUMP-003,144.16316509038668,79.71204647517068,3.362318125208173,1343.469170635864,1208.05762146147,1470.3998563624882,0
2026-01-03 18:00:00,WELL-003,PUMP-003,167.22171680359696,92.67589497952662,6.284335694075232,1030.368198725036,959.3366364630109,1487.9750018758061,0
2026-01-03 19:00:00,WELL-003,PUMP-003,145.1545600005136,74.83978814659757,2.7914165098013686,1157.8655112772526,1327.790743386971,1406.9717298093055,0
2026-01-03 20:00:00,WELL-003,PUMP-003,152.7202768736459,73.52859693719326,3.08647757174898,1137.8243211395165,1205.7729525488405,1491.8935208833896,0
2026-01-03 21:00:00,WELL-003,PUMP-003,149.23727127042653,83.65160907428584,2.1526484614609025,1265.6322577026656,1314.3024433713344,1432.3367932280921,0
2026-01-03 22:00:00,WELL-003,PUMP-003,167.34495486191904,90.80035183906581,9.584446741314613,959.398639636423,1007.2782611677546,1336.1218696575459,1
2026-01-03 23:00:00,WELL-003,PUMP-003,154.4600305682707,74.55800041602963,3.5523448626923657,1130.525541117222,1207.8643522397103,1532.6374851757114,0
2026-01-04 00:00:00,WELL-003,PUMP-003,144.66133295026816,63.790420327455436,3.623273412221782,1187.9514716318088,1123.9765215684288,1425.0506372010443,0
2026-01-04 01:00:00,WELL-003,PUMP-003,143.58510258529535,75.30543086299156,4.054319009578505,1368.3621762814814,1170.611223466839,1381.767566306531,0
2026-01-04 02:00:00,WELL-003,PUMP-003,130.9680316739742,78.35024835907763,4.09123982687003,1123.1323487691322,1192.3538928564067,1472.5613008068049,0
2026-01-04 03:00:00,WELL-003,PUMP-003,157.82036161483452,74.5083182890375,3.3883953834247422,1297.1219335940573,1161.0639582667063,1507.1261780439065,0
2026-01-04 04:00:00,WELL-003,PUMP-003,160.0867961599945,78.0833198823556,3.5527841282775015,1214.7780290519356,1142.970111005781,1396.2131675779194,0
2026-01-04 05:00:00,WELL-003,PUMP-003,133.60635383740927,73.08873876214062,3.48020581830365,1208.6109608686213,1277.323322847252,1515.794363352306,0
2026-01-04 06:00:00,WELL-003,PUMP-003,150.09490143344627,70.0960599579322,3.9439664308275897,1384.3797905777224,1203.9474227755293,1545.8629574213062,0
2026-01-04 07:00:00,WELL-003,PUMP-003,159.2330898922242,67.37191035850876,3.494180802690435,1329.3317734731656,1154.8350856348206,1509.6551836666133,0
2026-01-04 08:00:00,WELL-003,PUMP-003,137.73852823261012,69.35704663451483,4.083466398750806,1319.8229931575688,1205.4102999364254,1363.9461239519765,0
2026-01-04 09:00:00,WELL-003,PUMP-003,145.89652318577197,77.44306548208229,2.459215798681085,1160.1961527596468,1183.6105362668459,1523.4840298601857,0
2026-01-04 10:00:00,WELL-003,PUMP-003,144.8787643453231,82.41871955101854,3.0591134614794857,1138.0617392620295,1029.296053896974,1448.4606748793292,0
2026-01-04 11:00:00,WELL-003,PUMP-003,147.94073114252032,74.72831760125648,3.133479333075719,1290.4698545762335,1188.7294832121324,1431.496835774741,0
2026-01-04 12:00:00,WELL-003,PUMP-003,149.77425696850216,81.82163122085433,3.897521620039168,1184.1715278785255,1107.2545885206464,1490.899077222693,0
2026-01-04 13:00:00,WELL-003,PUMP-003,153.37055835385948,79.03886715645892,3.5694991694057387,1268.2883316462737,1162.5137791965276,1383.160739945816,0
2026-01-04 14:00:00,WELL-003,PUMP-003,182.35760969159188,84.06943994817821,8.337623448683761,1049.9375405857209,1049.879754081097,1462.7365568690104,0
2026-01-04 15:00:00,WELL-003,PUMP-003,142.81872491779956,71.81256282587495,3.274755532109623,1246.0936131253038,1196.481905657778,1265.5817354285778,0
2026-01-04 16:00:00,WELL-003,PUMP-003,147.43402889092354,70.22771493673623,4.1584578988499485,1303.5550410714582,1350.7199694605476,1491.7414250596228,0
2026-01-04 17:00:00,WELL-003,PUMP-003,143.58182532852385,72.47683128855383,3.018133499628011,1191.4514153267291,1370.5338503534545,1492.2227936035833,0
2026-01-04 18:00:00,WELL-003,PUMP-003,173.8413778605368,90.44832279991309,6.838084291030075,1221.0398340938464,913.8296176432176,1405.6072146261397,0
2026-01-04 19:00:00,WELL-003,PUMP-003,148.13372813474186,82.37866339496172,2.9757986648464243,1373.5553679099412,1156.495278063211,1393.9399336580575,0
2026-01-04 20:00:00,WELL-003,PUMP-003,133.45299427655175,75.44697639465807,3.2344464243355064,1250.6182314540547,1246.1718239865106,1422.3715326940574,0
2026-01-04 21:00:00,WELL-003,PUMP-003,135.87657041979435,72.96612391853056,2.9752161115111675,1129.1156772869708,1036.2987905755535,1390.9582041503932,0
2026-01-04 22:00:00,WELL-003,PUMP-003,162.1596160473144,64.32100075632597,3.9558723421718462,1182.8377953585873,1276.0589921625594,1457.1022239415272,0
2026-01-04 23:00:00,WELL-003,PUMP-003,155.5944031977432,70.37883992340403,3.1563064858517356,1339.349452981659,1036.4440100804097,1415.8844463896435,0
2026-01-05 00:00:00,WELL-003,PUMP-003,152.67461643642804,73.5500932278168,2.9968996301696285,1190.601057778432,1164.9823634837426,1269.9457447770242,0
2026-01-05 01:00:00,WELL-003,PUMP-003,143.83092026213097,72.33683073611326,4.063049253073468,1310.7226141493775,1305.841368840415,1434.1832227629968,0
2026-01-05 02:00:00,WELL-003,PUMP-003,146.00102055671317,77.71516139644827,3.3596613197278438,1234.312543145845,1208.6779740622585,1420.1503205789534,0
2026-01-05 03:00:00,WELL-003,PUMP-003,155.631726441029,79.04410201138924,4.464712602084948,1322.202636806026,1100.8016072905473,1494.3691182070568,0
2026-01-05 04:00:00,WELL-003,PUMP-003,144.7437181038614,79.9727911787081,3.0429437775904127,1226.024315466855,1290.3113066651379,1447.6100374807604,0
2026-01-05 05:00:00,WELL-003,PUMP-003,142.75343856461726,70.94223228261868,3.9520306759908155,1260.7031250292084,1220.403532203141,1388.5491031723407,0
2026-01-05 06:00:00,WELL-003,PUMP-003,144.28747905614256,80.8920965878186,3.3202909774715135,1151.1437582360472,1167.957104851417,1521.908460057285,0
2026-01-05 07:00:00,WELL-003,PUMP-003,137.6297766481487,81.6209261857278,4.44536273549344,1180.9234210249285,1184.8225531705998,1485.6094959251639,0
2026-01-05 08:00:00,WELL-003,PUMP-003,146.76674272416557,75.00897436439054,3.570624451076575,1116.2590981337466,1369.7232151034425,1475.9935509050956,0
2026-01-05 09:00:00,WELL-003,PUMP-003,141.55691022926612,83.99532117011826,3.2920492510287085,1227.4682094196055,1224.919647163393,1544.200056878493,0
2026-01-05 10:00:00,WELL-003,PUMP-003,155.83855489814104,81.9596044383996,3.513133292698901,1275.3561605587292,1236.701906695428,1413.7569458099974,0
2026-01-05 11:00:00,WELL-003,PUMP-003,156.3757263640794,83.1661475825997,2.2049948498665213,1199.5537470146944,1271.017426097643,1379.9235076533741,0
2026-01-05 12:00:00,WELL-003,PUMP-003,141.7922814601538,78.03644507550847,4.380710266998386,1247.5789553922411,1361.9176030052208,1363.7969094565983,0
2026-01-05 13:00:00,WELL-003,PUMP-003,142.1820984902819,83.69198597024706,3.9925537274658254,1177.0792025058502,1203.9763279798356,1464.837424048908,0
2026-01-05 14:00:00,WELL-003,PUMP-003,158.3204631263471,69.90565021466632,3.3633374125258193,1174.7987254300997,1152.9721056739702,1500.7610445907153,0
2026-01-05 15:00:00,WELL-003,PUMP-003,167.74613594496694,75.28675634989841,4.1438125968821735,1267.4889189227765,1122.3534168200117,1448.1811688170249,0
2026-01-05 16:00:00,WELL-003,PUMP-003,142.59932303617092,72.74899054167078,3.5443180606465283,1345.486922838101,1086.1657951043494,1434.0086861055622,0
2026-01-05 17:00:00,WELL-003,PUMP-003,145.60617488403682,70.82294858804087,2.4664639551485186,1259.8048639062288,1211.6468101915482,1383.819230075548,0
2026-01-05 18:00:00,WELL-003,PUMP-003,148.71552312398563,72.22356948699482,3.756777575931581,1387.8459774117,1294.7479561719226,1353.861411396883,0
2026-01-05 19:00:00,WELL-003,PUMP-003,155.76895616700682,76.59777050609938,3.1863350310700618,1290.2237835620463,1253.3939411593185,1400.7094751762263,0
2026-01-05 20:00:00,WELL-003,PUMP-003,154.7919707334741,79.26674488670074,3.203485986159852,1272.707565384219,1247.3751814367308,1508.2797447572063,0
2026-01-05 21:00:00,WELL-003,PUMP-003,159.40004234633122,83.61957405097004,8.304021685112694,1022.9380100135921,1141.4759840713245,1432.9176652175802,0
2026-01-05 22:00:00,WELL-003,PUMP-003,142.0008376620152,85.96801307805036,2.4914629503521057,1210.012832207867,1199.582360048999,1499.3041945738855,0
2026-01-05 23:00:00,WELL-003,PUMP-003,142.86765208116395,75.3485213471464,3.109606027198283,1223.868194944911,1320.1699227351357,1434.62142914421,0
2026-01-06 00:00:00,WELL-003,PUMP-003,139.8889533674071,79.84012537935293,3.013111077809297,1155.374759815657,1186.1130092745154,1362.1078275300345,0
2026-01-06 01:00:00,WELL-003,PUMP-003,166.43355073004855,75.73910369518264,2.6502386843956356,1198.5778893680042,1147.8786208482502,1399.1207611393313,0
2026-01-06 02:00:00,WELL-003,PUMP-003,156.1075054511158,80.8709408252966,3.787118188489942,1134.4082141628592,1137.7209898548886,1585.6809888764499,0
2026-01-06 03:00:00,WELL-003,PUMP-003,172.59376341116163,73.22896805745606,3.1445207267716913,1276.1657899902277,1139.255706613489,1469.9522070323262,0
2026-01-06 04:00:00,WELL-003,PUMP-003,149.2886992727723,71.55637921737863,3.461824157708238,1141.0244086893877,1080.8960290860923,1515.0507831327354,0
2026-01-06 05:00:00,WELL-003,PUMP-003,181.91350518007891,90.41505249937632,7.900514450788161,1164.129460331327,873.5962358329731,1399.3677779278455,0
2026-01-06 06:00:00,WELL-003,PUMP-003,139.27900083476172,72.57160627712477,2.6072829779056264,1159.985111861507,1207.21732371846,1391.3063336846985,0
2026-01-06 07:00:00,WELL-003,PUMP-003,160.04084333266468,78.43354602174283,3.7676075064371224,1273.981778848171,1201.3500381646809,1458.1643026540066,0
2026-01-06 08:00:00,WELL-003,PUMP-003,147.29697779620955,75.011158110812,3.3352137503802215,1213.4225168544642,1131.7621741594746,1473.3845051929443,0
2026-01-06 09:00:00,WELL-003,PUMP-003,152.40599213744636,78.8379503847498,3.6795418771510646,1309.3955390917565,1233.2075621570284,1435.0147203236074,0
2026-01-06 10:00:00,WELL-003,PUMP-003,142.75027734362232,75.70989956937002,3.6882339097381442,1131.2316166464277,1222.5787016440931,1517.2967503919158,0
2026-01-06 11:00:00,WELL-003,PUMP-003,157.2782667608093,74.55168039230183,3.914153557473682,1050.3434092974028,991.047435539739,1391.0665381851238,0
2026-01-06 12:00:00,WELL-003,PUMP-003,134.22328778684945,76.44014184152745,2.633644671755746,1285.5882830045991,1208.8096003414998,1402.9298415498988,0
2026-01-06 13:00:00,WELL-003,PUMP-003,150.18775457834093,83.27240136959821,3.805417012440785,1342.3115307630792,1119.761739921596,1417.3161473125972,0
2026-01-06 14:00:00,WELL-003,PUMP-003,160.81631492779462,85.49703760251255,3.475251122612478,1422.7296923682634,1186.3920310027945,1430.9772047916824,0
2026-01-06 15:00:00,WELL-003,PUMP-003,161.93425730739247,72.58658368176326,3.0730030768542167,1194.2364238912462,1151.8609456204706,1396.8358495114753,0
2026-01-06 16:00:00,WELL-003,PUMP-003,146.76163696463766,80.66402348587404,4.458438375932974,1301.5751842627387,1134.1661157063236,1424.4695750351211,0
2026-01-06 17:00:00,WELL-003,PUMP-003,151.46778494969254,75.2240122819397,4.258312303946072,1169.203663785907,1128.9889425142185,1407.6744077778194,0
2026-01-06 18:00:00,WELL-003,PUMP-003,142.56858814031415,72.47935663174168,3.456285386695367,1401.1423036403196,1196.671991429774,1407.9614055050688,0
2026-01-06 19:00:00,WELL-003,PUMP-003,153.6734413386789,73.52711179750003,3.282519416144345,1264.8392800254792,1177.9805195906013,1516.5079677677363,0
2026-01-06 20:00:00,WELL-003,PUMP-003,163.11168422079868,79.54011331268096,3.075536273112687,1426.788453259877,1202.8896159289068,1408.2437748013883,0
2026-01-06 21:00:00,WELL-003,PUMP-003,146.12682295290233,75.27628049143338,3.979946769013032,1245.3737993355287,1295.0867744496722,1382.6106512393746,0
2026-01-06 22:00:00,WELL-003,PUMP-003,150.81378566777417,82.49005885152214,3.3122981161690865,1332.4735470693527,1159.8356041154104,1471.5511479005447,0
2026-01-06 23:00:00,WELL-003,PUMP-003,138.4687825009966,72.79320604242574,3.6868930262342383,1233.3494323132595,1193.8576269981488,1511.743950869317,0
2026-01-07 00:00:00,WELL-003,PUMP-003,130.9190904104557,72.17370630394798,2.4128063974627674,1173.9447445267797,960.3039733636172,1443.1505211153028,0
2026-01-07 01:00:00,WELL-003,PUMP-003,150.33400778694278,69.28005499338315,3.079292808845814,1204.2278453661966,1314.7938289223362,1394.837464726483,0
2026-01-07 02:00:00,WELL-003,PUMP-003,147.3870897547103,84.92690197630147,2.5681788332961077,1137.715309634907,1174.1351830077654,1562.701905446056,0
2026-01-07 03:00:00,WELL-003,PUMP-003,149.51122136345853,75.34745806359817,3.705543098918874,1173.5489452244606,1161.7706326793223,1468.5299206990105,0
2026-01-07 04:00:00,WELL-003,PUMP-003,157.62541003463483,78.94537600699955,3.1224675962915827,1193.4634585301596,1089.4814424716521,1454.1936250880467,0
2026-01-07 05:00:00,WELL-003,PUMP-003,142.7329752562345,72.61759934774284,3.868083162015067,1199.8566200351954,1195.7540519680558,1453.0581283925458,0
2026-01-07 06:00:00,WELL-003,PUMP-003,151.46410342649185,70.04236479447684,3.5631671743458067,1262.0481994275708,1074.7867198449765,1499.7846877185182,0
2026-01-07 07:00:00,WELL-003,PUMP-003,152.16478172892522,71.90944284163213,4.586181566002497,1281.941552609134,1138.1793191769218,1478.3255964720595,0
2026-01-07 08:00:00,WELL-003,PUMP-003,133.42115854643203,75.77015920841794,3.450381352988961,1340.8953099714033,1205.1338565436256,1516.7114597086345,0
2026-01-07 09:00:00,WELL-003,PUMP-003,157.79298695436745,72.54090254758584,3.711803708327897,1111.9012172790347,1171.107416798747,1375.7734229034472,0
2026-01-07 10:00:00,WELL-003,PUMP-003,153.5228319510233,72.39515724384452,2.86973742274642,1317.6894775436747,1172.7576047107154,1425.5214676484663,0
2026-01-07 11:00:00,WELL-003,PUMP-003,150.25141607483076,74.12706137886121,4.1484322993321925,1250.323356625853,1197.4185955125965,1421.4873403585955,0
2026-01-07 12:00:00,WELL-003,PUMP-003,153.48437055193892,75.83242636288574,2.0623506270017504,1195.6815722829494,1146.3597910758267,1356.2553967976232,0
2026-01-07 13:00:00,WELL-003,PUMP-003,152.85576077916213,74.7480002470049,4.8939601906728365,1220.315462815969,1148.560778133189,1503.13847997644,0
2026-01-07 14:00:00,WELL-003,PUMP-003,135.945050404788,68.6550871137275,2.966684181178595,1237.220120160673,1109.0085047311122,1466.948794683413,0
2026-01-07 15:00:00,WELL-003,PUMP-003,148.54082410093955,85.12434470247923,3.2450385261574857,1239.4593449446577,1165.8233901771641,1458.7265704172241,0
2026-01-07 16:00:00,WELL-003,PUMP-003,157.03211323645607,70.26754602005786,3.3907036496852454,1272.4969346067253,1160.8895276384192,1479.2510666143899,0
2026-01-07 17:00:00,WELL-003,PUMP-003,150.8023177800563,73.93022285406225,2.4125847761437282,1460.4492007881497,1230.9720924683052,1401.0340397357725,0
2026-01-07 18:00:00,WELL-003,PUMP-003,137.06262487963565,76.73156355112444,3.1219709411909955,1191.267050710319,1078.7451257521518,1426.7462026899498,0
2026-01-07 19:00:00,WELL-003,PUMP-003,153.1073831545029,78.41110540456415,3.003811640249825,1262.871536335925,1118.4024953584312,1475.5865482134955,0
2026-01-07 20:00:00,WELL-003,PUMP-003,145.96461853362266,67.40053600190508,4.055754494650635,1219.1197939480448,1192.7468772071104,1398.201903569668,0
2026-01-07 21:00:00,WELL-003,PUMP-003,154.4407175955327,76.40318683391344,3.194614082965578,1026.3930347246464,1182.7091606330293,1489.4024542158534,0
2026-01-07 22:00:00,WELL-003,PUMP-003,163.9668717621851,78.61337412444149,3.0480777310454177,1240.9126270638428,1141.9605699156439,1513.1927969548194,0
2026-01-07 23:00:00,WELL-003,PUMP-003,157.00970459417877,76.54182156315943,4.196724603054817,1215.0747158856268,1268.4299151658092,1366.8079813361521,0
2026-01-08 00:00:00,WELL-003,PUMP-003,156.05625652043182,73.73687565598682,1.555091704802528,1273.7728019046576,1179.871986880913,1456.9991048160678,0
2026-01-08 01:00:00,WELL-003,PUMP-003,160.892857890534,75.28335147035835,3.909246917444136,1302.3499167514894,1109.1104388336857,1492.856516587636,0
2026-01-08 02:00:00,WELL-003,PUMP-003,149.43330521667127,75.45562433626688,3.564619669463971,1329.8574124777383,1225.0568127115744,1553.8671719784977,0
2026-01-08 03:00:00,WELL-003,PUMP-003,150.2929594108658,83.43046577169497,3.5236763482784625,1426.6398922664775,1089.2287111805972,1448.3823623164653,0
2026-01-08 04:00:00,WELL-003,PUMP-003,146.81243780008506,72.76678476592697,3.8673618860632355,1125.2451376699019,1104.5595477945878,1467.1579277098708,0
2026-01-08 05:00:00,WELL-003,PUMP-003,144.5341356577785,78.70904370738884,3.680090570741705,1238.4139237120332,1217.8835105110302,1494.5535270455246,0
2026-01-08 06:00:00,WELL-003,PUMP-003,161.88381895418038,64.76281407114625,3.36756274582498,1143.3857247179837,1064.3430125852558,1498.3478322672408,0
2026-01-08 07:00:00,WELL-003,PUMP-003,146.20774771269532,79.57461740058916,3.3468451060026823,1269.8607837192383,1196.0366329348656,1416.3026169118295,0
2026-01-08 08:00:00,WELL-003,PUMP-003,148.0274315659234,78.67566056527046,3.503828924577989,1102.139317593727,1036.8759697339112,1421.0507890030049,0
2026-01-08 09:00:00,WELL-003,PUMP-003,154.68430606670796,77.15283692030954,3.0488734846474954,1372.9227325054535,1160.913769184256,1550.5134189918276,0
2026-01-08 10:00:00,WELL-003,PUMP-003,148.6090094374833,81.69296069147804,3.0769336879004237,1142.0315795430458,1181.3996840344494,1430.0086632856737,0
2026-01-08 11:00:00,WELL-003,PUMP-003,153.64052922827807,75.12120121312739,2.842280285859487,1098.7914821876998,1261.9182581957662,1422.6607922042144,0
2026-01-08 12:00:00,WELL-003,PUMP-003,158.97351313910335,76.14547415823189,3.306099400578509,1271.5049885129724,1143.6953401760798,1535.9181997881938,0
2026-01-08 13:00:00,WELL-003,PUMP-003,149.8531502064501,71.76091349385955,2.7283498700240307,1190.143174803002,1252.501272688106,1487.4097892197074,0
2026-01-08 14:00:00,WELL-003,PUMP-003,138.18674221185557,80.28900503770959,3.180713665896139,1218.9145423607038,1101.3285116412085,1468.902313021394,0
2026-01-08 15:00:00,WELL-003,PUMP-003,136.8030965645311,78.68039378022439,4.116227511306656,1199.5343204874046,1073.567619227038,1339.5813905493549,0
2026-01-08 16:00:00,WELL-003,PUMP-003,141.9673629363598,79.72192611417695,3.5909943632870105,1168.099524183372,1135.648733915433,1354.688168995531,0
2026-01-08 17:00:00,WELL-003,PUMP-003,169.06765629317493,74.4179755026945,4.500051877126202,1274.5776835436552,1201.4291832303497,1542.1962871257642,0
2026-01-08 18:00:00,WELL-003,PUMP-003,148.50218142794495,80.16328758311006,4.372304142273131,1211.6028285830232,1129.4901642361979,1456.942801621544,0
2026-01-08 19:00:00,WELL-003,PUMP-003,151.02760853797034,72.04347680560527,2.3964977664970357,1187.3131954012974,1189.1686790437925,1407.177167387712,0
2026-01-08 20:00:00,WELL-003,PUMP-003,151.93656536230372,70.74512459659218,4.018354129977467,1311.5308623448027,1166.8591083494082,1492.0303356391692,0
2026-01-08 21:00:00,WELL-003,PUMP-003,146.71134705857213,78.69096979629136,3.364762830702606,1154.9122078025894,1281.0310007090852,1356.5036352475959,0
2026-01-08 22:00:00,WELL-003,PUMP-003,150.5263091891917,83.31465723594918,3.4039553080350173,1230.5271757945673,1183.955745392589,1443.7539202338216,0
2026-01-08 23:00:00,WELL-003,PUMP-003,155.9710646478685,74.4258378745689,4.5570050571163865,1347.88855067661,1146.609599717505,1490.5430858016612,0
2026-01-09 00:00:00,WELL-003,PUMP-003,151.19024507845845,74.14371847587533,3.552434857352073,1248.715676860113,1360.8501562116596,1383.4886872179331,0
2026-01-09 01:00:00,WELL-003,PUMP-003,145.78700042415548,73.89549874539446,3.544402407165719,1257.7389146190412,1206.3448422028323,1425.49107459315,0
2026-01-09 02:00:00,WELL-003,PUMP-003,137.9421934369285,72.21641051071418,3.7572567553284584,1311.6370876549781,1333.541468520187,1497.7851985556933,0
2026-01-09 03:00:00,WELL-003,PUMP-003,138.88108207278776,74.4082918806309,3.8699572316687343,1160.8221395235994,1166.8959041624066,1489.996364976496,0
2026-01-09 04:00:00,WELL-003,PUMP-003,157.02038042761137,76.7583117748703,3.8411867696076625,1280.633736804581,1293.8501514226202,1461.8021531912184,0
2026-01-09 05:00:00,WELL-003,PUMP-003,140.67839770357412,66.9968707840831,3.968647388729164,1251.6449976343863,1147.5607700218732,1396.742199295232,0
2026-01-09 06:00:00,WELL-003,PUMP-003,156.47726024118592,76.15355874537481,3.5610730002243964,1274.5078027145619,1186.4839311564247,1512.1431281429157,0
2026-01-09 07:00:00,WELL-003,PUMP-003,171.2297990029308,80.94709142231738,3.0031836924874047,1307.3364545790967,1080.8860809324185,1381.4342911946937,0
2026-01-09 08:00:00,WELL-003,PUMP-003,162.59317428825926,73.27046359666586,2.99757152619052,1321.6636974588744,1244.7697324901783,1458.4325683805098,0
2026-01-09 09:00:00,WELL-003,PUMP-003,153.5463274128594,75.91053016028664,3.697535520146188,1275.0015903821775,1042.4571901916208,1507.7445571317696,0
2026-01-09 10:00:00,WELL-003,PUMP-003,160.8189003674092,63.175723136042436,4.731243986853161,1113.5232724087411,1136.1035022659394,1447.9541232402466,0
2026-01-09 11:00:00,WELL-003,PUMP-003,166.9539230978316,68.37541990288769,3.990222011755515,1168.6230513679873,1135.2415774887836,1419.1583699511416,0
2026-01-09 12:00:00,WELL-003,PUMP-003,152.29818011221943,79.71857752878022,3.141032399481291,1180.4985964341672,1222.9422115970285,1448.3748053471156,0
2026-01-09 13:00:00,WELL-003,PUMP-003,146.5277418898479,83.30213426746674,3.259831237278239,1103.1570551179275,1237.0126712923955,1403.624490764507,0
2026-01-09 14:00:00,WELL-003,PUMP-003,151.26107646752754,75.97477546206093,3.485522533727016,1290.8480552328251,1124.3041406321934,1519.970896332694,0
2026-01-09 15:00:00,WELL-003,PUMP-003,140.16979080760294,73.95367644167796,4.561874439702266,1349.8774431538206,1322.883335223586,1473.9625047948361,0
2026-01-09 16:00:00,WELL-003,PUMP-003,135.95595529036297,77.26952614720673,2.968571720120186,1200.0132305252414,1102.909945711212,1486.6075613027367,0
2026-01-09 17:00:00,WELL-003,PUMP-003,152.70090074044148,78.37875940754601,2.5270939450467003,1142.8198197051195,1089.281398554656,1441.118752067834,0
2026-01-09 18:00:00,WELL-003,PUMP-003,157.9088703479934,73.0943115166329,3.8622279443265177,1362.1200277241726,1095.3798794765494,1421.7031434553796,0
2026-01-09 19:00:00,WELL-003,PUMP-003,137.66585660236163,74.61936388465546,3.2201411525832366,1216.0058531554432,1130.6197602745237,1486.0717953672042,0
2026-01-09 20:00:00,WELL-003,PUMP-003,167.71463954045277,68.26145384845299,3.306948377605875,1247.4015171326325,1313.8881694049758,1383.757710953363,0
2026-01-09 21:00:00,WELL-003,PUMP-003,142.23194541271488,77.12399656738393,2.848164873273472,1290.1311745808687,1125.527296513715,1510.577412845588,0
2026-01-09 22:00:00,WELL-003,PUMP-003,149.09473204435133,72.22363455993414,2.9074862225438034,1309.3055853526332,1217.4821123186744,1510.4505099450498,0
2026-01-09 23:00:00,WELL-003,PUMP-003,147.89674241700027,64.02954800119376,3.0871177627090463,1444.6109059217404,1138.552006476721,1538.551057519903,0
2026-01-10 00:00:00,WELL-003,PUMP-003,158.38563174140222,70.80911758834235,3.1397968045961075,1297.4831545834552,1180.2142081717002,1479.2311476243372,0
2026-01-10 01:00:00,WELL-003,PUMP-003,158.27488078411648,79.80750047151984,4.1894168377989764,1200.1152755760688,1252.3540441945238,1423.9331928766424,0
2026-01-10 02:00:00,WELL-003,PUMP-003,146.0402835928744,69.92002284415986,2.453143767436819,1165.5740673126033,1157.3263802748854,1460.5939589414443,0
2026-01-10 03:00:00,WELL-003,PUMP-003,147.9467637063816,72.47048529803817,4.267450321665454,1202.7596681122589,1300.0187903432707,1506.963569959855,0
2026-01-10 04:00:00,WELL-003,PUMP-003,155.10834653814078,83.4881188985467,3.699248876850086,1301.6903740819337,1157.54512967036,1381.897831457262,0
2026-01-10 05:00:00,WELL-003,PUMP-003,153.12222781647637,71.3294497438063,3.2249671538877878,1250.4816908653354,1071.2447069641041,1456.9520738556694,0
2026-01-10 06:00:00,WELL-003,PUMP-003,139.36793890221242,71.28835993561714,3.8161888348182518,1250.6048144315307,1246.0057033928063,1459.0626974172526,0
2026-01-10 07:00:00,WELL-003,PUMP-003,159.32281906041692,74.59326136482126,4.15726969070537,1243.1931867479184,1131.0377388515506,1430.362469080146,0
2026-01-10 08:00:00,WELL-003,PUMP-003,157.4241252732135,76.0424598528779,2.0873102463820388,1251.460196868489,1266.1322033431984,1476.3740416513865,0
2026-01-10 09:00:00,WELL-003,PUMP-003,164.1316579723005,77.40340632110197,3.649932534898298,1226.7307863847461,1218.3649810634483,1456.4683835505407,0
2026-01-10 10:00:00,WELL-003,PUMP-003,150.13099393545036,70.06528631749222,2.1465252013431515,1284.480775370406,1192.1763045888968,1419.0912478949915,0
2026-01-10 11:00:00,WELL-003,PUMP-003,153.79768781918932,73.732184142759,3.2161893996374276,1102.5546548111772,1115.056219063301,1455.0781211751803,0
2026-01-10 12:00:00,WELL-003,PUMP-003,144.4031935303811,73.95312193344043,4.37289570448799,1119.0877584634811,1315.5102717976424,1456.7927950783146,0
2026-01-10 13:00:00,WELL-003,PUMP-003,156.77540464970144,72.14190804215367,4.26365452198123,1123.6767911105658,1151.4591087911967,1434.4389551245724,0
2026-01-10 14:00:00,WELL-003,PUMP-003,170.68780140547116,77.0952536737673,3.867959326796686,1341.022142453493,1080.5055038277017,1537.6145954561016,0
2026-01-10 15:00:00,WELL-003,PUMP-003,159.17092860237466,73.56808664913306,2.8200989024767638,1296.1039722432408,1352.4489852492582,1444.5546752430835,0
2026-01-10 16:00:00,WELL-003,PUMP-003,155.54964890028947,82.92247187578529,3.025989741910875,1305.425216824074,1160.1405290144687,1509.523749259674,0
2026-01-10 17:00:00,WELL-003,PUMP-003,140.15975939262384,72.28566202623732,3.286161795607637,1367.2283766022895,1183.4438556467535,1440.3523005200116,0
2026-01-10 18:00:00,WELL-003,PUMP-003,141.10138024263534,69.16121292050039,4.264810309807692,1159.1491276193738,1215.6506726549405,1419.1964392331838,0
2026-01-10 19:00:00,WELL-003,PUMP-003,147.736189784154,80.26384469805792,3.8030663672498446,1393.318347229131,1149.0439751885758,1492.1985512202798,0
2026-01-10 20:00:00,WELL-003,PUMP-003,132.37669317435424,73.89717029866343,3.648143638049967,1159.984173780982,1103.7914612666561,1478.0736314913067,0
2026-01-10 21:00:00,WELL-003,PUMP-003,159.56883708406332,79.19274463156812,3.9238224183503596,1243.3004451694478,1159.026778576247,1534.261175573987,0
2026-01-10 22:00:00,WELL-003,PUMP-003,172.01665239883772,106.37075929567973,9.018657829724502,1119.6906006329148,919.0622123550037,1415.6633802216325,1
2026-01-10 23:00:00,WELL-003,PUMP-003,149.46042753155854,80.96805877586294,3.2946170939305106,1322.1673049270614,1194.5242158496528,1472.283895354096,0
2026-01-11 00:00:00,WELL-003,PUMP-003,160.20099523728913,87.36979390208359,3.658417400837597,1166.1752145297417,1157.009148386983,1443.205430723741,0
2026-01-11 01:00:00,WELL-003,PUMP-003,156.97244773030513,76.63585276438896,2.8273195923452468,1360.4111151094812,1322.604744780285,1457.3538413722988,0
2026-01-11 02:00:00,WELL-003,PUMP-003,154.40213491056747,73.19258897211239,3.634115434685833,1294.4993750023107,1168.7970458788518,1483.793530111514,0
2026-01-11 03:00:00,WELL-003,PUMP-003,149.72348608124958,79.52858800248683,4.907374497137864,1137.994301247861,1172.7331260917924,1390.9769757383958,0
2026-01-11 04:00:00,WELL-003,PUMP-003,156.78638543443896,78.24126328162934,3.5839360540821907,1295.9181360665343,1197.2160603182288,1442.885975160361,0
2026-01-11 05:00:00,WELL-003,PUMP-003,184.75072234540363,94.4128348204875,7.290231664052489,1179.2684517393138,1159.0316609021274,1406.2900364992925,0
2026-01-11 06:00:00,WELL-003,PUMP-003,158.8617687678596,77.83301074196363,3.8865863000649203,1261.7180489322654,1216.6326647910012,1409.9704828825948,0
2026-01-11 07:00:00,WELL-003,PUMP-003,170.44753438598403,82.46878312526079,7.098905418161366,1128.1184443531051,1044.006072508371,1486.3665142451503,0
2026-01-11 08:00:00,WELL-003,PUMP-003,141.4417676551268,67.29794468024826,4.383282696899071,1313.6390155963911,1236.8396902747893,1439.1744690950316,0
2026-01-11 09:00:00,WELL-003,PUMP-003,166.4099755461557,71.53097791049089,3.4404113973247807,1228.2058479255302,1043.1784896861707,1434.4801598122015,0
2026-01-11 10:00:00,WELL-003,PUMP-003,154.37255330289804,78.85416980561781,3.700494573123893,1287.5978832265507,1274.2283826328808,1410.3792294083514,0
2026-01-11 11:00:00,WELL-003,PUMP-003,172.81101624894544,100.85126312145191,10.58926852808581,907.1467909994911,917.5504956022322,1478.9454909034566,1
2026-01-11 12:00:00,WELL-003,PUMP-003,172.8360476955358,105.37562744638527,7.6237380704360005,1135.3629627307923,1052.6759668737095,1381.135225536395,0
2026-01-11 13:00:00,WELL-003,PUMP-003,144.12263125058513,79.7796791116538,4.210129461548963,1156.8269321190085,1095.7260445723534,1461.26283409918,0
2026-01-11 14:00:00,WELL-003,PUMP-003,152.39086771000464,78.17626532424036,3.2814259424645535,1412.0072866793562,1243.1179585499176,1430.9364646984166,0
2026-01-11 15:00:00,WELL-003,PUMP-003,150.5058571721048,73.62080020051772,2.804838041804309,1104.7480819296945,1144.0137836942472,1494.8827885824871,0
2026-01-11 16:00:00,WELL-003,PUMP-003,154.16479104887173,69.87525234434159,2.7994885279538924,1314.869098620842,1245.633039045672,1425.4603987189198,0
2026-01-11 17:00:00,WELL-003,PUMP-003,153.20135684160397,64.92968362881118,2.97986924906992,1247.6248967771216,1214.10527362413,1488.3653681301244,0
2026-01-11 18:00:00,WELL-003,PUMP-003,178.7385718742707,99.37318473032767,10.96373344482533,1155.3592676120452,982.0211030678086,1456.5119541924769,1
2026-01-11 19:00:00,WELL-003,PUMP-003,140.16797711604443,79.74474111403548,4.2456806492359656,1379.4173660620627,1151.895582287476,1426.2774752265516,0
2026-01-11 20:00:00,WELL-003,PUMP-003,146.937460152106,71.9695808389017,3.207994206271042,1325.4878221018357,1229.4553824483078,1449.0438910073146,0
2026-01-11 21:00:00,WELL-003,PUMP-003,162.0755924032212,67.17511814249951,3.7248678513156825,1269.0603866697877,1183.2065577972119,1453.4398439169845,0
2026-01-11 22:00:00,WELL-003,PUMP-003,149.438211035403,73.56445247568828,3.7611269169737613,1190.680140006982,1155.9370436342922,1456.0730532099774,0
2026-01-11 23:00:00,WELL-003,PUMP-003,146.63279249140047,67.19790234761544,3.0327956892217722,1398.2157675882306,1129.6598857008942,1445.139816487011,0
2026-01-12 00:00:00,WELL-003,PUMP-003,151.66288400853665,75.6629883601305,2.538069892031542,1104.8092936414876,1200.7153268242266,1456.7714417359978,0
2026-01-12 01:00:00,WELL-003,PUMP-003,161.13676195296947,73.5923564506784,2.9684427767210373,1269.9645144246047,1098.9702359561982,1473.600571573144,0
2026-01-12 02:00:00,WELL-003,PUMP-003,158.46368571071034,75.40922167264769,2.439105852948061,1225.9460511645054,1212.4311057163961,1433.347618951224,0
2026-01-12 03:00:00,WELL-003,PUMP-003,139.65357744632186,73.46761253944784,3.4132467698083673,1373.3577878270908,1089.465813856562,1380.6975729707215,0
2026-01-12 04:00:00,WELL-003,PUMP-003,163.90387988098817,77.14483974274259,3.7032548973682196,1239.7281387265914,1175.2199654564997,1436.828818244025,0
2026-01-12 05:00:00,WELL-003,PUMP-003,142.41100391850856,70.28938952323595,4.027240566828599,1126.4581343121956,1297.3941422707978,1427.1937153252697,0
2026-01-12 06:00:00,WELL-003,PUMP-003,141.53988263765254,78.11671150337415,3.430057192128003,1267.13351529054,1111.636577889551,1458.0134428708789,0
2026-01-12 07:00:00,WELL-003,PUMP-003,141.4588658933394,70.11108877660128,4.225487771654127,1281.8339877372266,1124.4783058786556,1493.637972811705,0
2026-01-12 08:00:00,WELL-003,PUMP-003,148.21579454986878,76.4101810523111,3.4082870049114646,1284.6849968153504,1303.408575677618,1424.6141615425142,0
2026-01-12 09:00:00,WELL-003,PUMP-003,154.46431737215212,65.56331524282457,3.4858667598675477,1228.033760019763,1206.4748513850725,1407.6365361565604,0
2026-01-12 10:00:00,WELL-003,PUMP-003,139.18967677841252,73.499356065859,2.8973973042236563,1260.145974810797,1154.356082600357,1458.838105162513,0
2026-01-12 11:00:00,WELL-003,PUMP-003,124.86868366962763,78.96879071549567,3.7964240115274404,1358.235363821656,1033.6917044981067,1417.2725230081808,0
2026-01-12 12:00:00,WELL-003,PUMP-003,161.3216362136146,84.20907804693303,3.412790346611669,1277.7917989147809,1110.839802739794,1442.6403624615994,0
2026-01-12 13:00:00,WELL-003,PUMP-003,143.99455210358676,77.57188568306928,2.4120211565802196,1300.9641471687007,1199.8364601681233,1437.3070461427465,0
2026-01-12 14:00:00,WELL-003,PUMP-003,140.69648810517668,73.2129247591465,4.07180569892843,1226.009802040271,1212.2290954889977,1443.0228978536047,0
2026-01-12 15:00:00,WELL-003,PUMP-003,147.81583026067258,73.49777531134417,3.320208334601112,1331.0721544772032,1270.535892123997,1471.0966856086754,0
2026-01-12 16:00:00,WELL-003,PUMP-003,154.26956198404955,82.46476311376914,3.265385199880654,1368.3585409488699,1133.868332133823,1516.432320577232,0
2026-01-12 17:00:00,WELL-003,PUMP-003,145.49762455398374,83.02263963868147,3.9418482467216083,1199.003478054591,1236.5887823852888,1443.5209444454008,0
2026-01-12 18:00:00,WELL-003,PUMP-003,148.1971881196464,83.33331629613761,3.092999222398704,1200.8685175002252,1286.7162026781132,1427.7526804552374,0
2026-01-12 19:00:00,WELL-003,PUMP-003,141.02012541021708,79.86355196461088,3.136021503606717,1248.0225154701382,1170.915944292108,1448.7644567465538,0
2026-01-12 20:00:00,WELL-003,PUMP-003,159.33774186643498,82.94223588120056,3.0890076925137513,1314.0945411190546,1233.5781509209344,1503.6706351205223,0
2026-01-12 21:00:00,WELL-003,PUMP-003,140.73800603308962,75.74652620612721,4.111397499012765,1239.8558424716114,1261.9053944120742,1436.4220848103082,0
2026-01-12 22:00:00,WELL-003,PUMP-003,152.73403136570832,68.50837030165549,1.9874917960563592,1261.9047009343672,1165.0251473554183,1401.152713030906,0
2026-01-12 23:00:00,WELL-003,PUMP-003,148.53758054074905,70.63850088969745,3.780942565818133,1232.8684902328428,1274.1838077518744,1417.5721438355674,0
2026-01-13 00:00:00,WELL-003,PUMP-003,141.71516755163685,79.40529446028717,3.528379245877237,1305.5735299294868,1149.443959571412,1503.5840186945295,0
2026-01-13 01:00:00,WELL-003,PUMP-003,138.9058543132985,74.44233191903247,3.603255725679098,1253.6578236548357,1273.1110057595804,1442.5433084468546,0
2026-01-13 02:00:00,WELL-003,PUMP-003,156.19218219256842,74.96259601629626,3.630013458498604,1273.65324411856,1208.2309722916777,1358.7171002167697,0
2026-01-13 03:00:00,WELL-003,PUMP-003,143.64363353542907,60.88682520877737,3.330314002974472,1245.9947713415602,1164.6779853440682,1462.1556674141857,0
2026-01-13 04:00:00,WELL-003,PUMP-003,149.43275709978104,73.32416513386808,2.4532802668363676,1194.7779013410236,1167.1521774588475,1444.2524534254078,0
2026-01-13 05:00:00,WELL-003,PUMP-003,160.00526914350615,69.0538800754381,2.8811152736535535,1303.4683174274767,1302.579491819011,1421.129890388528,0
2026-01-13 06:00:00,WELL-003,PUMP-003,161.93339087041446,78.62414686742916,4.053786539084259,1208.3495514750161,1068.1666189582081,1524.506876104992,0
2026-01-13 07:00:00,WELL-003,PUMP-003,140.43236527955528,76.37237900788905,2.4817460114356638,1165.6555965916737,1279.8877183087286,1422.9217061694558,0
2026-01-13 08:00:00,WELL-003,PUMP-003,148.86669894502205,76.51161450174138,4.325358178582525,1217.6723750534081,1322.4872019703716,1549.6047203748726,0
2026-01-13 09:00:00,WELL-003,PUMP-003,137.84168957318406,71.63912404374976,3.7045289956769363,1309.497265631985,1218.916412497073,1348.4224344626382,0
2026-01-13 10:00:00,WELL-003,PUMP-003,139.89708197017458,68.85236874391308,3.5643375730514917,1210.0103172395975,1156.1234947500875,1501.0981577530001,0
2026-01-13 11:00:00,WELL-003,PUMP-003,156.90688095249027,93.3184129773553,9.041617541045287,977.0666067852264,1094.060723435421,1491.7629783599716,1
2026-01-13 12:00:00,WELL-003,PUMP-003,151.5911036428455,81.06130028892707,3.3344538725587816,1172.8991521299586,1360.3938030699023,1458.7244099743868,0
2026-01-13 13:00:00,WELL-003,PUMP-003,149.33462582452304,81.88667514764171,2.1848128062320713,1136.2212398794502,1227.7143956567872,1450.7054178126562,0
2026-01-13 14:00:00,WELL-003,PUMP-003,156.66622893682745,77.99077623732353,4.075035170970268,1378.44891065935,1256.728255478643,1459.8415699450966,0
2026-01-13 15:00:00,WELL-003,PUMP-003,160.2465081801534,83.84636684395115,9.401654577695671,1192.6142937716968,970.6830743232042,1489.8170009874416,0
2026-01-13 16:00:00,WELL-003,PUMP-003,148.01636634137688,72.60015926925637,3.1904114063905524,1283.3498450072032,1226.1042366953357,1461.6097252321165,0
2026-01-13 17:00:00,WELL-003,PUMP-003,149.66279574654826,75.16763143739159,3.766391492936318,1227.5593132300423,1242.268754175574,1518.5570523671045,0
2026-01-13 18:00:00,WELL-003,PUMP-003,145.66821594794266,74.48996859936369,3.902610682950662,1335.4398222447178,1245.7278628093354,1446.8061083584328,0
2026-01-13 19:00:00,WELL-003,PUMP-003,155.61608489223525,73.06344230888324,3.5435764329076416,1365.1920445085448,1157.4472285166596,1429.1226966872707,0
2026-01-13 20:00:00,WELL-003,PUMP-003,179.62572830585063,96.66573381266011,8.210514218568697,1076.3468295984603,862.6630984119513,1427.093150507914,1
2026-01-13 21:00:00,WELL-003,PUMP-003,148.6305650416288,74.66943803023996,2.4744641604784423,1281.3358412808377,1173.7557691615832,1530.5146490241436,0
2026-01-13 22:00:00,WELL-003,PUMP-003,155.78554380822987,74.31186058871279,3.6526441272479913,1288.7610504618217,1156.017843146025,1486.5377330580195,0
2026-01-13 23:00:00,WELL-003,PUMP-003,162.29917384547431,82.07055195303391,2.0075259447763223,1213.3421576594799,1296.493443834873,1426.1968721111066,0
2026-01-14 00:00:00,WELL-003,PUMP-003,147.78599175377397,71.25078538645907,3.361338409598508,1246.289561127834,1145.1579462204015,1505.6386258907528,0
2026-01-14 01:00:00,WELL-003,PUMP-003,151.97817161687004,79.43289746378825,2.629264220659305,1176.0585277923942,1264.9225431874113,1476.644586011352,0
2026-01-14 02:00:00,WELL-003,PUMP-003,157.74496061792496,65.57171025869505,3.8054276832044405,1322.1015815649291,1151.197895844666,1422.608928787839,0
2026-01-14 03:00:00,WELL-003,PUMP-003,157.5116574258788,67.35112959945332,2.603441882560257,1264.4696889185946,1145.5918910335167,1418.647569265113,0
2026-01-14 04:00:00,WELL-003,PUMP-003,144.435613324065,74.71517159868367,2.96364300619945,1345.7953101239734,1089.4327844452475,1495.0502662101057,0
2026-01-14 05:00:00,WELL-003,PUMP-003,143.29310495999354,68.93671433688343,3.969165521271151,1244.7671813123684,1179.0547728784916,1394.6633506135274,0
2026-01-14 06:00:00,WELL-003,PUMP-003,142.4745049202359,72.93438557115343,3.7875074956468966,1261.6019337977996,1254.0932340483275,1464.70837690008,0
2026-01-14 07:00:00,WELL-003,PUMP-003,143.5478413403475,83.38600254983048,3.2389167512227792,1144.809706847647,1195.3350093776369,1426.2303878892728,0
2026-01-14 08:00:00,WELL-003,PUMP-003,144.1530005878919,73.18115489313425,3.4878847382157403,1339.8541557281346,1303.1084985868404,1541.3720970556897,0
2026-01-14 09:00:00,WELL-003,PUMP-003,154.88856724088456,71.16766784490106,2.940128546788315,1303.8778236926585,1162.7157170757382,1353.7011090777448,0
2026-01-14 10:00:00,WELL-003,PUMP-003,156.93419732147692,82.32352241870623,4.308714552357494,1322.7387153746376,1109.1640637439552,1390.9388776195808,0
2026-01-14 11:00:00,WELL-003,PUMP-003,146.60321467182285,76.9881875088814,3.2223580112021972,1225.436132725992,1260.049623145003,1455.3246990145046,0
2026-01-14 12:00:00,WELL-003,PUMP-003,146.20407644201302,68.29991136038224,4.328555938280779,1252.8113779696698,1315.8844205786145,1454.6189574696034,0
2026-01-14 13:00:00,WELL-003,PUMP-003,137.46432503066117,77.03545191699416,4.671835817323938,1170.4114918025966,1126.8138507608558,1414.4992278554223,0
2026-01-14 14:00:00,WELL-003,PUMP-003,144.07659215450298,73.07238147778195,4.179838064964303,1261.5377405498134,1097.3989583933999,1501.5192346944496,0
2026-01-14 15:00:00,WELL-003,PUMP-003,157.96134132126886,79.6868370712684,3.9980968234077827,1279.827379892466,1195.4132519943594,1501.6194699063199,0
2026-01-14 16:00:00,WELL-003,PUMP-003,158.7905125654176,77.44427350456463,3.4247236765086977,1143.0206067264924,1156.8019227412615,1472.4198508264808,0
2026-01-14 17:00:00,WELL-003,PUMP-003,147.72168472387685,70.01367521015793,3.2216873422964327,1162.145089297748,1148.5764128880896,1429.6944821488298,0
2026-01-14 18:00:00,WELL-003,PUMP-003,171.78494390101145,78.03683542852893,3.928846123500624,1187.966757095475,1215.3325481999932,1438.6139498460957,0
2026-01-14 19:00:00,WELL-003,PUMP-003,161.28553856336717,73.45144594096713,3.1553079767502346,1319.7362068479051,1215.665949475078,1440.633484508935,0
2026-01-14 20:00:00,WELL-003,PUMP-003,149.53958823809472,72.13242989739786,3.867584565552624,1304.340870471097,1184.585228768354,1491.3856586791376,0
2026-01-14 21:00:00,WELL-003,PUMP-003,161.17408141918793,77.22484157688088,3.518638055839359,1237.0586175067465,1203.1606919884446,1487.4883314244591,0
2026-01-14 22:00:00,WELL-003,PUMP-003,145.42839516276598,79.83085652973827,3.7284535074487595,1373.653898046933,1186.1094228266552,1398.133564311514,0
2026-01-14 23:00:00,WELL-003,PUMP-003,155.28274443650145,78.7377306289323,3.2629718886982597,1274.7237468019227,1279.6767691878817,1520.688482414563,0
2026-01-15 00:00:00,WELL-003,PUMP-003,136.78284694488946,69.98948037684785,4.1732793933382855,1284.3040574219408,1313.6507935438524,1398.1147588982762,0
2026-01-15 01:00:00,WELL-003,PUMP-003,137.95334075735502,74.75044883479418,3.14605076225004,1276.483112225377,1123.3457320643583,1398.7138302512697,0
2026-01-15 02:00:00,WELL-003,PUMP-003,163.14180725918374,70.20168336722278,2.22969698720293,1249.180848174622,1153.5819325162563,1441.1010125583693,0
2026-01-15 03:00:00,WELL-003,PUMP-003,144.21465248936485,76.83303123506903,3.0225694018876332,1389.7192505275698,1251.9005725125205,1490.4179774832853,0
2026-01-15 04:00:00,WELL-003,PUMP-003,128.87371491539676,70.83402798732064,2.7278116614315433,1285.831428684634,1203.6478141152393,1467.8963849992442,0
2026-01-15 05:00:00,WELL-003,PUMP-003,155.72189267112986,73.03324437588563,2.547687158192928,1233.4147123193404,1223.64680591781,1540.270842320989,0
2026-01-15 06:00:00,WELL-003,PUMP-003,147.05656625484033,69.45609210294745,3.819155192821312,1204.2170101924557,1120.8695320462464,1441.281014629805,0
2026-01-15 07:00:00,WELL-003,PUMP-003,154.46956226337454,72.97680739979526,2.7653676359852275,1178.578135417908,1301.3829368095833,1469.210461082473,0
2026-01-15 08:00:00,WELL-003,PUMP-003,157.06388964369432,77.58278522399918,3.7745089411070216,1321.03287090014,1181.0521025837559,1481.0041840805977,0
2026-01-15 09:00:00,WELL-003,PUMP-003,142.1764893155789,71.93788554549566,2.3125887839061727,1412.1453692833913,1240.392821436688,1408.496475243538,0
2026-01-15 10:00:00,WELL-003,PUMP-003,142.0993600386776,67.15693662758777,2.861320676540227,1280.5374280672029,1168.6643297405717,1505.659656228849,0
2026-01-15 11:00:00,WELL-003,PUMP-003,135.93432898675653,73.7444108267878,2.916702669234005,1256.366363724525,1280.392392556423,1363.028737788386,0
2026-01-15 12:00:00,WELL-003,PUMP-003,154.1540828348617,71.93065388463141,3.7273302726817015,1236.684319242405,1257.432022625463,1384.3870203337315,0
2026-01-15 13:00:00,WELL-003,PUMP-003,156.2223810470217,71.33850225131455,3.9688148718839087,1254.1898214982054,1253.1822168337576,1439.9290049961514,0
2026-01-15 14:00:00,WELL-003,PUMP-003,156.02278664960218,73.33342502745998,3.256819363517994,1288.9568511543744,1134.1215772276776,1459.5316297815605,0
2026-01-15 15:00:00,WELL-003,PUMP-003,161.46906887054303,65.701684797251,3.0891127341566627,1242.458474338808,1208.8649178360163,1528.808626387069,0
2026-01-15 16:00:00,WELL-003,PUMP-003,150.19750211108527,65.18413545059337,4.218256715755373,1189.88891978537,1253.0599347293291,1456.0783743856325,0
2026-01-15 17:00:00,WELL-003,PUMP-003,154.67069665231247,72.82375901497416,2.6546235519247765,1272.0001838633448,1075.5528587998244,1514.7603536334823,0
2026-01-15 18:00:00,WELL-003,PUMP-003,163.76212247083947,73.22610056324821,3.3732251853240465,1184.2463733941,1145.0981375028077,1411.8529658333941,0
2026-01-15 19:00:00,WELL-003,PUMP-003,159.94261514661463,78.6358399444605,3.539534965161344,1383.2113906035024,1161.2564136892609,1516.135160999449,0
2026-01-15 20:00:00,WELL-003,PUMP-003,154.75758823984648,75.42364969250069,3.7200366513114878,1359.2228908713093,1220.7402348100031,1459.9220764265428,0
2026-01-15 21:00:00,WELL-003,PUMP-003,146.77037252801674,79.1457451752977,2.0653528608296243,1168.4158933044325,1248.5481821000874,1437.5172230890541,0
2026-01-15 22:00:00,WELL-003,PUMP-003,146.65768440736747,75.21006614776738,3.7705836864510247,1367.8104200530447,1143.9750034329152,1457.2090995754465,0
2026-01-15 23:00:00,WELL-003,PUMP-003,148.39451825299736,72.97652071568336,4.117762616851816,1408.5976360135141,1246.7632179067948,1558.59013336983,0
2026-01-16 00:00:00,WELL-003,PUMP-003,145.48437252908707,73.01325984040945,3.7103008980932626,1334.0319628699551,1147.38889404787,1427.3775897108196,0
2026-01-16 01:00:00,WELL-003,PUMP-003,156.4740690249864,81.16164302607332,2.584602554427895,1202.2422377679109,1237.4100515886141,1426.6130658070708,0
2026-01-16 02:00:00,WELL-003,PUMP-003,145.00838867006985,66.3807489059498,3.487159101254481,1248.6175891150963,1112.9384664620297,1495.8971595781056,0
2026-01-16 03:00:00,WELL-003,PUMP-003,161.26895594756735,74.37126851252114,3.9027620820232123,1309.6819162386253,1136.072199807915,1347.3256725672056,0
2026-01-16 04:00:00,WELL-003,PUMP-003,148.53044826898724,76.68504900449496,4.868156138179357,1191.2978173754097,1114.2290857983676,1402.6790426357625,0
2026-01-16 05:00:00,WELL-003,PUMP-003,147.46317733940828,70.98282862914371,3.8427345261417436,1361.2514876759965,1212.9009562872664,1455.1690998106048,0
2026-01-16 06:00:00,WELL-003,PUMP-003,149.1578350753656,68.47846538236793,3.3802371965817923,1255.0266858335472,1148.9323564216068,1371.7773006688017,0
2026-01-16 07:00:00,WELL-003,PUMP-003,153.2402830868457,70.77223911822693,2.53384212872492,1310.255195978604,1104.2587550470644,1433.066547305812,0
2026-01-16 08:00:00,WELL-003,PUMP-003,156.30196433049144,85.68805814689611,3.0844790693869983,1154.6366764670454,1250.4538330993198,1465.902577408948,0
2026-01-16 09:00:00,WELL-003,PUMP-003,157.6096552538305,96.26417759089281,7.449079155481575,1083.3688525241141,1034.1170769288128,1506.8227787162423,0
2026-01-16 10:00:00,WELL-003,PUMP-003,132.41999195790376,81.34356947288285,3.6141339331069364,1219.6300402658533,1240.0010871896302,1526.2319298241378,0
2026-01-16 11:00:00,WELL-003,PUMP-003,165.84520837356496,67.96941909470131,2.484823268187455,1313.6571558292287,1275.5755951248811,1438.7620507570798,0
2026-01-16 12:00:00,WELL-003,PUMP-003,158.12313862940178,69.14084349763738,4.116236256123811,1198.1702168282784,1205.371491711617,1424.5053023567184,0
2026-01-16 13:00:00,WELL-003,PUMP-003,135.3935540648561,80.01135517837805,3.8526669367337893,1142.4248639800037,1198.13201750386,1450.2371679763794,0
2026-01-16 14:00:00,WELL-003,PUMP-003,143.09448230266537,85.2006694299846,4.702653982205103,1242.2151079438727,1159.129323166007,1415.3967400667655,0
2026-01-16 15:00:00,WELL-003,PUMP-003,161.9740542879238,74.61245994426856,2.2419203115032165,1235.2119711479577,1186.9575862693,1408.7322671519046,0
2026-01-16 16:00:00,WELL-003,PUMP-003,152.115853479611,75.31851179882885,3.369903769866714,1226.5793664982036,1215.1330163590471,1448.5591699205688,0
2026-01-16 17:00:00,WELL-003,PUMP-003,147.6344982603397,78.5406493024764,3.402992043671303,1232.3957194102645,1181.943905497472,1453.8883734486265,0
2026-01-16 18:00:00,WELL-003,PUMP-003,151.54289474520152,82.5921101532609,3.752161117433937,1354.3970151032336,1222.4859825870647,1357.904046053423,0
2026-01-16 19:00:00,WELL-003,PUMP-003,161.6136470462146,72.5485079486971,3.6123104164931505,1228.3498602767795,1151.5431152427786,1444.3257304581684,0
2026-01-16 20:00:00,WELL-003,PUMP-003,142.6005934742458,76.34387894574321,3.612264260075055,1281.0739690942005,1108.092367874641,1369.9409400594213,0
2026-01-16 21:00:00,WELL-003,PUMP-003,163.20598675444174,79.87941041653876,3.3393433183726446,1055.1787542406987,1063.2389399432604,1417.0911656195178,0
2026-01-16 22:00:00,WELL-003,PUMP-003,143.7615465940992,79.95963154943477,2.370209931996964,1128.1121751465466,1178.7306029544343,1464.6642214502426,0
2026-01-16 23:00:00,WELL-003,PUMP-003,149.8192173356408,79.94899672963756,3.0012163210158294,1266.3124281075923,1219.3987997425122,1442.582641059609,0
2026-01-17 00:00:00,WELL-003,PUMP-003,159.62862443626767,67.55357867779891,3.3524027969865795,1285.7362888647315,1221.0940274216175,1450.3274328902269,0
2026-01-17 01:00:00,WELL-003,PUMP-003,156.1972530871206,82.43198021664188,2.8317526877468753,1357.6014925017264,1259.202045744175,1392.8402338324981,0
2026-01-17 02:00:00,WELL-003,PUMP-003,139.72217786866025,73.3448783289596,3.7728226378500644,1244.7067252362851,1198.1221260998893,1396.709864432562,0
2026-01-17 03:00:00,WELL-003,PUMP-003,155.11300610782794,78.26739328109366,3.772701543251377,1151.7207458895275,1171.4968187014967,1467.6176055157027,0
2026-01-17 04:00:00,WELL-003,PUMP-003,150.01746872669628,68.12457383416458,3.2224802202119727,1281.0143903226276,1090.579437730826,1507.829082579712,0
2026-01-17 05:00:00,WELL-003,PUMP-003,146.63785380711315,85.3102557650343,3.2587542443360897,1279.1701083153641,1218.9968570999697,1395.423544548192,0
2026-01-17 06:00:00,WELL-003,PUMP-003,143.48677394721918,69.17399000017356,2.6238185388744664,1265.0353421146206,1220.0729988245814,1482.548283938972,0
2026-01-17 07:00:00,WELL-003,PUMP-003,162.18348739587034,73.99782686652819,4.207430129323559,1134.7261785694523,1189.1520342138492,1422.9472297035961,0
2026-01-17 08:00:00,WELL-003,PUMP-003,146.33852350656738,80.23356356887882,3.964134623724088,1210.3435242740081,1171.1335180856636,1422.4441879979686,0
2026-01-17 09:00:00,WELL-003,PUMP-003,153.84259499900037,73.74481435071388,3.6385186460768524,1395.2461985276059,1159.2819744751419,1481.7141966591118,0
2026-01-17 10:00:00,WELL-003,PUMP-003,118.62079798705327,76.4189401391904,2.6451406077671065,1233.0038637829555,1158.8532071282775,1529.3700301207768,0
2026-01-17 11:00:00,WELL-003,PUMP-003,156.91959070409308,69.3393858478617,3.6037053863698127,1287.2814584010707,1189.2252410747935,1457.4706242460445,0
2026-01-17 12:00:00,WELL-003,PUMP-003,141.1219989768938,76.61623593766781,2.5714581235182132,1266.3155086012796,1193.509274924105,1533.8227480957332,0
2026-01-17 13:00:00,WELL-003,PUMP-003,147.85302964832826,76.78314808050801,4.356205341619437,1279.7120868745787,1191.8599658736264,1447.6364810385285,0
2026-01-17 14:00:00,WELL-003,PUMP-003,149.07849336978816,69.08457242375117,4.060286255644998,1290.2585907625996,1341.3945786157033,1399.2209310174728,0
2026-01-17 15:00:00,WELL-003,PUMP-003,137.2889606415596,76.9959435844073,3.486554330961079,1298.9920128638412,1109.1267940891926,1423.2483457654214,0
2026-01-17 16:00:00,WELL-003,PUMP-003,153.08170121807484,80.60342853211297,3.4200327708625067,1266.4389142048017,1188.0016127141473,1450.0901753178207,0
2026-01-17 17:00:00,WELL-003,PUMP-003,155.8419980298636,73.14360335237959,3.1561814442726672,1322.820134522629,1150.4509585149046,1422.9814189867495,0
2026-01-17 18:00:00,WELL-003,PUMP-003,136.49572539841859,71.99626034680716,3.813512459865434,1197.7490088056047,1108.68363616865,1409.2657173381165,0
2026-01-17 19:00:00,WELL-003,PUMP-003,151.24523357679786,69.4915906003566,4.438395292908066,1314.172543293025,1098.2339133524506,1500.6833542933418,0
2026-01-17 20:00:00,WELL-003,PUMP-003,141.14503766772754,81.67253066668918,3.1716849266705056,1149.8915054208571,1149.830265984613,1438.0697234142685,0
2026-01-17 21:00:00,WELL-003,PUMP-003,146.79900332225006,77.5207618068824,3.54873530189015,1238.1582794772244,1146.177869355256,1384.6022125018312,0
2026-01-17 22:00:00,WELL-003,PUMP-003,155.49419256402683,71.79089298027829,3.1583891458513174,1297.3334439754506,1119.9586776376486,1430.7603988197964,0
2026-01-17 23:00:00,WELL-003,PUMP-003,162.44883550021666,76.23365225543466,3.7381809747950254,1285.2118288559807,1095.8261410993096,1524.9638292008433,0
2026-01-18 00:00:00,WELL-003,PUMP-003,152.57267632298206,75.58254026237935,3.7278198064502677,1225.0826244080638,1184.1026242160256,1388.6085716971504,0
2026-01-18 01:00:00,WELL-003,PUMP-003,140.54817273011906,62.53264743257132,3.4769505144188373,1270.0115558186044,1139.3457406420066,1456.7842726728459,0
2026-01-18 02:00:00,WELL-003,PUMP-003,141.12435555643023,83.56355705638137,3.52757656162936,1230.5933570968166,1096.055697243305,1472.3848133197505,0
2026-01-18 03:00:00,WELL-003,PUMP-003,146.35981728582158,75.78133120809748,2.991611583289318,1213.9204853498873,1306.6012976984987,1494.819967025219,0
2026-01-18 04:00:00,WELL-003,PUMP-003,147.09459553013747,73.91790644180814,3.4181467098334304,1187.7353157594798,1148.9599407235476,1436.4864816162697,0
2026-01-18 05:00:00,WELL-003,PUMP-003,158.7777706373746,81.90403294227505,3.4743173014591444,1341.1024649537703,1151.1915736188078,1414.282410835794,0
2026-01-18 06:00:00,WELL-003,PUMP-003,155.0924256549861,86.61304612631383,4.137089987593839,1363.122330844959,1195.2837125309513,1498.3965974382495,0
2026-01-18 07:00:00,WELL-003,PUMP-003,156.44067030929628,69.32290772398567,3.3613023347793964,1315.0908918913788,1230.6780920848557,1494.9451604934554,0
2026-01-18 08:00:00,WELL-003,PUMP-003,141.7631122312848,76.13465971900123,2.4686417522276916,1333.7563627542568,1183.2646156596177,1423.9553548048118,0
2026-01-18 09:00:00,WELL-003,PUMP-003,151.3121276531249,76.3265943522411,3.1907022133830316,1296.9000300424202,1121.7651923246594,1416.259287788443,0
2026-01-18 10:00:00,WELL-003,PUMP-003,150.47927819263603,75.61877321262139,3.687237279036043,1318.6616344145498,1091.5925944192875,1354.4420337369756,0
2026-01-18 11:00:00,WELL-003,PUMP-003,163.9742990928156,64.70109215394956,2.476243508018216,1285.3546949670813,1006.5024298902326,1347.825324875744,0
2026-01-18 12:00:00,WELL-003,PUMP-003,148.41541095880513,81.5031270052798,4.020683275725467,1268.1924063193296,1117.71086603412,1401.9610220877555,0
2026-01-18 13:00:00,WELL-003,PUMP-003,144.81231991246065,76.15681162170645,4.32613153170551,1311.0246951658637,1135.7272108582906,1400.411367696033,0
2026-01-18 14:00:00,WELL-003,PUMP-003,155.50796779649252,73.82746232427054,4.453488380981875,1290.0903420851662,1145.935816826751,1449.4897199804534,0
2026-01-18 15:00:00,WELL-003,PUMP-003,164.2033166012375,76.5386763441421,3.92116264428601,1177.9633617624443,1154.7435454312576,1513.6135188883275,0
2026-01-18 16:00:00,WELL-003,PUMP-003,163.39416612856905,70.49539440722924,2.892388661978904,1109.20328942806,1148.7943280321228,1424.8138831585272,0
2026-01-18 17:00:00,WELL-003,PUMP-003,148.4793820222672,78.76065474563819,3.1590966632466224,1182.2836406985082,1053.9457878848275,1430.6682901142847,0
2026-01-18 18:00:00,WELL-003,PUMP-003,161.46900015856758,75.95725357978677,3.8973012523685,1130.109160228063,1263.5950138109795,1515.0551031512045,0
2026-01-18 19:00:00,WELL-003,PUMP-003,158.01122328184053,72.71321465517855,3.0348041707328517,1339.6831411075939,1192.1638441370092,1407.4617575656137,0
2026-01-18 20:00:00,WELL-003,PUMP-003,159.5774282516953,71.14478921429398,4.100492298661049,1187.466234212249,1120.6660951252181,1490.9297309171607,0
2026-01-18 21:00:00,WELL-003,PUMP-003,145.17050182562403,82.29328761468831,3.564807273463399,1132.3623445036558,1195.1861029317022,1482.7395630834067,0
2026-01-18 22:00:00,WELL-003,PUMP-003,144.28154192806824,83.97262424196106,4.426904877450955,1298.3277941084455,1275.2704693338842,1453.2395675061691,0
2026-01-18 23:00:00,WELL-003,PUMP-003,141.5746868066389,76.73523228798436,3.4780384023830315,1159.5964664668509,1240.5550042632474,1409.0256630674664,0
2026-01-19 00:00:00,WELL-003,PUMP-003,154.03492052574728,72.2935045251888,2.313907058631446,1210.3827921596212,1158.6958590262234,1434.3535516404993,0
2026-01-19 01:00:00,WELL-003,PUMP-003,141.74221294083299,75.68871947001568,4.020412027351327,1329.8302252635403,1186.4217913191098,1416.3933670751337,0
2026-01-19 02:00:00,WELL-003,PUMP-003,153.6064986906544,76.04843031787244,3.774525160402869,1284.6998087478828,1055.9672322427489,1481.8435079197702,0
2026-01-19 03:00:00,WELL-003,PUMP-003,158.7627935551898,67.63490084742368,3.1763685637510997,1191.4767764218911,1070.5056569057122,1440.6425597679543,0
2026-01-19 04:00:00,WELL-003,PUMP-003,151.1185708681457,76.19249462836527,4.031346249017027,1392.5347829173481,1084.4726571869621,1447.3763071968476,0
2026-01-19 05:00:00,WELL-003,PUMP-003,147.23667660748933,73.93734487078154,3.0754276778787335,1293.631158473974,1159.6647606716117,1446.05538890425,0
2026-01-19 06:00:00,WELL-003,PUMP-003,157.90289265925207,77.29602090799764,4.050660918677083,1225.1683090819588,1134.0215171913899,1396.0842466685385,0
2026-01-19 07:00:00,WELL-003,PUMP-003,140.13951550007457,84.27216716680914,4.325275806600832,1297.6367194622949,1330.577190420288,1488.5143025691564,0
2026-01-19 08:00:00,WELL-003,PUMP-003,142.25213082430483,68.09115405716148,3.9620300653505516,1370.4917792619958,1149.280500666528,1393.0469246191824,0
2026-01-19 09:00:00,WELL-003,PUMP-003,140.05653322471545,73.44287825323228,3.5289132528487412,1256.237527950664,1320.3637438164812,1439.6187371649453,0
2026-01-19 10:00:00,WELL-003,PUMP-003,146.79904270959096,72.08417141372021,4.3433885585047785,1266.059083260671,1032.8179515655283,1416.323017605138,0
2026-01-19 11:00:00,WELL-003,PUMP-003,153.91334907069495,72.26836867844044,3.4384749370940155,1293.2622015167183,1322.581052025707,1438.9107399460804,0
2026-01-19 12:00:00,WELL-003,PUMP-003,144.6295392690313,75.44599098306286,3.33127784275834,1259.8735306800768,1211.121439655119,1471.6917620044437,0
2026-01-19 13:00:00,WELL-003,PUMP-003,148.28303467691825,64.87523332553391,2.5469784510496507,1307.7621566685154,1065.3940465153155,1487.441059059039,0
2026-01-19 14:00:00,WELL-003,PUMP-003,153.78252055942266,61.3877292950403,3.5996843678469985,1158.0206835705685,1202.7041997836448,1398.1835401580918,0
2026-01-19 15:00:00,WELL-003,PUMP-003,154.8688173114447,71.49992582453356,3.462691967407654,1230.9619349500083,1158.7592429004105,1409.9679417774055,0
2026-01-19 16:00:00,WELL-003,PUMP-003,140.45299385165347,65.83414774150636,4.110774231457616,1146.3161045740858,1167.4923378674412,1487.6445540746893,0
2026-01-19 17:00:00,WELL-003,PUMP-003,155.53971473091462,72.7575431510645,2.6493402841226565,1430.6102837131475,1168.3128818542934,1391.8210550000492,0
2026-01-19 18:00:00,WELL-003,PUMP-003,150.2736374763046,70.72687679122467,3.225804899704861,1137.341858535404,1185.3955027967045,1502.7847124441575,0
2026-01-19 19:00:00,WELL-003,PUMP-003,154.82320036198524,72.06793961586044,3.1525630391964654,1430.6285040206117,1133.9249990810529,1393.9059516832874,0
2026-01-19 20:00:00,WELL-003,PUMP-003,130.1856634649833,77.50545004654386,4.411601810654386,1259.3329400935602,1107.8225762694015,1424.3436376817858,0
2026-01-19 21:00:00,WELL-003,PUMP-003,159.93927446316962,79.8244885955309,3.3220390351862767,1320.357374944891,1319.9829082370613,1397.2809902377292,0
2026-01-19 22:00:00,WELL-003,PUMP-003,138.64492515363168,76.11997484450524,3.942058007100738,1299.508826411571,1135.9536365628805,1595.7054607884181,0
2026-01-19 23:00:00,WELL-003,PUMP-003,148.05213742574614,71.84294181622934,3.6449329210858377,1241.9426196755219,1225.0345125698825,1507.0484747128216,0
2026-01-20 00:00:00,WELL-003,PUMP-003,171.02729524980975,96.62885951158816,9.531300523178816,1062.4059640145274,934.6096892896664,1478.281645094336,1
2026-01-20 01:00:00,WELL-003,PUMP-003,152.33386180302648,76.07055491143066,3.7934783339895723,1254.4136510297171,1179.9574062374397,1509.8313560413621,0
2026-01-20 02:00:00,WELL-003,PUMP-003,145.4189839784359,75.72909049010644,4.155576539103865,1251.522734097286,1154.765536293053,1379.8364485129775,0
2026-01-20 03:00:00,WELL-003,PUMP-003,134.69327732221757,70.1747720971191,4.0378998021201,1030.7658862372055,1263.11990061774,1476.0614995322271,0
2026-01-20 04:00:00,WELL-003,PUMP-003,151.13183473187044,81.66015905815617,4.247816729526334,1148.0383300891895,1212.1996231489138,1536.2642828484672,0
2026-01-20 05:00:00,WELL-003,PUMP-003,145.7373098497606,70.90366767905314,4.0732331427079105,1154.1974150987871,1117.4328498592872,1394.7987183263808,0
2026-01-20 06:00:00,WELL-003,PUMP-003,152.72756898813546,73.74042533564422,3.4326344788098986,1183.0383922847109,1204.3780755059893,1502.5229140153479,0
2026-01-20 07:00:00,WELL-003,PUMP-003,163.48561403227978,71.76878837926702,3.212867439969369,1291.2528504066715,1293.5311623449536,1424.0082927137387,0
2026-01-20 08:00:00,WELL-003,PUMP-003,150.16012440088738,66.971045700092,3.3093016747882738,1262.1231104660217,1123.3200684923793,1479.1686115635707,0
2026-01-20 09:00:00,WELL-003,PUMP-003,155.48712365150337,73.68883215308573,3.238573500569158,1247.3700411878053,1182.8215389531174,1494.746503078278,0
2026-01-20 10:00:00,WELL-003,PUMP-003,177.53310454719468,80.9049435787955,10.386301226975416,1123.8160936271163,1054.7979337027407,1496.578461553188,0
2026-01-20 11:00:00,WELL-003,PUMP-003,152.11179447548926,68.5807305657068,4.30243639694821,1311.359034510403,1250.1281847883072,1470.0251478431385,0
2026-01-20 12:00:00,WELL-003,PUMP-003,152.76496275721158,74.68955650892856,4.1253143461898105,1268.6628032870299,1188.503500553034,1465.7011301243058,0
2026-01-20 13:00:00,WELL-003,PUMP-003,145.63021052427115,72.39798504880275,2.9893792869742595,1164.4045958883905,1106.3928136490713,1357.411762686479,0
2026-01-20 14:00:00,WELL-003,PUMP-003,150.8249406595651,73.6435171842618,2.086577905923585,1375.9669086209874,1256.0536086023267,1472.2879925608565,0
2026-01-20 15:00:00,WELL-003,PUMP-003,153.45877571366228,75.67257835797308,3.345959252694459,1344.2641155954568,1104.8864328905474,1474.0437532722983,0
2026-01-20 16:00:00,WELL-003,PUMP-003,150.11755276435494,76.93083248999194,3.407185801319267,1307.110195527211,1186.931011464108,1423.8792635811246,0
2026-01-20 17:00:00,WELL-003,PUMP-003,156.9458340279966,71.71692734276921,2.963293267029036,1200.4198674663135,1175.5883915834077,1460.7942979017798,0
2026-01-20 18:00:00,WELL-003,PUMP-003,159.06341109840827,85.3021134922235,3.6512022567211573,1297.9267348235858,1252.5903727058412,1436.2258842410488,0
2026-01-20 19:00:00,WELL-003,PUMP-003,155.01881910835493,75.30797927686339,4.190658407269293,1286.4313555282015,1249.2046965497484,1472.3672779653168,0
2026-01-20 20:00:00,WELL-003,PUMP-003,143.80158257491576,72.33696621663252,4.637304407594813,1237.9737300989032,1194.002365111863,1446.649497913739,0
2026-01-20 21:00:00,WELL-003,PUMP-003,139.92502980027228,72.97888354812407,2.8699378583199993,1213.3824841568946,1169.1311487127368,1429.6883120816763,0
2026-01-20 22:00:00,WELL-003,PUMP-003,144.78970028013455,70.15935701073836,3.8704571785563946,1196.1268608352102,1242.1462754905194,1519.924199653466,0
2026-01-20 23:00:00,WELL-003,PUMP-003,145.91930738624816,71.99494939684054,2.9650071275955314,1254.472965998923,1318.7085175034256,1373.0170290523556,0
2026-01-21 00:00:00,WELL-003,PUMP-003,153.99857308779048,65.04429925522666,3.283261884251376,1259.7992740299565,1186.1150197682184,1413.4593437195624,0
2026-01-21 01:00:00,WELL-003,PUMP-003,164.0645548858306,77.80340330045026,3.864322393846547,1164.10588035462,1209.5683557982345,1390.8925375599101,0
2026-01-21 02:00:00,WELL-003,PUMP-003,143.80584062076755,73.88166714098278,3.6983679566542436,1204.7720037999125,1190.0384172749914,1478.7678362260062,0
2026-01-21 03:00:00,WELL-003,PUMP-003,143.6738662939596,79.36697768208641,2.7538905966055447,1192.5317568935486,1188.2921684117455,1393.40568107337,0
2026-01-21 04:00:00,WELL-003,PUMP-003,142.6254107494383,75.49994081882775,3.2989141167330844,1239.1732612861513,1093.935338960434,1429.4038382807023,0
2026-01-21 05:00:00,WELL-003,PUMP-003,152.548051188811,84.55961619284912,2.2987144680556693,1156.5082056047752,1148.8459859278923,1477.0946410237952,0
2026-01-21 06:00:00,WELL-003,PUMP-003,146.23795426986914,82.49273180334927,3.336961976078175,1100.4214670436008,1175.5687744053064,1446.0705803542821,0
2026-01-21 07:00:00,WELL-003,PUMP-003,146.4835651593139,77.90259272797853,3.1230014992462696,1233.9813331687978,1298.7822873706448,1549.5014756759588,0
2026-01-21 08:00:00,WELL-003,PUMP-003,150.0234077334355,75.88954195705827,2.857598977150042,1207.787697905733,1180.2507821282948,1440.266815248766,0
2026-01-21 09:00:00,WELL-003,PUMP-003,150.14792047157724,81.56344089224824,3.6308556838769994,1306.730971640907,1165.278685350557,1460.1755180207458,0
2026-01-21 10:00:00,WELL-003,PUMP-003,142.3644909896723,77.53457860068156,3.4758771592781725,1209.8406431855037,1257.452323956845,1387.48919870526,0
2026-01-21 11:00:00,WELL-003,PUMP-003,142.02598478075387,65.480687624379,3.414547558947461,1323.9022282115181,1146.477116773313,1377.7538747927101,0
2026-01-21 12:00:00,WELL-003,PUMP-003,147.45359188716532,72.29189618345406,3.4477908660091177,1203.3501734940562,1214.0719051510641,1459.8656706145134,0
2026-01-21 13:00:00,WELL-003,PUMP-003,158.43913930041398,79.72021074074543,2.7940009055687076,1350.056649461532,1200.6578936954,1389.665847312789,0
2026-01-21 14:00:00,WELL-003,PUMP-003,146.56079915833692,83.38812721078067,2.7400208029360344,1170.827922706851,1131.937682770626,1407.715534427674,0
2026-01-21 15:00:00,WELL-003,PUMP-003,147.63997833186292,74.51257387011471,3.852436031850533,1190.2850912618176,1262.6700371702761,1388.7408250714163,0
2026-01-21 16:00:00,WELL-003,PUMP-003,154.19199164467463,75.46371532889776,3.201781585600455,1173.7473996195927,1205.409699240288,1391.3184803726601,0
2026-01-21 17:00:00,WELL-003,PUMP-003,153.34835456075177,65.31012726391727,3.0701162593600495,1389.119344826148,1208.7582374186904,1476.7797698422023,0
2026-01-21 18:00:00,WELL-003,PUMP-003,139.29860651129852,78.06085809309292,3.841573593962038,1255.7334843104195,1163.0337179326423,1498.110528929055,0
2026-01-21 19:00:00,WELL-003,PUMP-003,151.5373138882661,67.15163437485764,3.57622561520894,1170.4352602934823,1119.8122170448473,1514.9794238832603,0
2026-01-01 00:00:00,WELL-004,PUMP-004,138.1010044287682,75.43602496018633,4.248382190398806,1260.839309785341,1287.8924801360924,1516.6999092938463,0
2026-01-01 01:00:00,WELL-004,PUMP-004,134.49287150990227,75.63484540039893,2.693899562105288,1236.1422854918587,1180.1080777888576,1563.9922741487258,0
2026-01-01 02:00:00,WELL-004,PUMP-004,149.23900097957224,67.93962196842185,3.599294938479884,1327.291172868884,1101.0160900813953,1513.624166542438,0
2026-01-01 03:00:00,WELL-004,PUMP-004,165.8817025506924,71.71770539848968,3.4941618994949937,1197.7836875891721,1108.302408256049,1389.891581641283,0
2026-01-01 04:00:00,WELL-004,PUMP-004,145.495351383581,70.26717740736092,4.178315971722387,1252.464570799836,1287.852666356174,1423.675882260254,0
2026-01-01 05:00:00,WELL-004,PUMP-004,142.83692366246754,67.06952403840545,4.125076471412957,1214.083214724786,1174.184509132528,1440.120271563882,0
2026-01-01 06:00:00,WELL-004,PUMP-004,135.4475918775796,84.34263594036545,2.6637094112754767,1264.7295518662536,1184.835963490699,1309.4685841690957,0
2026-01-01 07:00:00,WELL-004,PUMP-004,154.84921497228288,73.02937764721104,2.8763770364414123,1180.537541456003,1072.6891132919588,1386.8182965249216,0
2026-01-01 08:00:00,WELL-004,PUMP-004,158.07668774312955,67.42713245470722,3.6644233043895817,1228.7260644742053,1172.8145998584557,1518.180364759985,0
2026-01-01 09:00:00,WELL-004,PUMP-004,143.7534832233367,86.05701787965101,4.043387541982278,1262.1855834563646,1185.801211779463,1464.482676045015,0
2026-01-01 10:00:00,WELL-004,PUMP-004,146.16380004294572,83.14659258720806,2.391133932566878,1208.2586674160743,1095.4062457011646,1470.604173243573,0
2026-01-01 11:00:00,WELL-004,PUMP-004,170.7150515609378,91.29152670285376,8.078103814809614,976.3478261803064,996.8322090112686,1448.7140463909723,1
2026-01-01 12:00:00,WELL-004,PUMP-004,160.180325060684,68.37766718054694,3.4342244897073706,1260.6286946133798,1123.5260683598237,1446.1258612834056,0
2026-01-01 13:00:00,WELL-004,PUMP-004,152.68860330004276,77.50056414810433,3.7997353449495215,1320.7553949905391,1200.1705029078178,1467.942403633946,0
2026-01-01 14:00:00,WELL-004,PUMP-004,144.072503090535,79.27946652702607,3.0661905810283594,1224.714131292661,1168.6148997156,1466.9291545443182,0
2026-01-01 15:00:00,WELL-004,PUMP-004,153.69723276847742,74.45403452749724,4.180783819892634,1196.2466151628007,1165.7677200207745,1506.1101666646684,0
2026-01-01 16:00:00,WELL-004,PUMP-004,152.6625274746085,75.998480983127,3.026267788690207,1309.0111360047904,1162.0502381609995,1494.2863176940928,0
2026-01-01 17:00:00,WELL-004,PUMP-004,163.31397862307597,102.09813185521574,7.895911601531008,1111.889243390588,1136.496044872789,1435.7229187346388,0
2026-01-01 18:00:00,WELL-004,PUMP-004,160.39896994824483,71.42979128111273,4.058532429675102,1394.8417982736794,1265.0460874798478,1455.2885191762061,0
2026-01-01 19:00:00,WELL-004,PUMP-004,156.9282293221498,94.3026851088618,7.3294703975571025,1065.7370120843989,950.9147830493761,1347.2708987569042,0
2026-01-01 20:00:00,WELL-004,PUMP-004,151.00436223439812,74.09220539202384,3.509347408285731,1269.6346179379027,1103.234328807929,1488.1531007869278,0
2026-01-01 21:00:00,WELL-004,PUMP-004,148.24470143222345,76.17464062544057,3.267451465246658,1116.76922894072,1120.4604227347597,1522.7269230443878,0
2026-01-01 22:00:00,WELL-004,PUMP-004,148.05095955425656,71.17625149897138,2.9178203023435905,1309.193660819724,1110.4954263978952,1473.125961979604,0
2026-01-01 23:00:00,WELL-004,PUMP-004,161.2345302559596,76.22617923947118,4.06978489916992,1112.7925322253968,1227.4345971347423,1449.6162968157748,0
2026-01-02 00:00:00,WELL-004,PUMP-004,137.0865893202813,87.14467369038452,3.424180401166317,1267.8241681375089,1137.6997397873595,1371.5559353488306,0
2026-01-02 01:00:00,WELL-004,PUMP-004,158.82153636859502,75.88914899852718,3.182139376446176,1314.3884750544064,1121.7266364793627,1454.7675137166389,0
2026-01-02 02:00:00,WELL-004,PUMP-004,136.69980398291125,67.5150550556785,3.276035685202787,1100.2627904220767,1131.7148718689627,1381.5875377509492,0
2026-01-02 03:00:00,WELL-004,PUMP-004,145.9145284944348,79.35862212092069,4.1411297350731795,1242.9143146184967,1227.9300397834925,1396.1522729561027,0
2026-01-02 04:00:00,WELL-004,PUMP-004,158.94798544337345,75.82388264533965,3.3288551958155748,1190.5652722966975,1274.896332712295,1458.3295289849555,0
2026-01-02 05:00:00,WELL-004,PUMP-004,146.6281360226691,81.3609927712505,3.852894358661519,1193.4819599387363,1182.2585367539878,1405.3083389680455,0
2026-01-02 06:00:00,WELL-004,PUMP-004,159.42165083484014,66.63519195231433,2.229858444826191,1349.6731078894766,1077.54614793774,1430.9964016553772,0
2026-01-02 07:00:00,WELL-004,PUMP-004,150.36969282936732,78.74468056902964,4.396485138360095,1266.1115646972225,1166.4791342605295,1351.0807541713457,0
2026-01-02 08:00:00,WELL-004,PUMP-004,171.89966498476565,89.802541403151,6.3546054655536235,1084.0654536481688,991.0506873399588,1499.9911760531213,0
2026-01-02 09:00:00,WELL-004,PUMP-004,156.22350214064247,74.27834766098454,3.4295488857284244,1332.6314787273338,1271.9590428254355,1343.6077139033239,0
2026-01-02 10:00:00,WELL-004,PUMP-004,145.85492754666515,72.30881434962606,2.9093521722948728,991.3947653990053,1285.5817524123286,1399.9864738611607,0
2026-01-02 11:00:00,WELL-004,PUMP-004,162.27847844883087,64.6976153553325,3.3034288003606904,1308.5571309915454,1177.7177367719405,1394.315668904723,0
2026-01-02 12:00:00,WELL-004,PUMP-004,148.54613169907276,70.29309256930367,2.3632513097166186,1237.1969061136524,1202.7839578627231,1504.9792232163834,0
2026-01-02 13:00:00,WELL-004,PUMP-004,149.37764728450065,61.99939649900509,4.252846902402592,1350.122309537112,1212.0022871809922,1481.5817604910335,0
2026-01-02 14:00:00,WELL-004,PUMP-004,162.45132828457415,79.66447677596905,1.6888659376593247,1376.315607417438,1235.6330965730353,1550.320431885647,0
2026-01-02 15:00:00,WELL-004,PUMP-004,161.96171598294856,78.84910451578894,3.683267746316224,1426.7509700722335,1142.997302503358,1545.1141570176985,0
2026-01-02 16:00:00,WELL-004,PUMP-004,153.1195647950675,75.37443792185779,2.752062820304344,1119.5145899844017,1128.118613195562,1490.3869777992074,0
2026-01-02 17:00:00,WELL-004,PUMP-004,147.61670937601542,84.72414320784053,3.40738155633567,1332.6902668390012,1219.6551718538653,1434.6155281746549,0
2026-01-02 18:00:00,WELL-004,PUMP-004,147.92988470502098,72.51473756582159,3.532816919224776,1285.313580791436,1239.711063177045,1436.0940067816832,0
2026-01-02 19:00:00,WELL-004,PUMP-004,153.10560490841564,74.18720191262464,3.6185291768300893,1266.0728749862733,1283.3333069810863,1453.1327246389328,0
2026-01-02 20:00:00,WELL-004,PUMP-004,152.32070319708345,75.21950266561694,4.058319991594755,1197.1327042597936,1139.736948524954,1449.4049588452885,0
2026-01-02 21:00:00,WELL-004,PUMP-004,153.43056804809717,69.5949396511872,2.915702998455077,1190.6803658071467,1249.9741730515439,1493.8270256146152,0
2026-01-02 22:00:00,WELL-004,PUMP-004,142.07410465006973,74.67898102523644,2.555822586729809,1279.7665182933908,1101.932742453623,1436.0844872061712,0
2026-01-02 23:00:00,WELL-004,PUMP-004,148.50153310713569,73.86063435502219,3.6691731189112997,1135.6215475011195,1133.1171290147038,1501.7698224902372,0
2026-01-03 00:00:00,WELL-004,PUMP-004,163.16283961816595,73.82417560874451,3.0864340261085674,1195.2003079898886,1141.5611463307296,1420.275113878664,0
2026-01-03 01:00:00,WELL-004,PUMP-004,151.95558366797962,74.51309497043266,3.9110746030491836,1320.729945682512,1154.9423177872623,1467.4466913675558,0
2026-01-03 02:00:00,WELL-004,PUMP-004,146.950101701817,73.9641915545298,4.262052815152938,1353.6005719950736,1160.2512539803586,1418.4568244658296,0
2026-01-03 03:00:00,WELL-004,PUMP-004,159.29752842122065,79.50648105603013,2.934194357612057,1182.9725363181956,1131.6665601903505,1420.1718535207674,0
2026-01-03 04:00:00,WELL-004,PUMP-004,157.95894955030352,72.3307767809254,3.4102184334489243,1143.0417633487557,1179.1343843230345,1433.583952865472,0
2026-01-03 05:00:00,WELL-004,PUMP-004,143.0300335054839,74.89580223614381,4.3743338450395735,1291.6483774528804,1200.3736330718455,1384.0129590983004,0
2026-01-03 06:00:00,WELL-004,PUMP-004,155.50970195643816,78.04868861668352,4.351438648014512,1094.0327861819173,1226.7053257513169,1499.1868021951782,0
2026-01-03 07:00:00,WELL-004,PUMP-004,142.2262625657846,70.52391427923722,3.9357439239625784,1172.9126875983422,1194.07384911174,1432.7228629291255,0
2026-01-03 08:00:00,WELL-004,PUMP-004,143.29741551065774,70.77648500648509,4.2894931040097335,1301.7395148334915,1185.8005389308298,1473.6668337777483,0
2026-01-03 09:00:00,WELL-004,PUMP-004,161.4146891340452,74.36669559234613,3.3367433615095,1172.0167297921728,1114.6240664807394,1398.775750049228,0
2026-01-03 10:00:00,WELL-004,PUMP-004,142.587893961762,72.33228187088459,2.591351562561128,1293.8960381115921,1174.2240536762024,1364.7396196111993,0
2026-01-03 11:00:00,WELL-004,PUMP-004,149.46906942583158,74.61273496366863,4.431697592119305,1120.932847860043,1175.8070332980017,1368.8642974827078,0
2026-01-03 12:00:00,WELL-004,PUMP-004,149.71663887446792,72.36466940880113,2.8858041523215716,1227.145076152619,1293.7731216352636,1381.9162484768185,0
2026-01-03 13:00:00,WELL-004,PUMP-004,148.88747521224633,81.32481779885829,3.142378070091481,1280.4524337088221,1053.7839266778415,1454.938971877553,0
2026-01-03 14:00:00,WELL-004,PUMP-004,141.63444023297671,73.95541021314564,3.2557904649159375,1398.0624913948586,1098.3818070023676,1455.1345258374295,0
2026-01-03 15:00:00,WELL-004,PUMP-004,151.98606833409346,75.21348637229222,3.3314817466550215,1207.661143958159,1184.8039739952928,1503.1095653813595,0
2026-01-03 16:00:00,WELL-004,PUMP-004,141.0644729271811,69.7611252693045,3.912741249735439,1222.2270814065241,1244.244050538605,1510.508304768266,0
2026-01-03 17:00:00,WELL-004,PUMP-004,155.48913539393413,67.94095889629338,4.390137944975575,1233.2193975396392,1252.3097255367472,1381.1916491791033,0
2026-01-03 18:00:00,WELL-004,PUMP-004,144.63565470866652,74.24301254029295,2.207847132233269,1267.9536030705801,1204.473073171987,1456.6749709530686,0
2026-01-03 19:00:00,WELL-004,PUMP-004,184.83490472806824,92.95078102670496,9.391726058054395,988.4457734308558,1052.8663906167117,1479.3964133998932,1
2026-01-03 20:00:00,WELL-004,PUMP-004,150.73236515235783,78.72626114409103,3.9814204597375285,1380.4100596807862,1155.1786557247913,1422.7223698631556,0
2026-01-03 21:00:00,WELL-004,PUMP-004,158.7141779754488,76.91016852858006,2.094512997400792,1273.973758187034,1151.57795919111,1476.8589907270868,0
2026-01-03 22:00:00,WELL-004,PUMP-004,151.90880058612882,69.63420427584383,3.4591060217393372,1329.9751323156286,1233.700283100502,1481.042087401667,0
2026-01-03 23:00:00,WELL-004,PUMP-004,164.76107968188816,101.36741401536183,8.508995933474798,1062.481731194296,853.9915852654212,1462.0704558185023,1
2026-01-04 00:00:00,WELL-004,PUMP-004,140.57456250132577,77.16425201259987,4.1664519034487855,1310.4147979043155,1255.9134267400102,1439.4055234400878,0
2026-01-04 01:00:00,WELL-004,PUMP-004,146.09075682710613,73.67072352276571,3.0983071009986913,1190.731661881547,1257.383694663948,1326.165922198499,0
2026-01-04 02:00:00,WELL-004,PUMP-004,148.60444852571774,71.26285373375397,2.7008521337653484,1354.6371354039475,1218.8247095692266,1368.8041078715016,0
2026-01-04 03:00:00,WELL-004,PUMP-004,138.45891463189454,75.49778798799983,4.430862659533573,1271.1584320858508,1191.5190523440053,1461.2371059791087,0
2026-01-04 04:00:00,WELL-004,PUMP-004,155.91637009566514,91.74232784624112,6.384361224780145,1059.5812164702752,983.0433454121701,1471.6486464021818,0
2026-01-04 05:00:00,WELL-004,PUMP-004,145.9512856704649,69.33478826311269,3.365192059022078,1336.0016971608727,1179.7015943649287,1492.9707127379727,0
2026-01-04 06:00:00,WELL-004,PUMP-004,148.59543032652766,75.5149779988084,3.651911261084355,1195.286277972042,1282.9920484431962,1446.691922309721,0
2026-01-04 07:00:00,WELL-004,PUMP-004,161.55474729583955,66.63797737093824,3.732288989636544,1250.0447993871755,1237.8517177601134,1412.7510616257473,0
2026-01-04 08:00:00,WELL-004,PUMP-004,152.4697471535507,73.30515974588332,2.9765371408389933,1145.2462160318942,1209.3100191213057,1380.6560264736486,0
2026-01-04 09:00:00,WELL-004,PUMP-004,160.16824079544912,73.36463284568107,3.3212303811120663,1286.2577521826317,1283.2137405164779,1470.4305373781958,0
2026-01-04 10:00:00,WELL-004,PUMP-004,155.26841281603208,62.50258735861824,3.7263377519569074,1167.4028019225518,1138.57239863063,1438.6336206342833,0
2026-01-04 11:00:00,WELL-004,PUMP-004,140.58374694837542,82.81177254686615,4.033392649510186,1388.4414361462368,1217.7965630528572,1428.5004295692581,0
2026-01-04 12:00:00,WELL-004,PUMP-004,147.17732875318913,81.05408629595999,3.509761158630967,1292.3292086850977,1293.6760440911387,1441.6376047630413,0
2026-01-04 13:00:00,WELL-004,PUMP-004,149.50579150183552,75.81713910193065,3.1416326384922515,1299.3263481845818,1088.5031158920608,1459.3034216235274,0
2026-01-04 14:00:00,WELL-004,PUMP-004,159.7660208260379,83.69399180475435,3.2871788334008354,1188.1569454079126,1088.023885230302,1463.2270688051033,0
2026-01-04 15:00:00,WELL-004,PUMP-004,148.4575513015407,68.30241038217481,2.989029655887975,1327.2900260424249,1182.300436178615,1430.8610799145222,0
2026-01-04 16:00:00,WELL-004,PUMP-004,139.15835674127652,65.77559813580947,3.792513235217407,1386.3288416693442,1202.0491274794351,1481.2045091592067,0
2026-01-04 17:00:00,WELL-004,PUMP-004,141.85396878865816,69.57018414629147,3.0792502733575544,1328.0910952053537,1069.6583702260127,1469.7378694553997,0
2026-01-04 18:00:00,WELL-004,PUMP-004,140.18296690471985,77.01319978496002,2.436962020930613,1277.3930864614658,1100.7404609318573,1382.686193838407,0
2026-01-04 19:00:00,WELL-004,PUMP-004,140.67646779023156,82.35330995326144,2.7048311768285354,1357.6882739089983,1262.9614122007538,1494.9151274844517,0
2026-01-04 20:00:00,WELL-004,PUMP-004,152.5716702871274,71.04523059730793,2.586227316826131,1093.8578813123856,1309.660366784962,1435.1572553134015,0
2026-01-04 21:00:00,WELL-004,PUMP-004,146.77733257220157,74.15335571442476,3.8933326149730716,1394.4535102493012,1272.7503258461948,1401.3832498091906,0
2026-01-04 22:00:00,WELL-004,PUMP-004,159.1263315804363,59.5092642273961,4.350184384302538,1346.599299941963,1128.45390733508,1428.371212143846,0
2026-01-04 23:00:00,WELL-004,PUMP-004,157.15567074484102,76.6718737343665,2.7885110533910327,1224.020645193442,1226.2807050062943,1475.512611120251,0
2026-01-05 00:00:00,WELL-004,PUMP-004,158.1820844531298,76.51447631271465,3.661223271768124,1208.8054109615036,1179.5423019431796,1411.2954259190114,0
2026-01-05 01:00:00,WELL-004,PUMP-004,156.11122326860516,73.04802766441429,3.220263564969733,1166.6837638580146,1250.2356124910402,1477.4231636770285,0
2026-01-05 02:00:00,WELL-004,PUMP-004,147.05798397188224,78.8308879881061,3.0484867312508928,1262.2999623046783,1151.4202590504951,1437.8187808644286,0
2026-01-05 03:00:00,WELL-004,PUMP-004,147.2311658257599,79.24822391353325,2.3522891879913024,1392.1835814424362,1213.8688787518522,1447.8834052169893,0
2026-01-05 04:00:00,WELL-004,PUMP-004,140.67383506266427,84.28421831424586,3.4894784547899285,1192.2957799634034,1234.7964777494697,1496.2005528628586,0
2026-01-05 05:00:00,WELL-004,PUMP-004,157.96421353339292,74.5927200611106,3.905294508359282,1296.2013563685769,1215.4611370188093,1505.5976680430203,0
2026-01-05 06:00:00,WELL-004,PUMP-004,147.71849242605072,79.78758888821663,3.215039226667251,1197.8186797517349,1313.1305229275692,1444.581448169058,0
2026-01-05 07:00:00,WELL-004,PUMP-004,173.3476552472256,72.68672193842569,10.948477799510977,1239.4129258263056,927.5222735945963,1450.4713180281888,0
2026-01-05 08:00:00,WELL-004,PUMP-004,149.24581826215228,75.9073053174032,2.7118833209876034,1253.1655779306918,1191.4413422632233,1456.4424810677958,0
2026-01-05 09:00:00,WELL-004,PUMP-004,162.26800672784248,73.02489067780816,3.2288648184662945,1372.6455060681044,1175.418221510448,1508.1438846873577,0
2026-01-05 10:00:00,WELL-004,PUMP-004,151.7157061397404,74.51807681842551,4.24242187613816,1229.3820350730964,1269.8348204101744,1444.8206052676467,0
2026-01-05 11:00:00,WELL-004,PUMP-004,150.0117389715369,65.31104921909252,2.7671429009485546,1226.8795557164906,1100.5456358137899,1423.7821218704614,0
2026-01-05 12:00:00,WELL-004,PUMP-004,149.61611364119534,68.16336769357522,3.689764268155828,1359.297182816463,1199.6649947863477,1490.4494304614504,0
2026-01-05 13:00:00,WELL-004,PUMP-004,145.26787304263547,84.8081473664909,3.2272865557889503,1266.0000532665329,1206.391878312123,1474.418238010725,0
2026-01-05 14:00:00,WELL-004,PUMP-004,155.6661297572592,78.87837649807845,4.6335694725501515,1250.9095927038795,1209.830959175233,1400.9805874258263,0
2026-01-05 15:00:00,WELL-004,PUMP-004,149.1893678174553,68.32919622125387,2.9399368916762043,1282.3820686218828,1143.2977320221414,1422.0789915756234,0
2026-01-05 16:00:00,WELL-004,PUMP-004,145.8103657368838,68.17102035974527,3.028809247842057,1405.9170489158096,1231.4958600548957,1496.2952088363859,0
2026-01-05 17:00:00,WELL-004,PUMP-004,150.42432627416358,74.01250024565668,3.6319301782960824,1252.9758557549014,1164.908157406211,1496.783718962537,0
2026-01-05 18:00:00,WELL-004,PUMP-004,143.5702107128425,72.65135101755202,3.3196583656488508,1214.2417957755167,1195.3516239192438,1451.7647695372607,0
2026-01-05 19:00:00,WELL-004,PUMP-004,134.29975604383262,72.62973463482096,3.30700185167053,1227.1315235074055,1090.0438421093431,1434.3339563586185,0
2026-01-05 20:00:00,WELL-004,PUMP-004,148.99344518761333,69.63454335818692,2.9906572061777212,1145.305269520869,1169.254951310115,1406.6776115023802,0
2026-01-05 21:00:00,WELL-004,PUMP-004,156.34716161420445,73.19616793401829,3.871330890719056,1339.998968510413,1199.1631793824768,1448.9601084733895,0
2026-01-05 22:00:00,WELL-004,PUMP-004,153.04416244253042,78.45350444674318,3.585613047320978,1378.2961484373545,1212.174612265237,1495.6803608784016,0
2026-01-05 23:00:00,WELL-004,PUMP-004,136.64567576044425,78.56093328813519,3.6601976581146247,1227.2569417784637,1207.3833111178376,1470.9284663114724,0
2026-01-06 00:00:00,WELL-004,PUMP-004,138.6002306254767,70.12773726194852,3.637743584644552,1192.050909455723,1416.4437768902553,1475.7859809585068,0
2026-01-06 01:00:00,WELL-004,PUMP-004,144.47968571205905,74.44580231403636,3.589898437149599,1367.2344123462176,1265.866188401737,1472.5744241237473,0
2026-01-06 02:00:00,WELL-004,PUMP-004,161.0760397012083,76.26016989967438,2.695244163657957,1293.0802525311235,1288.799770912772,1518.489055098119,0
2026-01-06 03:00:00,WELL-004,PUMP-004,152.74409568170768,75.44178995578037,4.696221240889253,1285.561403498636,1163.0656238883985,1409.431074955222,0
2026-01-06 04:00:00,WELL-004,PUMP-004,143.1084525642857,75.48744469511848,3.3640026777656002,1301.9318176856336,1148.271833183707,1535.9219807801358,0
2026-01-06 05:00:00,WELL-004,PUMP-004,139.77361588921065,69.24816651318316,2.834167503024059,1231.072311677052,1147.227923907941,1501.2319912415358,0
2026-01-06 06:00:00,WELL-004,PUMP-004,149.93311370182835,79.87918445811908,3.8509720958518665,1254.5365319071414,1213.5193301252414,1448.639293381107,0
2026-01-06 07:00:00,WELL-004,PUMP-004,170.3077936143944,87.61330330910562,7.944092607715051,972.1198802095311,940.8438731522858,1489.106650710197,0
2026-01-06 08:00:00,WELL-004,PUMP-004,152.44419172981296,73.88056372321894,3.3167668284775447,1330.8353506261228,1240.1301003079477,1452.4924625921453,0
2026-01-06 09:00:00,WELL-004,PUMP-004,143.3252945073387,71.54472811303052,3.5710101206740616,1185.7311653787444,1177.330580182275,1439.4732529823505,0
2026-01-06 10:00:00,WELL-004,PUMP-004,146.0837066240755,74.4957759081077,3.227789438203459,1291.91614991504,1237.2883779894605,1431.0142089892656,0
2026-01-06 11:00:00,WELL-004,PUMP-004,143.8350563989973,82.60320048008522,3.3112391315347707,1372.4148499037249,1135.0510978317877,1348.6711111700283,0
2026-01-06 12:00:00,WELL-004,PUMP-004,145.87648566851234,75.13301560626782,4.106637852735741,1243.3680007426274,1221.3943307336049,1440.5366884531595,0
2026-01-06 13:00:00,WELL-004,PUMP-004,148.14505194699368,73.28991327097613,2.8079104814668137,1220.3970709945443,947.5219811087603,1420.4889016847183,0
2026-01-06 14:00:00,WELL-004,PUMP-004,161.38633558739068,73.34881444487877,3.4879836818938856,1132.4299159082789,1102.7134682180617,1366.0638618825737,0
2026-01-06 15:00:00,WELL-004,PUMP-004,148.50267561708912,81.38131993936777,3.722724058082035,1251.4584797709695,1178.632872737303,1414.3185553397766,0
2026-01-06 16:00:00,WELL-004,PUMP-004,152.71877911172265,69.68528634908415,3.8163739513023964,1220.0868683155832,1096.4232044568337,1389.6166823549033,0
2026-01-06 17:00:00,WELL-004,PUMP-004,145.34735389418225,70.72236156029687,2.4123632209561143,1167.3973379032473,1350.8879091685737,1480.475494810622,0
2026-01-06 18:00:00,WELL-004,PUMP-004,139.5006105957861,80.26225315807022,3.7094588014433025,1209.9969058760576,1148.2639305559114,1482.7239156455053,0
2026-01-06 19:00:00,WELL-004,PUMP-004,176.3020894991099,74.29425163828597,3.304556664090428,1259.066757112424,1163.008998748228,1456.136445385274,0
2026-01-06 20:00:00,WELL-004,PUMP-004,148.48831597066854,81.34593629425595,3.656971060727721,1280.0299699558404,1092.5580566247177,1432.518486188664,0
2026-01-06 21:00:00,WELL-004,PUMP-004,159.36895251790057,75.53762500215399,2.732758487108446,1151.9286189248044,1181.0586283109187,1466.816148466064,0
2026-01-06 22:00:00,WELL-004,PUMP-004,149.21908096881236,67.42236769307205,3.471375105994462,1203.391638354709,1278.9642309245048,1429.4871982039456,0
2026-01-06 23:00:00,WELL-004,PUMP-004,143.48949086456855,75.90234070915604,3.6359256505585975,1353.833320452861,1268.3804184874905,1447.1248515602542,0
2026-01-07 00:00:00,WELL-004,PUMP-004,147.17240777000106,73.9402553533803,4.0411960716500825,1188.5258654779195,1208.229059418761,1475.516020622209,0
2026-01-07 01:00:00,WELL-004,PUMP-004,164.90295297120142,75.62331696703778,4.159678262837392,1221.8671852932628,1262.950488850811,1503.075457858792,0
2026-01-07 02:00:00,WELL-004,PUMP-004,147.43937661382296,77.48610119221684,4.283283764342406,1205.2925842342993,1250.0305674107685,1449.0680872202831,0
2026-01-07 03:00:00,WELL-004,PUMP-004,156.75161120415146,73.58156889536414,4.289806902511712,1017.3071404415597,1094.4074804883278,1404.218385182077,0
2026-01-07 04:00:00,WELL-004,PUMP-004,144.92826699495998,77.86183470788825,4.009122768405192,1378.327857775923,1138.9561439089957,1409.2211572780911,0
2026-01-07 05:00:00,WELL-004,PUMP-004,157.77075427633184,81.9755095325115,4.434296533819196,1264.9606177179776,1223.8152467181033,1518.4934111680955,0
2026-01-07 06:00:00,WELL-004,PUMP-004,156.3045632128237,73.28705192931352,4.195977480104846,1283.078529270365,1076.5351636585222,1462.1471956175408,0
2026-01-07 07:00:00,WELL-004,PUMP-004,161.6154130585178,70.26234629513944,4.251834926146349,1242.7805694847743,1262.3207689638396,1506.7384307433383,0
2026-01-07 08:00:00,WELL-004,PUMP-004,144.87473581917789,80.45258837371334,2.828988664399711,1258.7845882285546,1098.9482297658387,1456.2904976742648,0
2026-01-07 09:00:00,WELL-004,PUMP-004,140.5203844701914,83.02467250876951,4.141668432874514,1249.6685932044677,1192.9338055174317,1437.6041987128497,0
2026-01-07 10:00:00,WELL-004,PUMP-004,145.91313859518092,82.1357512398172,3.542922897470362,1336.2876092889499,1194.3430600583988,1436.2008928446626,0
2026-01-07 11:00:00,WELL-004,PUMP-004,159.7280523112918,71.40339156595913,3.421654725622897,1286.9064570428338,1149.4899851513014,1473.2160280413332,0
2026-01-07 12:00:00,WELL-004,PUMP-004,141.33576876326146,77.77570405312785,3.0519776622314625,1217.961020410629,1092.5918060199988,1425.3438374210266,0
2026-01-07 13:00:00,WELL-004,PUMP-004,168.66413134602152,81.47963930786875,3.5075454617601887,1319.3915594398381,1065.4238694982446,1576.1686665699779,0
2026-01-07 14:00:00,WELL-004,PUMP-004,148.9900148180033,71.93184380809858,3.5435665005417314,1198.52823502397,1203.2973859260237,1354.5656143614588,0
2026-01-07 15:00:00,WELL-004,PUMP-004,145.6458045366037,69.61128032534828,3.01738309894243,1268.0630427268418,1090.2956318991824,1412.5594164488211,0
2026-01-07 16:00:00,WELL-004,PUMP-004,167.94283086527992,103.87716779115347,10.436652444757723,1099.313949039918,978.507951125126,1548.0003759407796,1
2026-01-07 17:00:00,WELL-004,PUMP-004,160.22291469912105,76.95655160409721,2.9223350892397613,1235.5422167854576,1076.941984556192,1335.748994803397,0
2026-01-07 18:00:00,WELL-004,PUMP-004,144.09009019756058,71.86486074084803,5.004983763833938,1394.5487107317208,1284.5749700549538,1433.4670668811834,0
2026-01-07 19:00:00,WELL-004,PUMP-004,161.98872877468563,78.67354833786497,3.5354861490150755,1218.187934864365,1230.3017566275025,1442.007106708213,0
2026-01-07 20:00:00,WELL-004,PUMP-004,152.9375983902031,74.84264314898158,4.405714395619313,1012.6597545007415,1215.6921073544836,1485.886935332949,0
2026-01-07 21:00:00,WELL-004,PUMP-004,149.87707641882608,73.17162332636696,2.626451048320517,1418.3009181556636,1231.6878914342376,1492.312425428625,0
2026-01-07 22:00:00,WELL-004,PUMP-004,133.0077833929692,71.54993700092707,4.379501587161778,1337.4030266886643,1216.5711647648686,1427.570156344544,0
2026-01-07 23:00:00,WELL-004,PUMP-004,147.01552524494392,68.75612684662502,2.4443903067298227,1288.7302336031385,1215.6055380483194,1498.5107871135608,0
2026-01-08 00:00:00,WELL-004,PUMP-004,149.2192488787647,66.58308933478587,2.5319790582770363,1250.6138554657205,1087.2389991361567,1555.2543319667252,0
2026-01-08 01:00:00,WELL-004,PUMP-004,133.358496218865,76.39489050957825,3.061289455451576,1128.4715767005948,1181.6157788991684,1394.703338771002,0
2026-01-08 02:00:00,WELL-004,PUMP-004,159.4632039151002,77.53488172914071,4.168317438789332,1026.0028557925132,1158.687938519624,1515.3567711575356,0
2026-01-08 03:00:00,WELL-004,PUMP-004,134.35795872726743,67.228109604382,3.0993892071840667,1292.7441639784133,1099.1623992591603,1416.2099573285752,0
2026-01-08 04:00:00,WELL-004,PUMP-004,153.43048944346404,67.71976753326783,3.862239809714133,1300.24629575202,1063.7156916371255,1527.490930316417,0
2026-01-08 05:00:00,WELL-004,PUMP-004,157.32992370375945,79.22464320882793,3.4126730158161376,1138.304534716329,1180.8884234878897,1506.862662332084,0
2026-01-08 06:00:00,WELL-004,PUMP-004,159.1262864036198,76.46504403629328,3.8513129197141205,1116.2934185892182,1205.9737616750754,1413.2512449371368,0
2026-01-08 07:00:00,WELL-004,PUMP-004,150.8245843353927,73.65973918719355,2.9031014051784356,1231.9381381827359,1088.2857310922889,1432.840297586779,0
2026-01-08 08:00:00,WELL-004,PUMP-004,161.47107574557015,71.52159627916743,3.8175799603662015,1358.488537136826,1144.9893123149689,1476.6011216136394,0
2026-01-08 09:00:00,WELL-004,PUMP-004,130.45533102520838,69.91555725435444,3.4074017744721736,1326.8146935499478,1196.4051783510288,1476.7188281420024,0
2026-01-08 10:00:00,WELL-004,PUMP-004,140.19572222228078,75.67400711645102,3.4889971600197742,1240.6071759724105,1172.3968341543161,1444.196459493976,0
2026-01-08 11:00:00,WELL-004,PUMP-004,155.28989078491887,70.47524255543428,3.3750843603315572,1358.3991707473285,1143.646108238321,1450.364149352521,0
2026-01-08 12:00:00,WELL-004,PUMP-004,152.39835899330532,66.72180319914959,3.887792097881495,1367.9597894056412,1115.1632621188014,1436.9109638828647,0
2026-01-08 13:00:00,WELL-004,PUMP-004,160.7955400451106,71.1065501843747,4.529420055728362,1257.4642114054047,1250.3891192904325,1603.3751055793325,0
2026-01-08 14:00:00,WELL-004,PUMP-004,149.4396284501763,78.62709413578884,3.387379036475578,1166.9012452669863,1180.514547244379,1395.857973556583,0
2026-01-08 15:00:00,WELL-004,PUMP-004,145.57049987260717,73.95140961588584,3.252877160454119,1333.87214985133,1173.6842781469888,1530.444404670657,0
2026-01-08 16:00:00,WELL-004,PUMP-004,147.21999760235272,70.78852141614965,3.4520905079073225,1201.0715883036332,1051.4796301650217,1427.941165460312,0
2026-01-08 17:00:00,WELL-004,PUMP-004,153.24772399346415,72.49751575077607,4.063717383298051,1112.1276463428912,1221.8775569576956,1466.5799977139532,0
2026-01-08 18:00:00,WELL-004,PUMP-004,137.59179054413343,82.5259799943952,4.445432270224259,1251.5032409046353,1272.6048312234873,1422.416243097666,0
2026-01-08 19:00:00,WELL-004,PUMP-004,142.6407372434088,66.29794262971974,2.619042387822772,1247.1763266249056,1296.9595370610562,1560.2425361039075,0
2026-01-08 20:00:00,WELL-004,PUMP-004,158.58693265955978,79.34786259326711,3.014158719566113,1149.901766769786,1160.1068482491655,1528.3895754897833,0
2026-01-08 21:00:00,WELL-004,PUMP-004,155.714271808811,80.72733493279671,2.61093929061585,1286.1151013226781,1280.0049780810189,1421.966748981967,0
2026-01-08 22:00:00,WELL-004,PUMP-004,141.05414448515174,79.1096074120795,4.508459428032914,1249.8203038594304,1122.7398470680778,1456.1509336763377,0
2026-01-08 23:00:00,WELL-004,PUMP-004,144.28259368172743,70.85791534774845,3.60353704639453,1477.6701960231203,1256.991829148743,1445.291260763535,0
2026-01-09 00:00:00,WELL-004,PUMP-004,165.00180310786712,75.5225701803791,3.858903290200877,1171.9573651508294,1233.7556364461575,1423.680456744466,0
2026-01-09 01:00:00,WELL-004,PUMP-004,147.64836486228626,76.00347062621462,3.28467434907912,1305.894936748265,1167.7722658387352,1557.898584301413,0
2026-01-09 02:00:00,WELL-004,PUMP-004,153.748250055241,75.7613468790375,4.239322542448347,1284.9898139343734,1140.5306167698097,1333.728992293016,0
2026-01-09 03:00:00,WELL-004,PUMP-004,157.84972707258706,62.9466865254593,4.3145529255661055,1320.920704166042,1103.8625613688118,1462.5940180046427,0
2026-01-09 04:00:00,WELL-004,PUMP-004,149.4671917838242,63.87807945695566,3.70214195838597,1286.1819502118863,1297.2945405691894,1440.3002603716689,0
2026-01-09 05:00:00,WELL-004,PUMP-004,140.84305868098724,78.70549614133355,3.307177338888685,1246.720997372431,1154.6480342799084,1438.2173299742399,0
2026-01-09 06:00:00,WELL-004,PUMP-004,170.80426270292278,84.48584164988019,7.872878124513731,1055.940034752844,1012.3531197559748,1488.058701952582,0
2026-01-09 07:00:00,WELL-004,PUMP-004,142.69856991443305,73.60671833060346,3.2675068020381857,1230.226271020448,1156.8132483785123,1463.96200506105,0
2026-01-09 08:00:00,WELL-004,PUMP-004,140.59775906722996,71.62756412809614,3.107690758112504,1419.6672758359296,1288.6713283549818,1366.5236525352616,0
2026-01-09 09:00:00,WELL-004,PUMP-004,154.34605571979418,65.96205175409271,3.0862066970594335,1245.7430050981613,1197.757848800867,1384.2625569844788,0
2026-01-09 10:00:00,WELL-004,PUMP-004,182.10433072527786,88.96927640155076,9.436507676427654,970.7777085415559,1100.422317046412,1462.5428125798198,0
2026-01-09 11:00:00,WELL-004,PUMP-004,161.11834063809462,84.75861585201808,3.5094765806344235,1206.612002111175,1094.1924761922794,1471.7443170181791,0
2026-01-09 12:00:00,WELL-004,PUMP-004,165.1712998382456,99.92665542366188,9.537721061820282,1115.9495558773976,906.443608717203,1463.0592270639813,1
2026-01-09 13:00:00,WELL-004,PUMP-004,144.87110676677784,83.29434847227665,4.090755736937478,1313.2537854952582,1235.109340518604,1472.9787744155533,0
2026-01-09 14:00:00,WELL-004,PUMP-004,150.16099122396565,67.59809806337171,2.826081715796132,1314.2448390927023,1076.1573833525974,1480.7415483838845,0
2026-01-09 15:00:00,WELL-004,PUMP-004,178.13218950550421,80.96645386248301,9.403075777560897,885.116332170716,1005.5265436503704,1425.4525525134068,0
2026-01-09 16:00:00,WELL-004,PUMP-004,143.33486781336828,80.32981859865913,3.5106993527178547,1253.00534869658,1095.8129944559605,1400.499314304843,0
2026-01-09 17:00:00,WELL-004,PUMP-004,154.17339719337397,71.92242075003183,3.3263382856111443,1250.6555867357392,1124.4936747909733,1540.1518931447176,0
2026-01-09 18:00:00,WELL-004,PUMP-004,152.1011359029735,67.74991821916234,2.920417445233078,1185.0264422618936,1133.5663173541388,1381.2425303979849,0
2026-01-09 19:00:00,WELL-004,PUMP-004,167.05748533445103,78.34470159397884,1.899422171236145,1320.6607212982053,1176.2788135994192,1380.5024126308087,0
2026-01-09 20:00:00,WELL-004,PUMP-004,155.14173722105187,78.60319615678634,3.546418238170458,1321.1410739807181,1358.2238175159955,1535.61523437188,0
2026-01-09 21:00:00,WELL-004,PUMP-004,148.196454980664,73.25246561520615,4.116095357352234,1229.0141122960697,1252.0578332694724,1426.4212648321732,0
2026-01-09 22:00:00,WELL-004,PUMP-004,153.61078038291706,69.09403230285251,3.456306540445795,1317.0411243629048,1172.9512889027976,1402.6843088626101,0
2026-01-09 23:00:00,WELL-004,PUMP-004,137.37754875792282,84.98750046589836,2.560381630390032,1456.8632501774382,1215.9995672867938,1424.056641602349,0
2026-01-10 00:00:00,WELL-004,PUMP-004,144.82777216418788,79.23385554504122,3.5113994493559226,1208.2996154515097,1223.2885051020894,1413.627303763844,0
2026-01-10 01:00:00,WELL-004,PUMP-004,153.98184087647195,72.35327238165334,4.331765649248494,1343.0380660988833,1198.8312269440078,1510.5388873411748,0
2026-01-10 02:00:00,WELL-004,PUMP-004,162.89586133242653,95.17854762361509,9.768014172825602,999.7921504545454,998.3984170427711,1446.0623556877679,1
2026-01-10 03:00:00,WELL-004,PUMP-004,163.8781023449886,69.64765878489965,3.6961465185435047,1241.8873736222508,1173.1399323251662,1490.4930992435438,0
2026-01-10 04:00:00,WELL-004,PUMP-004,156.9268924666703,80.34343676829454,3.6954107151264957,1297.0530647529617,1216.1238510342896,1493.475424100006,0
2026-01-10 05:00:00,WELL-004,PUMP-004,158.66029606946327,71.69926066331762,3.3989974194576855,1269.1573591024348,1084.0410568619695,1529.7460104043007,0
2026-01-10 06:00:00,WELL-004,PUMP-004,137.57246252200474,74.39483918848562,4.4261233588284785,1155.169389703961,1192.2608108466532,1414.1658046031962,0
2026-01-10 07:00:00,WELL-004,PUMP-004,152.7737921299356,73.31486812659311,3.797749139747257,1368.6266293108727,1229.335260970729,1490.477094412647,0
2026-01-10 08:00:00,WELL-004,PUMP-004,148.06657628389382,76.73759017952635,4.72180850879373,1310.2824600880547,1131.0912145318835,1449.064625236149,0
2026-01-10 09:00:00,WELL-004,PUMP-004,163.4113873427526,78.63017999614667,4.255331723445693,1257.5745111576584,1123.4949025760893,1447.106692039283,0
2026-01-10 10:00:00,WELL-004,PUMP-004,137.96775207880924,71.48238009166442,3.2849672190936077,1341.1843373000388,1076.1726177471487,1467.4892633787642,0
2026-01-10 11:00:00,WELL-004,PUMP-004,149.9419544122747,73.44146203766392,3.897041967258169,1268.2549831168765,1274.1582021528252,1419.9051419533694,0
2026-01-10 12:00:00,WELL-004,PUMP-004,148.66311097681057,78.51096455824815,3.9308604733244126,1223.1555285478958,1172.021386701258,1449.4400414270115,0
2026-01-10 13:00:00,WELL-004,PUMP-004,153.70978446045692,69.16249588059642,3.415810263171704,1411.4245159034424,1187.78563343886,1433.6337212463802,0
2026-01-10 14:00:00,WELL-004,PUMP-004,156.39928761992644,77.67064059397337,3.629246841638074,1236.7285853722892,1096.3424007817855,1484.6117442734128,0
2026-01-10 15:00:00,WELL-004,PUMP-004,157.56397843727515,74.60301809307254,3.671020845259617,1225.4883658330784,1242.910874180955,1419.6095009985172,0
2026-01-10 16:00:00,WELL-004,PUMP-004,134.67068494987242,69.85237742402103,3.5822800407915296,1362.4574914715413,1249.9983248253675,1525.0817309314987,0
2026-01-10 17:00:00,WELL-004,PUMP-004,146.93600628413233,77.17034243591588,3.474286251403797,1255.9418952152116,1116.1884636389698,1499.503061535818,0
2026-01-10 18:00:00,WELL-004,PUMP-004,158.7110769677205,70.8270971126142,4.100362045109761,1261.8760226920842,1257.1217754681215,1394.730890931747,0
2026-01-10 19:00:00,WELL-004,PUMP-004,147.51033368661055,69.54476641402962,2.175471460597187,1228.9727600430085,1262.4661157993523,1393.7917007619033,0
2026-01-10 20:00:00,WELL-004,PUMP-004,152.69638952675797,75.8111230668908,4.7052014049435,1344.0179564454265,1236.1273503140737,1375.2366969999289,0
2026-01-10 21:00:00,WELL-004,PUMP-004,162.46679968113583,78.31153071184151,3.0857888803242264,1243.130887936179,1174.6870850444238,1454.0159786312606,0
2026-01-10 22:00:00,WELL-004,PUMP-004,142.02098103400732,86.41171169113282,3.247926213636864,1083.7176845439503,1138.0458863603449,1358.6690253258084,0
2026-01-10 23:00:00,WELL-004,PUMP-004,137.83422776292704,76.92080088983738,3.5003236175773274,1274.2369845998985,1172.6814028002032,1380.285112489779,0
2026-01-11 00:00:00,WELL-004,PUMP-004,139.9388364976076,75.91281495347671,3.2193215216143196,1340.616173857289,1239.8351600989133,1423.1420268759668,0
2026-01-11 01:00:00,WELL-004,PUMP-004,152.0869293977758,78.99943644852992,3.9246069464163456,1290.5227513108734,1133.9068483317121,1458.6961755987577,0
2026-01-11 02:00:00,WELL-004,PUMP-004,151.60671790955283,73.22292847935726,3.86251792948982,1254.955522798255,1208.2055810694371,1389.7942633552243,0
2026-01-11 03:00:00,WELL-004,PUMP-004,161.84989273298876,78.79423882919399,3.999767265695025,1297.015592149425,1270.883414284279,1395.6260915943817,0
2026-01-11 04:00:00,WELL-004,PUMP-004,167.70550141767055,91.11491510512644,9.317387860306601,931.6926514124274,998.9129952661958,1513.2899542183172,1
2026-01-11 05:00:00,WELL-004,PUMP-004,151.4355871338926,77.41721834139159,3.7736237530302166,1297.2532237363503,1151.204415838449,1333.279220539243,0
2026-01-11 06:00:00,WELL-004,PUMP-004,157.73533920860373,71.38463447543927,3.685733388060291,1293.4671677599238,1119.7633292413132,1446.3761140202982,0
2026-01-11 07:00:00,WELL-004,PUMP-004,144.87417109898684,63.87133331305555,3.5716740040434725,1345.1355977675157,1200.1012614321942,1432.1680752930479,0
2026-01-11 08:00:00,WELL-004,PUMP-004,162.49812088524055,89.7262314496755,3.6503085222533582,1196.952626093969,1211.7012028756424,1436.6893524796753,0
2026-01-11 09:00:00,WELL-004,PUMP-004,153.7901788948708,85.47359291924272,2.577926291608211,1390.632535188368,1165.686656940285,1445.4706489305943,0
2026-01-11 10:00:00,WELL-004,PUMP-004,156.52864835291152,80.88172028085728,2.736657423660822,1307.0420680346358,1043.6862089136653,1445.5332067264476,0
2026-01-11 11:00:00,WELL-004,PUMP-004,148.5438794481373,72.36685193551733,3.535913794607525,1321.713977752593,1225.5942184216153,1419.3407833395863,0
2026-01-11 12:00:00,WELL-004,PUMP-004,142.9173885422555,71.1368155517345,2.2873986074742536,1263.5955768841186,1168.736654320638,1390.5807664629965,0
2026-01-11 13:00:00,WELL-004,PUMP-004,158.04687187572685,75.93787396595486,3.2154205005082557,1215.3486480450692,1098.3759316995165,1570.1590962848588,0
2026-01-11 14:00:00,WELL-004,PUMP-004,155.24892961488217,78.84607638614524,3.416242923730549,1298.5436020047707,1197.2073455271473,1379.1180121386296,0
2026-01-11 15:00:00,WELL-004,PUMP-004,142.5815419685549,71.64854709775275,2.9593070291966272,1230.8197340188688,1184.9997486305763,1439.336902799351,0
2026-01-11 16:00:00,WELL-004,PUMP-004,157.82402380798726,81.35264612073571,3.2932190977951064,1199.099453201117,1125.4989067231802,1482.2032461478611,0
2026-01-11 17:00:00,WELL-004,PUMP-004,150.70162798179464,77.17311204290972,3.117026701629965,1315.3243614052478,1224.7505102285809,1417.3564482048198,0
2026-01-11 18:00:00,WELL-004,PUMP-004,154.41344185804775,84.4844437393604,4.481004299438851,1285.282866788061,1121.2993538362948,1384.5006244134115,0
2026-01-11 19:00:00,WELL-004,PUMP-004,153.63939782452826,65.6118817488809,2.35676859926422,1112.8286447626122,1207.2479844998709,1471.825456596003,0
2026-01-11 20:00:00,WELL-004,PUMP-004,134.16324579317978,72.93280598811745,4.069820230566722,1271.9574668509251,1096.2439466294347,1328.4938812136322,0
2026-01-11 21:00:00,WELL-004,PUMP-004,142.93617300874845,83.47236265263967,3.534438144775246,1216.7168368423806,1162.2802035377786,1530.9334023104313,0
2026-01-11 22:00:00,WELL-004,PUMP-004,166.1186414469423,99.47372303090218,7.753694083186621,1078.3841032909027,1015.3745042570615,1433.618328134502,0
2026-01-11 23:00:00,WELL-004,PUMP-004,151.66282590510116,74.77477760772423,3.10597376013412,1141.5566511068698,1134.6643070535367,1433.4996565687557,0
2026-01-12 00:00:00,WELL-004,PUMP-004,161.98467489364563,70.3375150683552,3.6103678415008518,1355.6194373802134,1186.4758822991628,1431.804208791549,0
2026-01-12 01:00:00,WELL-004,PUMP-004,162.32086258995224,79.84249401312438,3.8124765834156515,1210.5692070093025,1232.4956875061387,1365.6561524313474,0
2026-01-12 02:00:00,WELL-004,PUMP-004,157.76708711270527,72.27970390990585,3.970266143393007,1312.285831782228,1158.9004957528557,1428.5140305450418,0
2026-01-12 03:00:00,WELL-004,PUMP-004,154.30380775861192,70.2356947970685,2.99319364202405,1254.9387741168237,1192.1238349896123,1358.7192410717678,0
2026-01-12 04:00:00,WELL-004,PUMP-004,175.09400685887957,98.8604062756655,7.030206411045765,1140.3493180345372,975.5547177391022,1401.8834616277459,0
2026-01-12 05:00:00,WELL-004,PUMP-004,143.5853313046418,75.4721368985738,3.0847117697743567,1353.2144511022882,1136.5381032568916,1525.2660759986281,0
2026-01-12 06:00:00,WELL-004,PUMP-004,164.27647111082868,74.17287973909053,2.703495505677542,1209.9058290437572,1232.9939201273592,1484.4970138448043,0
2026-01-12 07:00:00,WELL-004,PUMP-004,150.95261254579688,63.206605956598295,2.7010374088328026,1189.9769064660768,1125.7627915479638,1510.6507360040002,0
2026-01-12 08:00:00,WELL-004,PUMP-004,162.71916475848556,71.39923011489216,3.644625966717267,1298.3133633186699,1285.8447564399016,1442.3051113007182,0
2026-01-12 09:00:00,WELL-004,PUMP-004,149.5935990525351,72.28208928226596,3.1807223735613475,1324.213192909803,1234.0923836393297,1439.069593375794,0
2026-01-12 10:00:00,WELL-004,PUMP-004,140.2296209231582,79.32195748703333,3.307625314215913,1201.398327206343,1129.882294377124,1454.252293010009,0
2026-01-12 11:00:00,WELL-004,PUMP-004,153.72473740316158,69.37475470226343,4.064992034564303,1421.8227861792411,1131.1982179628635,1382.517813256875,0
2026-01-12 12:00:00,WELL-004,PUMP-004,152.47422708101357,73.9364004153454,3.6382759283765798,1303.8376164825534,1200.6203760378223,1417.6581847916189,0
2026-01-12 13:00:00,WELL-004,PUMP-004,162.9436891436391,69.01201431110313,2.5524482135405018,1217.8329258601718,1094.4970666013674,1386.1891158449425,0
2026-01-12 14:00:00,WELL-004,PUMP-004,148.43525410520618,82.04522983206044,3.829476005335019,1207.600565463722,1150.2866857685754,1424.8706743047157,0
2026-01-12 15:00:00,WELL-004,PUMP-004,149.86493616067904,69.70721978827855,3.8073026715723146,1116.7021759329107,1028.457993376156,1369.5113649832306,0
2026-01-12 16:00:00,WELL-004,PUMP-004,152.0656218776091,73.55670919660385,3.3259817591202845,1283.7461828928701,1286.8351171157394,1488.3754540908649,0
2026-01-12 17:00:00,WELL-004,PUMP-004,159.3510833485365,79.93101215430762,3.685337775961578,1281.0805059087547,1123.6361479994523,1457.2179144112717,0
2026-01-12 18:00:00,WELL-004,PUMP-004,154.2718463793493,66.10898636217077,3.357888770526693,1239.2641848571639,1115.5748968585153,1502.8529505678289,0
2026-01-12 19:00:00,WELL-004,PUMP-004,152.0511964739507,73.42229968551821,4.0375983262481805,1261.6969084718069,1229.4048719642822,1449.6379800702928,0
2026-01-12 20:00:00,WELL-004,PUMP-004,155.604763178217,75.61728778084571,2.8462919550359267,1135.233531127652,1187.455378099343,1422.8651563048693,0
2026-01-12 21:00:00,WELL-004,PUMP-004,145.66832873117082,77.11459580113626,2.7320112358245225,1232.3046228304615,1113.2602989424247,1472.595309881667,0
2026-01-12 22:00:00,WELL-004,PUMP-004,143.93228861655308,70.10292130892422,3.416899386836028,1343.6153867256448,1179.647139084353,1427.8390653786153,0
2026-01-12 23:00:00,WELL-004,PUMP-004,175.1035077215822,94.16827283866967,8.589115750457713,885.6060565253777,964.8596599380494,1391.6407873076168,1
2026-01-13 00:00:00,WELL-004,PUMP-004,134.08824745803327,75.15211840021239,3.8380238250589294,1192.4170420520622,1224.7971783463074,1399.5911260307591,0
2026-01-13 01:00:00,WELL-004,PUMP-004,156.01637106895063,75.10250864683834,3.500191166879041,1205.4174952308358,1198.9059087943435,1504.4046231604295,0
2026-01-13 02:00:00,WELL-004,PUMP-004,163.05721795076235,70.36794767703091,3.3738728348621017,1208.8140882911418,1126.0848159688073,1406.2218949783369,0
2026-01-13 03:00:00,WELL-004,PUMP-004,147.4105379676705,73.66726347859627,3.109523806958924,1189.3468944400058,1163.9850959256432,1458.384576742978,0
2026-01-13 04:00:00,WELL-004,PUMP-004,137.73199511350418,72.03204820304718,4.250334347906239,1273.5219967688731,1203.412949354094,1461.948920903188,0
2026-01-13 05:00:00,WELL-004,PUMP-004,166.42530210148624,90.84946730550318,6.607029660133098,1088.4341869244117,996.7748189707653,1377.4390391870031,0
2026-01-13 06:00:00,WELL-004,PUMP-004,141.17778900943745,72.82589693566943,3.8199950183686084,1222.0023935718968,1062.9619269745212,1426.3653861138214,0
2026-01-13 07:00:00,WELL-004,PUMP-004,146.56680405066717,71.80830715570056,2.562606103039984,1272.0222823280653,1173.2736146581888,1551.1471038153293,0
2026-01-13 08:00:00,WELL-004,PUMP-004,140.0288520116867,69.2900696465366,3.708857175072407,1218.6960088081298,1173.23422632673,1530.639011634852,0
2026-01-13 09:00:00,WELL-004,PUMP-004,150.68987900237758,71.57859231787145,3.7102998630748387,1360.6525735306773,1240.3477965323614,1389.619774621677,0
2026-01-13 10:00:00,WELL-004,PUMP-004,143.41705916001618,89.84754753872832,4.380425592996607,1186.2709944297617,1181.4009663501126,1487.6822140816732,0
2026-01-13 11:00:00,WELL-004,PUMP-004,149.14513039368714,80.77596420140625,3.275520391105378,1281.099864287238,1211.4283301095172,1401.4115971130054,0
2026-01-13 12:00:00,WELL-004,PUMP-004,152.33026932552204,78.97617124628592,2.269368555287687,1274.805505910012,1195.2998222211602,1533.4404040650352,0
2026-01-13 13:00:00,WELL-004,PUMP-004,153.39399642380008,74.51389220630958,3.909623388648139,1258.9427705063886,1181.3751119172591,1443.3445568241318,0
2026-01-13 14:00:00,WELL-004,PUMP-004,153.2029463157005,76.21145592901159,3.2099131190033736,1247.7208700391686,1129.9141063714076,1447.771655028726,0
2026-01-13 15:00:00,WELL-004,PUMP-004,146.21136544145594,74.37573790786665,2.863810405981375,1121.1761475591072,1200.438124004675,1451.3414765462408,0
2026-01-13 16:00:00,WELL-004,PUMP-004,165.43415997297026,74.486162692562,3.4124933402166864,1172.7683031893662,1181.6762467714482,1519.347994513664,0
2026-01-13 17:00:00,WELL-004,PUMP-004,143.18096606512967,79.2484201246419,3.4324636825122927,1334.204039567867,1208.9342402081743,1433.6085515442996,0
2026-01-13 18:00:00,WELL-004,PUMP-004,152.47512353967855,83.06155763951774,4.218493124022904,1213.4803512396722,1054.3409562366091,1519.278761697074,0
2026-01-13 19:00:00,WELL-004,PUMP-004,147.1196658093404,79.6688103762496,3.890510108007363,1267.184030057371,1195.4871292792136,1392.4514418913132,0
2026-01-13 20:00:00,WELL-004,PUMP-004,151.28548398500521,83.07391627123664,4.306811103938369,1302.1064761596162,1213.1251946068387,1480.819714526518,0
2026-01-13 21:00:00,WELL-004,PUMP-004,149.55403057500908,74.03520573716649,3.419111884583361,1244.7245113333636,1145.9513637933064,1460.7619306593851,0
2026-01-13 22:00:00,WELL-004,PUMP-004,154.0178777628158,66.88839693353117,3.4319871235356203,1260.5241312141995,1158.2559532114183,1441.3803650095385,0
2026-01-13 23:00:00,WELL-004,PUMP-004,150.78721333451895,71.26684080481539,3.0088329487697885,1185.641860954272,1197.8489312734416,1509.677123550247,0
2026-01-14 00:00:00,WELL-004,PUMP-004,153.8294494452075,75.78045369228427,3.9125304317554965,1123.8216291094302,1117.4493322415392,1529.3449828516545,0
2026-01-14 01:00:00,WELL-004,PUMP-004,173.09040644346584,87.28782412711399,9.25030042666546,911.698834085332,1036.9515656964197,1498.0683244024963,0
2026-01-14 02:00:00,WELL-004,PUMP-004,147.33419210110077,69.4245759646235,3.080215026759516,1156.7453381079656,1090.3315795893031,1399.7943787620777,0
2026-01-14 03:00:00,WELL-004,PUMP-004,154.08540910287047,79.6945441601978,3.1270435728975894,1143.3426356839204,1409.8882740901518,1489.1652118544357,0
2026-01-14 04:00:00,WELL-004,PUMP-004,156.16299143259252,73.87388830819529,4.46281437792862,1219.4489085232537,995.4912721340756,1405.5314866887575,0
2026-01-14 05:00:00,WELL-004,PUMP-004,139.11981138951523,73.93570058621816,2.923116911893696,1245.8629767551784,1228.1434693993237,1499.7651450264611,0
2026-01-14 06:00:00,WELL-004,PUMP-004,165.8528112212108,83.7210491129603,3.9194485320465065,1115.9935359630588,1054.1865515446711,1422.5788555435954,0
2026-01-14 07:00:00,WELL-004,PUMP-004,143.84234320609715,71.85014984072156,4.8644561414859435,1325.2295750898638,1071.5558288396512,1525.2106450342615,0
2026-01-14 08:00:00,WELL-004,PUMP-004,149.2820373118791,81.31045248012923,3.480691660922591,1270.7964245235385,1149.2201907694568,1457.3139521905678,0
2026-01-14 09:00:00,WELL-004,PUMP-004,138.53567676305715,85.95819127527494,2.7910600525385525,1267.6103349990221,1058.1509575533764,1430.0464730378453,0
2026-01-14 10:00:00,WELL-004,PUMP-004,169.80599496451964,100.02985665156743,10.635899186172665,1120.3739865924924,1030.3222358984494,1549.5706380306924,1
2026-01-14 11:00:00,WELL-004,PUMP-004,151.26370158202369,72.3392906501909,3.9464946673367844,1306.569036716961,1128.942606594088,1485.9891475833647,0
2026-01-14 12:00:00,WELL-004,PUMP-004,148.7695297769517,76.59413521789766,2.8488957929985532,1351.5046125053566,985.1927697359746,1445.6425803832287,0
2026-01-14 13:00:00,WELL-004,PUMP-004,142.83633349024478,76.76611533773428,3.7217078697898542,1275.0073784122824,1082.2288528740312,1394.0220812764223,0
2026-01-14 14:00:00,WELL-004,PUMP-004,142.18859568214722,79.8766786744438,3.7693656309157983,1389.8508458019428,1297.7853315809307,1432.8877434926603,0
2026-01-14 15:00:00,WELL-004,PUMP-004,137.29700184910894,79.20108429982041,3.6195957176630955,1137.7599146377968,1035.242849885307,1393.749046670968,0
2026-01-14 16:00:00,WELL-004,PUMP-004,148.17692569294476,75.47803772056288,2.923788168714732,1109.591837498307,1165.2749677356162,1433.9460285270377,0
2026-01-14 17:00:00,WELL-004,PUMP-004,146.2067065160134,83.549710254998,2.7580666399107594,1281.3950163260981,1302.9949939071817,1488.7291407911225,0
2026-01-14 18:00:00,WELL-004,PUMP-004,161.45271124171288,71.38609872277753,3.6162020110089013,1301.3822605336825,1141.8070090569872,1474.0806922844047,0
2026-01-14 19:00:00,WELL-004,PUMP-004,139.55073839616838,75.64682169139876,2.657331049500042,1322.799227807562,1221.2408647853206,1477.8728000236338,0
2026-01-14 20:00:00,WELL-004,PUMP-004,153.97105317223077,69.60263040212728,2.89105005752055,1202.055776910102,1207.6250858349667,1467.9149907466383,0
2026-01-14 21:00:00,WELL-004,PUMP-004,140.96400029773469,71.26669281789651,3.5035020992204244,1321.9776298423628,1112.1857683113694,1539.484949479819,0
2026-01-14 22:00:00,WELL-004,PUMP-004,137.41429648350635,69.39957433737233,4.213477868872079,1390.4881271754828,1125.2474382233156,1426.9716985120222,0
2026-01-14 23:00:00,WELL-004,PUMP-004,164.49360967185197,69.03048779900224,3.0638368414567836,1201.328134952176,984.0385820794461,1454.5683879553326,0
2026-01-15 00:00:00,WELL-004,PUMP-004,154.2690113985318,67.72719297377638,3.3856848862279776,1273.3099564990866,1202.8952652637315,1457.7324271618313,0
2026-01-15 01:00:00,WELL-004,PUMP-004,160.5858155821993,78.67620722144811,3.623652190703,1298.005226108189,1175.7241529854173,1459.247338466304,0
2026-01-15 02:00:00,WELL-004,PUMP-004,132.28585451292358,79.08767254922648,3.996594505841119,1317.4840232977697,1201.4752973723016,1343.3440391140944,0
2026-01-15 03:00:00,WELL-004,PUMP-004,150.31946437245003,73.4526446265028,3.511620396492388,1296.618444666205,1053.6102222210359,1500.048229514449,0
2026-01-15 04:00:00,WELL-004,PUMP-004,139.35480733583498,71.14500493590636,3.290920285182812,1329.5202230695077,1177.0412401095646,1440.6925890517175,0
2026-01-15 05:00:00,WELL-004,PUMP-004,146.49541714574954,67.0890597456243,3.5743449473816415,1200.1192789207732,1144.8479945203196,1524.234520129938,0
2026-01-15 06:00:00,WELL-004,PUMP-004,149.48551639904602,68.93629692562598,3.8891280485797988,1253.3810451971983,1191.5769338316704,1414.6628409178822,0
2026-01-15 07:00:00,WELL-004,PUMP-004,158.6326861707775,75.23471082724879,2.796339007924944,1354.3819467234728,1245.614218466699,1373.5153781499173,0
2026-01-15 08:00:00,WELL-004,PUMP-004,145.8426041743709,62.108535749297346,3.7669149323589934,1246.9390974028674,1274.2671100980801,1468.6561198545505,0
2026-01-15 09:00:00,WELL-004,PUMP-004,158.23551930195163,74.3736118144371,3.3484383874273043,1280.6191694966762,1178.7507513144558,1378.7157959213753,0
2026-01-15 10:00:00,WELL-004,PUMP-004,159.06950798478806,68.37583472148683,4.079158630628269,1307.6791322744737,1038.7236121998162,1516.1308920630386,0
2026-01-15 11:00:00,WELL-004,PUMP-004,161.82969254426777,78.60129329416388,4.281201856255214,1154.99145059794,1119.7811959749479,1409.1297462797552,0
2026-01-15 12:00:00,WELL-004,PUMP-004,165.8669887953806,76.1576424010876,3.8923355661626147,1127.8303363731395,1328.2411002105996,1388.7721529887456,0
2026-01-15 13:00:00,WELL-004,PUMP-004,157.04300338443662,78.10002494450376,2.9736502580127575,1165.492522232062,1269.068043921434,1502.4203316117485,0
2026-01-15 14:00:00,WELL-004,PUMP-004,142.49637272924087,82.99323796795555,2.625885423051177,1200.0181933777908,1213.5301836864392,1407.3216857648697,0
2026-01-15 15:00:00,WELL-004,PUMP-004,158.92200394625425,73.53002395698216,3.010809657999284,1315.0338480711955,1160.2624858099555,1455.366244156706,0
2026-01-15 16:00:00,WELL-004,PUMP-004,154.19834060401058,70.60750604515248,2.7311510121331843,1244.2634922972024,1116.6993369343886,1489.5308859419988,0
2026-01-15 17:00:00,WELL-004,PUMP-004,136.37134271781633,77.67142689603921,4.199369989466696,1213.9520220252775,1124.1069242168685,1359.385261037577,0
2026-01-15 18:00:00,WELL-004,PUMP-004,159.8949751481458,72.27855853422257,3.4531345939323264,1207.8109329823913,1288.0021673877384,1388.451075159737,0
2026-01-15 19:00:00,WELL-004,PUMP-004,152.59761906840578,75.03459724244294,3.2858438877230887,1158.9707460276973,1135.6099588309378,1435.5476061969423,0
2026-01-15 20:00:00,WELL-004,PUMP-004,143.4752658302468,73.25068668461782,3.889748798987704,1222.5825778497485,1255.4898336131062,1400.1121108670322,0
2026-01-15 21:00:00,WELL-004,PUMP-004,137.93678109311185,72.89627425550967,4.236547703040274,1110.3411268338723,1097.6639523363758,1419.2132166514223,0
2026-01-15 22:00:00,WELL-004,PUMP-004,148.72638630730688,80.0647144233489,3.3922820996144476,1437.52430230661,1189.363240183796,1503.089238347916,0
2026-01-15 23:00:00,WELL-004,PUMP-004,151.55718403124646,76.88101158930058,3.8207045289240273,1286.5564945737692,1330.6451349103443,1539.2971924134795,0
2026-01-16 00:00:00,WELL-004,PUMP-004,164.90207749104226,71.85312894396772,3.9211293512355763,1357.0815606865017,1117.2566666919604,1425.7204943977495,0
2026-01-16 01:00:00,WELL-004,PUMP-004,159.50800811227765,82.1810069745261,4.382061669031218,1128.1639640491821,1290.1480044034802,1434.9742159751434,0
2026-01-16 02:00:00,WELL-004,PUMP-004,151.9085290091366,85.83479633623483,2.9612348086158615,1248.4255396537385,1153.885893263526,1395.7429228418835,0
2026-01-16 03:00:00,WELL-004,PUMP-004,159.52710829159017,68.01687517081524,4.304399738362035,1261.4711797088366,1234.703223320288,1491.6580247012903,0
2026-01-16 04:00:00,WELL-004,PUMP-004,169.18759428470455,77.65542565487975,2.904404590729051,1206.0955981778266,1199.7354012243613,1472.8249017625324,0
2026-01-16 05:00:00,WELL-004,PUMP-004,165.36696919951828,75.23991360223306,4.7000915074957454,1291.236615833987,1148.257614474144,1507.353432426046,0
2026-01-16 06:00:00,WELL-004,PUMP-004,145.93387883133343,71.26107447817009,3.424828026338337,1216.2395282632735,1264.5792318456497,1426.2338291158906,0
2026-01-16 07:00:00,WELL-004,PUMP-004,165.56534002042622,70.95313779328092,4.378246474994507,1355.1557519981598,1145.6185998674273,1519.4043444728188,0
2026-01-16 08:00:00,WELL-004,PUMP-004,150.79300633980927,75.19677877497098,3.658333096610013,1133.6308201138272,1187.7585465084555,1378.6768044288128,0
2026-01-16 09:00:00,WELL-004,PUMP-004,137.46558799144412,75.75725035138574,3.5561767168731833,1203.3044077790462,1108.0677799778632,1423.4834049626381,0
2026-01-16 10:00:00,WELL-004,PUMP-004,160.16676496860438,76.63813108664208,4.0232541173202705,1236.7006342143336,1367.5740085730001,1419.7743069720102,0
2026-01-16 11:00:00,WELL-004,PUMP-004,153.73811340027092,83.17649300658303,3.083634806712326,1214.2279777355093,1162.3503643145411,1573.6499963384044,0
2026-01-16 12:00:00,WELL-004,PUMP-004,152.79798252198384,62.646683585603,4.131872871514282,1210.4401620948017,1086.7776760921276,1497.0533275725966,0
2026-01-16 13:00:00,WELL-004,PUMP-004,142.0983784987553,54.90439421618063,2.9327187750942607,1220.2292366926922,1175.867211788652,1436.4594363598617,0
2026-01-16 14:00:00,WELL-004,PUMP-004,150.26854118455205,80.44689918077304,3.4316740353585553,1251.2027140433433,1138.0245341984348,1471.5369966990925,0
2026-01-16 15:00:00,WELL-004,PUMP-004,140.09885819097576,78.27783699210919,3.7348860324626925,1166.0071510384955,1200.216388733265,1476.50756315918,0
2026-01-16 16:00:00,WELL-004,PUMP-004,157.3387232881475,102.87863606001676,8.246077157496545,1288.269725858207,839.1289771073524,1507.6125325936375,1
2026-01-16 17:00:00,WELL-004,PUMP-004,142.76479598135305,70.92106137415713,3.8897629190677314,1113.412563708032,1139.103963476554,1602.034347707972,0
2026-01-16 18:00:00,WELL-004,PUMP-004,158.44101737264944,71.56858608893315,3.8049075734313966,1203.2957786464015,1267.9552882558078,1506.1732358961922,0
2026-01-16 19:00:00,WELL-004,PUMP-004,145.28530748331855,76.1711020679978,3.6471661593305646,1160.2425504040468,1159.9889421514615,1458.0756749619204,0
2026-01-16 20:00:00,WELL-004,PUMP-004,150.60310775387478,76.6849692004828,4.518807896902093,1239.4450628084996,1174.3256696680799,1346.714895108494,0
2026-01-16 21:00:00,WELL-004,PUMP-004,143.07832756918202,71.15872339804115,3.189219620470094,1107.140697444299,1109.7574201940497,1375.876174231818,0
2026-01-16 22:00:00,WELL-004,PUMP-004,156.31213801449732,79.39673273513547,4.97171697268544,1333.0684147922059,1246.8205706774324,1468.384862661244,0
2026-01-16 23:00:00,WELL-004,PUMP-004,174.7727111691404,75.14282881388793,3.5851936703453555,1350.5502425339937,1244.0468733107157,1451.9039009698229,0
2026-01-17 00:00:00,WELL-004,PUMP-004,149.2630652966108,75.66871470643495,4.2338631763858094,1256.964370944607,1193.2424657617946,1437.5175167169605,0
2026-01-17 01:00:00,WELL-004,PUMP-004,153.55114271234308,81.10582875002044,3.427699365066005,1139.0170789255308,1253.9711301542975,1521.8044673091008,0
2026-01-17 02:00:00,WELL-004,PUMP-004,150.3644855817588,79.72279141246594,3.0626205068067502,1250.7816453882592,1278.0388070550562,1456.5386234472098,0
2026-01-17 03:00:00,WELL-004,PUMP-004,137.16156551281549,75.84701537456034,3.72820199018953,1372.8097391850122,1271.713639923801,1493.2292395875886,0
2026-01-17 04:00:00,WELL-004,PUMP-004,162.48030879086684,68.91378053186433,3.397572799246087,1316.9227904464328,1114.0177926590547,1371.5969620273875,0
2026-01-17 05:00:00,WELL-004,PUMP-004,149.97667878868165,71.0108893927861,5.075183348161347,1236.4982448449673,1270.5627209106171,1371.5450487653388,0
2026-01-17 06:00:00,WELL-004,PUMP-004,150.80009499297105,77.7240342063472,2.900998886302297,1350.2311196330927,1186.5114901755003,1495.8799635129815,0
2026-01-17 07:00:00,WELL-004,PUMP-004,153.83608450353043,77.69827387172535,3.8675758264022675,1243.3690412900107,1157.5477539964809,1458.340802975914,0
2026-01-17 08:00:00,WELL-004,PUMP-004,154.8777178292281,76.40250011459916,4.225872912706286,1105.1666573313805,1182.5354399325686,1413.7548536870013,0
2026-01-17 09:00:00,WELL-004,PUMP-004,151.08226006841855,67.76391110371021,3.3144536554203623,1230.6948077004217,1121.9599560189617,1451.083270585178,0
2026-01-17 10:00:00,WELL-004,PUMP-004,167.57986976843665,81.00983317259147,3.5403559757149385,1215.4601179687302,1215.2835236414683,1488.3737958907093,0
2026-01-17 11:00:00,WELL-004,PUMP-004,163.66039111457408,79.58353236294509,3.828515918261372,1308.0472140385857,1280.7967829000042,1503.781339700883,0
2026-01-17 12:00:00,WELL-004,PUMP-004,139.93836807109713,80.93171617841355,3.991283811264186,1229.5366977228791,1182.0817321669308,1453.2790485685089,0
2026-01-17 13:00:00,WELL-004,PUMP-004,145.64871957189393,79.12926334913854,2.3822818481292583,1207.2182195153757,1146.053111858567,1368.184910745027,0
2026-01-17 14:00:00,WELL-004,PUMP-004,159.12959531926722,77.42959169729558,2.917409080870586,1194.9421153737624,1266.042853815856,1510.2233604126825,0
2026-01-17 15:00:00,WELL-004,PUMP-004,168.66428449689175,77.01970208034152,3.415254907358881,1181.4798434304462,1127.90296431311,1408.711545226592,0
2026-01-17 16:00:00,WELL-004,PUMP-004,154.7449289632026,78.80100816312766,4.106671442866612,1436.7397517850352,1209.170004448124,1446.795856171558,0
2026-01-17 17:00:00,WELL-004,PUMP-004,143.372774226014,71.22437800775741,3.7933075338877926,1440.7678240265175,1250.231931897043,1513.276146070927,0
2026-01-17 18:00:00,WELL-004,PUMP-004,154.5898838578389,74.09110383609946,3.2471226215826814,1307.006355728805,1167.5598893610897,1390.1457159224851,0
2026-01-17 19:00:00,WELL-004,PUMP-004,145.51717475152125,74.12320912802579,3.5790500658483753,1278.9960694900487,1178.9552239289928,1420.9278456828622,0
2026-01-17 20:00:00,WELL-004,PUMP-004,152.37032278786748,74.45453395861873,3.806999780099541,1331.719598912595,1215.468116566343,1413.5492138759473,0
2026-01-17 21:00:00,WELL-004,PUMP-004,156.05562188902258,74.33237132273756,3.1868266607144617,1190.2317797066346,1074.4750758378775,1499.592685025393,0
2026-01-17 22:00:00,WELL-004,PUMP-004,157.64575632375755,90.70568074216538,7.5862234396061154,1102.8320302190668,1072.6413378471811,1455.8100859547906,0
2026-01-17 23:00:00,WELL-004,PUMP-004,152.8670929050254,74.40965122038928,3.6386679626297074,1196.3459010875922,1092.8694042156865,1444.68956541405,0
2026-01-18 00:00:00,WELL-004,PUMP-004,161.0409863166832,77.79677704857718,3.99616763656568,1348.0883668267254,1216.816092643736,1496.4194339568085,0
2026-01-18 01:00:00,WELL-004,PUMP-004,156.26895864432663,70.7741650107998,2.382171885906515,1230.7078006190677,1223.7319418537054,1497.947505372512,0
2026-01-18 02:00:00,WELL-004,PUMP-004,153.63465146521784,69.90578765312674,3.716009879142935,1231.7478920569413,1199.771483483892,1413.7807417438914,0
2026-01-18 03:00:00,WELL-004,PUMP-004,153.3258040798383,74.33594695598762,3.2239987615329166,1312.8437055918423,1220.8342864819065,1433.6431476680864,0
2026-01-18 04:00:00,WELL-004,PUMP-004,149.58734994227538,71.14054812407022,2.9689828206423208,1258.4060776966635,1074.6453900167407,1399.601888254318,0
2026-01-18 05:00:00,WELL-004,PUMP-004,160.15413018339942,80.02725167539039,3.6604126624557516,1225.1740867355682,1230.141689539621,1466.4353199312545,0
2026-01-18 06:00:00,WELL-004,PUMP-004,133.69242780094262,69.71845934762123,3.5983228410418735,1276.3706826246232,1116.175239863195,1462.9709995631579,0
2026-01-18 07:00:00,WELL-004,PUMP-004,179.03018055770707,87.07356303842676,9.368501569879689,1109.0895189450075,960.6852624473537,1356.596857934619,0
2026-01-18 08:00:00,WELL-004,PUMP-004,151.5171791760959,64.8226028572441,2.3217979256833576,1196.2073451364588,1176.0200380094664,1510.007079376321,0
2026-01-18 09:00:00,WELL-004,PUMP-004,150.49945362661956,76.69764393702108,5.411944947086633,1357.5547126466404,1229.0791840499044,1404.3597756699403,0
2026-01-18 10:00:00,WELL-004,PUMP-004,164.01339563022316,84.07456967583174,3.5326762215778666,1318.9211110535032,1195.0885000451703,1396.2353048334794,0
2026-01-18 11:00:00,WELL-004,PUMP-004,143.12738146907796,75.13743816680406,3.950281917161057,1245.7558406459916,1152.6378212979328,1460.1638110528731,0
2026-01-18 12:00:00,WELL-004,PUMP-004,155.63402476016736,76.54929972183841,4.480765309297559,1425.3761952067468,1151.6827781823886,1498.5033894341261,0
2026-01-18 13:00:00,WELL-004,PUMP-004,137.5723509306939,80.02414574741618,2.596832494303136,1282.1230908575365,1155.3565240777396,1400.1905377202002,0
2026-01-18 14:00:00,WELL-004,PUMP-004,149.31700256021847,79.2013772700488,3.034580390269859,1272.3271748045872,1190.4141383150766,1493.8555062625983,0
2026-01-18 15:00:00,WELL-004,PUMP-004,144.7118249476583,78.99623228758622,3.8394431026723708,1252.867463588644,1198.6406749508437,1420.1506484477234,0
2026-01-18 16:00:00,WELL-004,PUMP-004,183.60415652784963,95.62952607265257,9.055920690702468,1102.9897013639322,1018.599520075071,1392.3361173294297,1
2026-01-18 17:00:00,WELL-004,PUMP-004,156.63639376180123,79.63354236504857,3.638855280987385,1283.1361279544046,1217.2434886940086,1485.5516990130864,0
2026-01-18 18:00:00,WELL-004,PUMP-004,157.06899639176777,74.19756889835719,2.8262593063539003,1383.4238346403613,1163.359363865702,1426.344629331974,0
2026-01-18 19:00:00,WELL-004,PUMP-004,142.79087959038503,71.37357260611452,2.732817977265325,1258.4866168206675,1174.8142136553668,1521.1853655010386,0
2026-01-18 20:00:00,WELL-004,PUMP-004,146.51845334241764,70.62611887872816,4.2667259126251835,1220.1779364428198,1129.2560092364151,1485.3477504960272,0
2026-01-18 21:00:00,WELL-004,PUMP-004,150.66869892307582,77.98680239866499,4.071296134114474,1300.2635775270085,1247.5593887055115,1503.368992075315,0
2026-01-18 22:00:00,WELL-004,PUMP-004,163.67766422940414,81.04946980009552,3.7638018333638144,1322.3113120508801,1117.9845552174422,1488.8146795373661,0
2026-01-18 23:00:00,WELL-004,PUMP-004,150.15446023380903,69.09434768380675,3.54987549072755,1249.407808319948,1271.063786619159,1475.2531333141776,0
2026-01-19 00:00:00,WELL-004,PUMP-004,153.12154088484323,80.62047947350813,2.8498420731964775,1333.0708829727705,1327.409944105433,1488.2079149965948,0
2026-01-19 01:00:00,WELL-004,PUMP-004,150.09028978528255,75.15874378811897,3.189993735779619,1119.461168017783,1140.653433289627,1532.9709749429105,0
2026-01-19 02:00:00,WELL-004,PUMP-004,155.1363607351485,77.52696688110231,3.5305482173212837,1263.6320795249608,1047.9894767495052,1431.3718859714543,0
2026-01-19 03:00:00,WELL-004,PUMP-004,146.56334683526626,68.20994970479248,3.1774938374929738,1208.215333802158,1116.8425087175012,1516.3985584653956,0
2026-01-19 04:00:00,WELL-004,PUMP-004,147.64701455699065,69.5608122614319,3.547521757213786,1173.9113562606028,1187.3179571884452,1442.7657119628827,0
2026-01-19 05:00:00,WELL-004,PUMP-004,145.2912401235018,83.0891336178399,3.015813040016038,1230.9584735640888,1303.5317826709256,1595.147081425267,0
2026-01-19 06:00:00,WELL-004,PUMP-004,155.76179213524327,77.60488436745885,3.135606172717451,1284.2141416807945,1130.6947773045383,1460.2428650108845,0
2026-01-19 07:00:00,WELL-004,PUMP-004,142.25269829032,73.44315379364504,3.689198882386655,1330.1106516528519,1162.225018299236,1446.0695099123373,0
2026-01-19 08:00:00,WELL-004,PUMP-004,151.3360233735659,78.66674003589091,4.320048042016638,1275.0514418506825,1117.6512740316407,1452.7815061882895,0
2026-01-19 09:00:00,WELL-004,PUMP-004,161.8122402996216,78.60685838894379,3.960576657360413,1309.2417831177947,1101.154072269851,1482.3902485975411,0
2026-01-19 10:00:00,WELL-004,PUMP-004,177.25512658891435,93.21032403500325,9.729030845045422,1065.281153889261,1164.7890903632158,1456.8062317037923,1
2026-01-19 11:00:00,WELL-004,PUMP-004,135.24997632965895,70.90473678440597,4.362917351125249,1276.7420372861218,1221.9016564011074,1486.928301960103,0
2026-01-19 12:00:00,WELL-004,PUMP-004,161.32006451428688,71.88062064070883,3.9999818320041785,1231.067847570935,1141.0460660902856,1406.7496749913305,0
2026-01-19 13:00:00,WELL-004,PUMP-004,144.01592410719573,66.07530733563948,4.197969279676525,1248.021166335808,1024.0160292035155,1468.787344085983,0
2026-01-19 14:00:00,WELL-004,PUMP-004,153.52737367532708,62.20561884906332,3.1797912200805882,1277.7285072378,1140.7217366920163,1385.0995756954171,0
2026-01-19 15:00:00,WELL-004,PUMP-004,160.27933427900066,72.6305856510714,3.5132406205621183,1086.453561903914,1087.7335574943145,1480.4906259937377,0
2026-01-19 16:00:00,WELL-004,PUMP-004,133.266784773085,84.25804538519725,3.1429407553713022,1307.4966634060895,1191.0922829583203,1499.7295464417862,0
2026-01-19 17:00:00,WELL-004,PUMP-004,151.357480726862,76.00197392438176,4.366910172355885,1296.3662277691078,1289.103961194906,1340.3176036870564,0
2026-01-19 18:00:00,WELL-004,PUMP-004,155.03343886299643,66.85453355684673,4.32910882147585,1288.0720667619985,1411.068032601107,1554.034625521515,0
2026-01-19 19:00:00,WELL-004,PUMP-004,169.77547017945486,74.84329423665139,3.3712874297984547,1319.2698070867475,1155.234648820038,1454.2669887897448,0
2026-01-19 20:00:00,WELL-004,PUMP-004,151.80151379837622,81.86184915468151,4.018974923502606,1194.2971133670462,1244.7470526154032,1404.297633957974,0
2026-01-19 21:00:00,WELL-004,PUMP-004,157.26025840634156,80.45122141829032,3.098541943917372,1314.31891967124,1317.7915902552204,1415.5675045681617,0
2026-01-19 22:00:00,WELL-004,PUMP-004,157.73232331999532,82.1179547551014,3.653614846941125,1221.9161394022224,1243.363479716032,1514.0919514297648,0
2026-01-19 23:00:00,WELL-004,PUMP-004,144.51556342813197,67.55538871964711,2.942758210680329,1189.9279707235346,1216.5116612246754,1507.6106831534335,0
2026-01-20 00:00:00,WELL-004,PUMP-004,150.1985644369984,74.91865119545167,3.8291669162727078,1204.0478023516002,1134.6875578948927,1419.124615488484,0
2026-01-20 01:00:00,WELL-004,PUMP-004,156.3973161227806,72.06538697277452,3.3104216291883812,1072.4008729954899,1246.2585952996433,1491.0454260584554,0
2026-01-20 02:00:00,WELL-004,PUMP-004,132.43462046939402,75.07305590150192,3.854301391277167,1354.8706181350958,1286.0835765981328,1443.4856875358041,0
2026-01-20 03:00:00,WELL-004,PUMP-004,154.49673809666095,76.95086096440042,3.6692003255327066,1280.111084951136,1199.0358413658378,1447.404082061197,0
2026-01-20 04:00:00,WELL-004,PUMP-004,141.73491007937145,77.1128358233712,3.952432570907428,1307.8418322984137,1095.2047206235327,1499.9972171655515,0
2026-01-20 05:00:00,WELL-004,PUMP-004,149.42165872228412,70.04402891187723,3.0608844740851615,1150.606426093407,1146.5858599089315,1420.1688153008276,0
2026-01-20 06:00:00,WELL-004,PUMP-004,150.47928351747586,79.13612403436875,3.9757420800153764,1063.0162970204174,1227.4822791193913,1460.313820292245,0
2026-01-20 07:00:00,WELL-004,PUMP-004,148.37660834772618,74.72626802161892,3.2474084791920945,1257.2033267093566,1177.4094334148735,1407.9475784800852,0
2026-01-20 08:00:00,WELL-004,PUMP-004,140.530461263711,85.27610484258173,3.5355876592516267,1309.289601030661,1224.4588965625537,1465.5164237980873,0
2026-01-20 09:00:00,WELL-004,PUMP-004,147.120755702534,73.76146400782751,3.5239440167118565,1158.576744400288,1126.3191332417462,1360.752801540407,0
2026-01-20 10:00:00,WELL-004,PUMP-004,151.14737494972061,68.96794833022936,3.3235716116202627,1198.011696497457,1226.5504140944506,1452.0492164117625,0
2026-01-20 11:00:00,WELL-004,PUMP-004,148.6967024529901,71.831056771111,3.2527033129710716,1206.7389316018223,1135.428860862436,1458.6911762622424,0
2026-01-20 12:00:00,WELL-004,PUMP-004,139.34734670913866,84.32646799644489,4.252264410798856,1202.1549341080938,1159.7161632289722,1348.88770953983,0
2026-01-20 13:00:00,WELL-004,PUMP-004,156.5465098905597,73.52952845805683,3.0074966246898254,1285.260540355101,1243.4440264778007,1460.5317722607529,0
2026-01-20 14:00:00,WELL-004,PUMP-004,146.58181934587572,65.7678917047375,4.210441435066325,1257.0651639572193,985.9012879832472,1553.5126542433597,0
2026-01-20 15:00:00,WELL-004,PUMP-004,155.970985934603,74.82341570202553,3.0181492515685644,1176.2357562258057,1290.9975421170532,1497.7969030089155,0
2026-01-20 16:00:00,WELL-004,PUMP-004,142.81102055799397,77.6668235446759,3.068144693163869,1236.5535212476148,1318.3627233716425,1476.3230906705935,0
2026-01-20 17:00:00,WELL-004,PUMP-004,152.30145634940578,83.37564969845113,3.477369230140645,1310.5381602282744,1323.6056624859907,1515.3308534647524,0
2026-01-20 18:00:00,WELL-004,PUMP-004,146.94733161081263,77.05129534490388,4.529815099279673,1283.8847069613378,1336.1572790267805,1456.809793140275,0
2026-01-20 19:00:00,WELL-004,PUMP-004,157.21411750352226,74.64683010174014,3.410762247309564,1288.4488972198876,1286.4595862444646,1455.0803859345006,0
2026-01-20 20:00:00,WELL-004,PUMP-004,149.86351450287628,75.9505314642464,4.049398817890442,1303.5627394844805,1261.234894258702,1449.041068741643,0
2026-01-20 21:00:00,WELL-004,PUMP-004,142.70975954477632,73.97353739185743,4.390660423064137,1195.8928227389163,1169.4090672161205,1462.834261544574,0
2026-01-20 22:00:00,WELL-004,PUMP-004,153.74732286551023,70.75064164296737,3.56863008508156,1279.8756284355552,1247.7723307012798,1555.9551801179784,0
2026-01-20 23:00:00,WELL-004,PUMP-004,155.39398646739812,82.58173732899598,3.9310941783902775,1273.2730721273865,1226.657977238784,1483.688441716813,0
2026-01-21 00:00:00,WELL-004,PUMP-004,150.21529379313088,75.81105752371242,3.43888078901443,1172.0135614121627,1180.6211421196688,1537.8637108536072,0
2026-01-21 01:00:00,WELL-004,PUMP-004,152.41433544522297,72.43753304559549,2.8072178306691633,1179.551483217468,1233.4931331294895,1548.6262386523454,0
2026-01-21 02:00:00,WELL-004,PUMP-004,139.28586302409533,79.14133178394499,3.1171561788399287,1305.5999735110213,1211.088149831789,1423.1772942488533,0
2026-01-21 03:00:00,WELL-004,PUMP-004,149.2157514297617,74.59464629495987,3.778558245941476,1295.4395631619393,1262.335799473097,1385.78140122454,0
2026-01-21 04:00:00,WELL-004,PUMP-004,146.87836395231795,75.02857055276395,3.0796838056333806,1235.7114851672086,1000.6773906559387,1409.3538758820252,0
2026-01-21 05:00:00,WELL-004,PUMP-004,148.95055876588128,72.8449944708353,3.0944374011177036,1355.803877026533,1119.8393269243281,1520.8417041069401,0
2026-01-21 06:00:00,WELL-004,PUMP-004,154.8542771756347,75.43011212520447,3.8285217315691966,1260.5296551191145,1179.3561985164351,1464.2211870225985,0
2026-01-21 07:00:00,WELL-004,PUMP-004,156.1994888568678,85.09599626355632,4.041606885619549,1275.8905978010382,1178.5067332858239,1534.1331457324056,0
2026-01-21 08:00:00,WELL-004,PUMP-004,144.6381331022925,85.56196664157214,3.2951608081198347,1247.6160019044144,1176.7769385939803,1384.67336791689,0
2026-01-21 09:00:00,WELL-004,PUMP-004,151.46593528366975,66.04674503521643,3.04808665232692,1226.3615348879375,1194.548686835485,1430.0703980543121,0
2026-01-21 10:00:00,WELL-004,PUMP-004,153.1593741376642,67.40116058594981,3.2503128700929635,1286.2848024211671,1158.723215585062,1457.2560166463802,0
2026-01-21 11:00:00,WELL-004,PUMP-004,126.369412116795,72.38447846557752,2.980057667344702,1277.9209814902463,1410.0006599577289,1484.7583008809129,0
2026-01-21 12:00:00,WELL-004,PUMP-004,147.35720602758823,75.23849735436815,4.109028166075086,1330.7575737993702,1192.4816969420986,1401.1915490765732,0
2026-01-21 13:00:00,WELL-004,PUMP-004,145.39730105565536,76.26591847849649,2.642439872197313,1315.9734899753144,1288.7348289339127,1451.9899727058007,0
2026-01-21 14:00:00,WELL-004,PUMP-004,151.83807193554205,70.1987353779052,3.7711385516698828,1312.988643735547,1127.9734543255333,1496.6996111576893,0
2026-01-21 15:00:00,WELL-004,PUMP-004,147.9650046637875,78.6841856205259,3.588834448334489,1198.5479671901876,1198.3063017708082,1433.4594740238863,0
2026-01-21 16:00:00,WELL-004,PUMP-004,152.3795888417916,76.95658883105268,3.339195354496786,1180.0717149709862,1149.9047620353053,1521.4035405951245,0
2026-01-21 17:00:00,WELL-004,PUMP-004,153.4158694708968,71.72717529202134,3.5662012598956254,1338.625862593344,1114.4095113127726,1383.529744833746,0
2026-01-21 18:00:00,WELL-004,PUMP-004,140.82917912923935,71.13583269981851,4.000033693976847,1268.12737009424,1113.979760541575,1420.9629440858264,0
2026-01-21 19:00:00,WELL-004,PUMP-004,151.52738985404085,75.53572664868784,3.365455426671088,1233.1332225076335,1336.4799204329872,1490.465545196565,0
2026-01-01 00:00:00,WELL-005,PUMP-005,140.31300773505865,76.8746643422384,4.772499797200421,1228.121261335603,1308.3662701554647,1415.6157689618356,0
2026-01-01 01:00:00,WELL-005,PUMP-005,140.05310191456087,69.73265482963362,3.295261267385947,1244.9000062656658,1244.616110471509,1472.5385208593134,0
2026-01-01 02:00:00,WELL-005,PUMP-005,145.24703849164078,73.11998421468513,4.322305191864941,1190.1383201620747,1223.3249329516666,1364.6283544775558,0
2026-01-01 03:00:00,WELL-005,PUMP-005,147.25604619518214,71.1374569680392,3.9438555744183614,1368.8173267317693,1258.234270912277,1475.0926024679945,0
2026-01-01 04:00:00,WELL-005,PUMP-005,140.55992730122117,76.7073836952354,3.1894799066520836,1362.2065133634455,1220.629382952715,1494.0281447153834,0
2026-01-01 05:00:00,WELL-005,PUMP-005,143.10154451069056,72.06520895011857,4.276290614488835,1187.961388105247,1188.7407327136834,1410.8729356836777,0
2026-01-01 06:00:00,WELL-005,PUMP-005,145.16861925005026,73.3257463519441,2.7093208805483595,1303.8315893039317,1217.0447030737723,1435.224185337224,0
2026-01-01 07:00:00,WELL-005,PUMP-005,162.05222909049814,71.37040957003111,4.790186475998727,1169.6236111434564,1255.8483966329509,1413.915177299228,0
2026-01-01 08:00:00,WELL-005,PUMP-005,138.4790309673647,73.97875343960344,2.87906538878653,1329.495174104051,1220.7419147532087,1432.1398854369654,0
2026-01-01 09:00:00,WELL-005,PUMP-005,149.1091647809159,73.94922197904563,2.929894722758123,1271.5682955250595,1338.3798165834723,1424.7642269082423,0
2026-01-01 10:00:00,WELL-005,PUMP-005,155.19954414249915,72.2337890789879,3.946886629518056,1160.6415753127576,1111.853193394678,1441.2421772820219,0
2026-01-01 11:00:00,WELL-005,PUMP-005,167.36511286077166,88.86068477618755,8.259120774298829,1040.4520947904437,968.8557018784592,1421.9169721537287,0
2026-01-01 12:00:00,WELL-005,PUMP-005,155.49420391238132,79.59704214376823,3.4529679801623643,1268.4433269480583,1028.726080185551,1428.9448613919085,0
2026-01-01 13:00:00,WELL-005,PUMP-005,153.8564058264025,78.34790286740153,2.9727112525771284,1243.698253646648,1180.5680288930548,1453.9097565846712,0
2026-01-01 14:00:00,WELL-005,PUMP-005,159.11128489184037,63.87032291020961,3.027469135622776,1212.4033701461478,1163.4813930793139,1425.5027989513019,0
2026-01-01 15:00:00,WELL-005,PUMP-005,145.76164943753045,74.45456051441663,4.080687326482721,1176.214075498581,1075.9916732316972,1472.236113103709,0
2026-01-01 16:00:00,WELL-005,PUMP-005,128.56012411228426,73.53216581704557,4.040667068637303,1201.0585710245825,1330.0411372980554,1437.1702582105238,0
2026-01-01 17:00:00,WELL-005,PUMP-005,134.31319361733685,76.80480443862525,4.403950907680144,1261.3363773323144,1133.228478645853,1511.6268077500285,0
2026-01-01 18:00:00,WELL-005,PUMP-005,151.28449694637936,77.81908279693252,3.765368982998186,1180.776057989212,1012.5612677310702,1467.348014844224,0
2026-01-01 19:00:00,WELL-005,PUMP-005,156.3865058952091,73.8198121422323,3.48708431258671,1217.4614894787856,1168.544791282948,1483.5478786047906,0
2026-01-01 20:00:00,WELL-005,PUMP-005,140.96829387893467,86.96506147383394,3.933666064359664,1265.0889873580008,1167.2837350969937,1437.6303530026282,0
2026-01-01 21:00:00,WELL-005,PUMP-005,145.11388074294166,79.08618309498944,3.5558400657689355,1304.0449518323921,1095.761015102021,1522.2071660356432,0
2026-01-01 22:00:00,WELL-005,PUMP-005,158.46508890053937,73.43711287302655,3.5660208943597094,1380.8038136495566,1107.0057460270507,1460.16238656527,0
2026-01-01 23:00:00,WELL-005,PUMP-005,154.9941532347266,80.7244081184907,3.81911241228428,1246.9028184842791,1202.800752397054,1492.740351782568,0
2026-01-02 00:00:00,WELL-005,PUMP-005,159.72052484473312,84.50444394801842,2.547063740775308,1180.4934809688232,1284.436014141315,1356.1480422684845,0
2026-01-02 01:00:00,WELL-005,PUMP-005,157.0209025162239,71.02453592680824,3.0477473956595817,1254.3890629724913,1240.1573348473896,1435.299611943381,0
2026-01-02 02:00:00,WELL-005,PUMP-005,153.52991857736217,74.11006896024327,2.32694833164911,1176.5907208714934,1279.4189759687224,1459.35344689883,0
2026-01-02 03:00:00,WELL-005,PUMP-005,138.96866761026135,65.29313435508662,3.161383067863304,1264.6378688244208,1199.940971218759,1535.202323991096,0
2026-01-02 04:00:00,WELL-005,PUMP-005,139.37318566789705,75.8280756254836,4.324481494490065,1227.5181442179157,1097.996180902031,1443.6506093397509,0
2026-01-02 05:00:00,WELL-005,PUMP-005,174.18134087759518,94.17489909422649,4.915238176015515,969.5332702670942,1002.9169777536392,1488.6168020147154,0
2026-01-02 06:00:00,WELL-005,PUMP-005,160.77727434726884,78.15046579065752,4.06244162628322,1338.1376389271263,1214.0912009494195,1503.7424360840319,0
2026-01-02 07:00:00,WELL-005,PUMP-005,164.4352866135874,73.83060198343316,3.277581250870291,1298.99293223323,1218.5568984628453,1439.902696562349,0
2026-01-02 08:00:00,WELL-005,PUMP-005,154.1592805786927,69.9017733212748,3.0227697923775767,1303.5588284139774,1185.088028754459,1503.0076957372876,0
2026-01-02 09:00:00,WELL-005,PUMP-005,146.28061588508223,74.09673308977139,2.452418580515011,1235.420654065717,1228.190556391227,1466.9891511069616,0
2026-01-02 10:00:00,WELL-005,PUMP-005,154.58092313645463,77.26714244611175,3.5410778386230373,1398.506217068999,1282.526708121726,1495.9714557919226,0
2026-01-02 11:00:00,WELL-005,PUMP-005,164.92581884774765,73.38725644886689,4.00464892316385,1348.2982444183135,1251.1945880779108,1456.277926123679,0
2026-01-02 12:00:00,WELL-005,PUMP-005,157.13152037387331,77.2203298896168,3.788300139881395,1286.8275843860515,1130.4234576584722,1470.0430505733414,0
2026-01-02 13:00:00,WELL-005,PUMP-005,148.54875172226247,79.73910388206234,2.6701893147533156,1082.5457582087072,1285.5657995100814,1475.570762751094,0
2026-01-02 14:00:00,WELL-005,PUMP-005,159.53599132425828,81.66834870573977,3.702086763432479,1336.7328813563893,1140.6213758466886,1442.4173163982898,0
2026-01-02 15:00:00,WELL-005,PUMP-005,146.97608203211826,64.92389047283811,3.856001959778818,1270.948576579658,1166.4143907366833,1513.9242603725836,0
2026-01-02 16:00:00,WELL-005,PUMP-005,144.79862182331073,68.36898605318154,2.8818154096559927,1266.3694580472368,1226.180572857144,1346.7804517985578,0
2026-01-02 17:00:00,WELL-005,PUMP-005,151.1462933750562,71.21609816489567,4.385272478625376,1134.2594314937228,1156.565867270662,1415.194147432685,0
2026-01-02 18:00:00,WELL-005,PUMP-005,150.1767945884075,68.80488369845068,2.512282219772775,1260.361766261591,1168.5963590599813,1406.6831691406069,0
2026-01-02 19:00:00,WELL-005,PUMP-005,156.59761392628877,77.92906491777327,3.842918418140445,1361.0276776276778,1101.6426384177862,1426.3408446846443,0
2026-01-02 20:00:00,WELL-005,PUMP-005,149.90593553284896,75.89145470562829,3.4763960264435836,1393.4448793448387,1043.8323812127126,1376.1901279647045,0
2026-01-02 21:00:00,WELL-005,PUMP-005,160.67148511910358,71.43143768067199,3.697137869112509,1231.9214763724751,1089.815400655717,1396.474593268229,0
2026-01-02 22:00:00,WELL-005,PUMP-005,147.6989003117039,74.3716730736374,4.355259967717779,1184.9246355195635,1256.8363968117621,1376.6970164800864,0
2026-01-02 23:00:00,WELL-005,PUMP-005,153.93949871323332,76.44915020935356,2.770437309214459,1230.3344698631154,1132.1297857657494,1358.7243945507646,0
2026-01-03 00:00:00,WELL-005,PUMP-005,155.41601917850988,80.54420709535853,3.983799211435358,1297.94173366982,1227.6123256044293,1502.8726569717096,0
2026-01-03 01:00:00,WELL-005,PUMP-005,150.3450034476244,76.50965842559351,3.1105541998600166,1175.5067791378433,1213.4107206166595,1460.8756747969392,0
2026-01-03 02:00:00,WELL-005,PUMP-005,148.1675462228665,77.12686553399494,4.407419478422762,1157.3144673962936,1235.5416742184104,1432.1106545759594,0
2026-01-03 03:00:00,WELL-005,PUMP-005,145.09396948279942,73.30545727162084,4.370204155255437,1160.2279550810867,1129.110362199806,1411.5616585719654,0
2026-01-03 04:00:00,WELL-005,PUMP-005,162.0498658831751,76.6995246483286,3.959258437541057,1342.490859891651,1247.7862616447435,1443.6948791720922,0
2026-01-03 05:00:00,WELL-005,PUMP-005,149.15580048983236,73.65983706336195,4.49782535575767,1293.1778943790646,1281.5962822749268,1462.7664085872523,0
2026-01-03 06:00:00,WELL-005,PUMP-005,164.18387081677616,78.44603434824538,4.115244035085193,1124.4422037558545,1114.555314299281,1521.4867633095034,0
2026-01-03 07:00:00,WELL-005,PUMP-005,152.09300210864617,76.23058853188292,3.4674472382815114,1146.2469909382414,1240.9572286304424,1487.1755335167297,0
2026-01-03 08:00:00,WELL-005,PUMP-005,144.67319261853078,72.05657678247883,4.416207956735596,1295.6103956414277,1132.3760166630088,1434.4360358060233,0
2026-01-03 09:00:00,WELL-005,PUMP-005,159.58581939078604,86.78057971740219,8.872130210661744,1067.5456963693798,873.9779841080665,1507.0006643200393,0
2026-01-03 10:00:00,WELL-005,PUMP-005,147.90746221418772,73.27616710063172,3.2432994705692764,1410.2357667261028,1149.1772020726667,1409.5868087466538,0
2026-01-03 11:00:00,WELL-005,PUMP-005,143.72718901198715,66.6847224255974,3.204705455124778,1231.3915277608594,1185.391961459211,1484.8675372319033,0
2026-01-03 12:00:00,WELL-005,PUMP-005,151.5353760402889,85.66073230071851,3.6478087717690992,1193.3451070912333,1160.2546060186555,1393.2283845484715,0
2026-01-03 13:00:00,WELL-005,PUMP-005,155.5003817169698,80.24320354560322,2.964363217377631,1284.9062555922576,1154.8046779963395,1443.9417053598497,0
2026-01-03 14:00:00,WELL-005,PUMP-005,149.58629510953563,70.6361946460573,3.5989741252454146,1340.5677504667751,1168.2302247765583,1457.499754495387,0
2026-01-03 15:00:00,WELL-005,PUMP-005,133.02293269860422,70.9155195591093,4.249154681749611,1238.372374840981,1146.5376191157775,1458.6484903977914,0
2026-01-03 16:00:00,WELL-005,PUMP-005,153.5709939580683,71.79884752265993,2.8189927410883584,1289.5598025424258,1189.903526705427,1443.7103686170835,0
2026-01-03 17:00:00,WELL-005,PUMP-005,150.45633347743168,85.82939870695596,3.4033951002831793,1391.0788485934195,1117.4878648664037,1380.5076466971373,0
2026-01-03 18:00:00,WELL-005,PUMP-005,138.20177167009285,74.17742734101915,2.9856965756649765,1289.345152087037,1234.1379871247327,1397.1864796125947,0
2026-01-03 19:00:00,WELL-005,PUMP-005,143.66067878640095,70.74556849986105,3.997575266805129,1119.4503533493614,1255.5666461235119,1484.5914395655868,0
2026-01-03 20:00:00,WELL-005,PUMP-005,142.20751874465424,65.24128695494775,3.773045345432222,1241.167906887873,1130.298243922943,1482.6040118677454,0
2026-01-03 21:00:00,WELL-005,PUMP-005,167.7452872435538,79.32029026807089,4.320463425897836,1238.7770793321454,1182.1327184762804,1529.0363521199258,0
2026-01-03 22:00:00,WELL-005,PUMP-005,156.37347328073295,78.59031021918601,3.8234248980516554,1224.2390423506076,1192.0441245656382,1420.581921784661,0
2026-01-03 23:00:00,WELL-005,PUMP-005,140.2266431820543,75.06915099861848,2.6375076226956975,1356.239247054716,1158.2144516955655,1415.3215745240987,0
2026-01-04 00:00:00,WELL-005,PUMP-005,148.68859218595588,77.01131172332188,4.069554381111746,1212.8972502897514,1273.4573232088037,1496.9305539312747,0
2026-01-04 01:00:00,WELL-005,PUMP-005,163.98544366455408,79.7896343266812,3.1982642847420006,1263.558483793649,1022.0124230866313,1481.8790068890905,0
2026-01-04 02:00:00,WELL-005,PUMP-005,147.45266517025357,75.08018331506739,4.039759242787644,1323.21377205749,1163.8395122161446,1374.5695272810144,0
2026-01-04 03:00:00,WELL-005,PUMP-005,136.91787291208104,81.78023173315721,4.131589633188656,1212.1852489250407,1198.3284724400075,1451.9242764170463,0
2026-01-04 04:00:00,WELL-005,PUMP-005,159.4631595110234,67.27772545458222,3.812105852960163,1249.0728172544943,1219.6240221182447,1425.8258045798093,0
2026-01-04 05:00:00,WELL-005,PUMP-005,150.62379569454987,77.53189749347331,3.609682378502076,1187.7133883403073,1106.6294790153904,1484.962381107603,0
2026-01-04 06:00:00,WELL-005,PUMP-005,136.5434617304177,81.58049725925241,2.9269506271185035,1223.958926960405,1272.4847788254303,1369.3049272260505,0
2026-01-04 07:00:00,WELL-005,PUMP-005,146.92026776953242,82.1782236004961,3.985124454993316,1173.3519349070243,1150.7377113720404,1406.379142369031,0
2026-01-04 08:00:00,WELL-005,PUMP-005,148.23549972472807,68.21727473856731,3.622591930392992,1155.0295734173342,1145.839103777954,1459.1293902107168,0
2026-01-04 09:00:00,WELL-005,PUMP-005,145.54296089121274,71.80638339736792,3.2593278162974544,1415.6906075008615,1103.8151884248896,1449.9115488570378,0
2026-01-04 10:00:00,WELL-005,PUMP-005,142.13240189217623,76.57859711148262,4.2036185463110405,1211.9185801920846,1113.8629856830796,1458.2512631219356,0
2026-01-04 11:00:00,WELL-005,PUMP-005,150.881655033873,66.88206457182581,3.3688046856489406,1344.242054655383,1241.239277898376,1442.8067863054291,0
2026-01-04 12:00:00,WELL-005,PUMP-005,137.0590283309908,77.24856303748254,4.298206104493831,1401.0287190366912,1203.1855931901914,1475.3401297276237,0
2026-01-04 13:00:00,WELL-005,PUMP-005,139.29053806763596,74.19407380890341,4.117514354122148,1191.617001000918,1251.0349541760263,1443.861023636033,0
2026-01-04 14:00:00,WELL-005,PUMP-005,167.66436838034838,75.62704339737923,4.098850503562193,1253.4563238948404,1107.3543168887272,1523.8371835394146,0
2026-01-04 15:00:00,WELL-005,PUMP-005,163.7688259131096,68.62520435808928,3.663625044374768,1372.1049996548918,1119.32266099841,1454.158004169965,0
2026-01-04 16:00:00,WELL-005,PUMP-005,135.08584130194822,86.22341127715129,3.2361907946489303,1340.802948568139,1128.112124274336,1526.9132820456018,0
2026-01-04 17:00:00,WELL-005,PUMP-005,145.48866824308632,73.96757011766968,3.21885217426981,1089.3681140988747,1173.3530541347816,1461.5898354762314,0
2026-01-04 18:00:00,WELL-005,PUMP-005,144.67914103184955,72.08219726051964,4.726963278818616,1268.013674578155,1041.1366453382868,1423.989549327296,0
2026-01-04 19:00:00,WELL-005,PUMP-005,140.0624272430248,75.20409283194718,3.310545897668487,1298.1153274888486,1241.0857754940682,1486.0282425894025,0
2026-01-04 20:00:00,WELL-005,PUMP-005,169.34684602857962,74.84419817599262,4.247797886644967,1157.5993202080078,1012.1285833324372,1379.578425481582,0
2026-01-04 21:00:00,WELL-005,PUMP-005,150.17128502723432,80.92030807204242,2.1439287020783477,1237.1815373227585,1299.0996618308259,1492.242679501252,0
2026-01-04 22:00:00,WELL-005,PUMP-005,154.96746716491194,81.04765700568134,3.326047308184991,1179.612855511921,1237.9442650060341,1490.1166388942233,0
2026-01-04 23:00:00,WELL-005,PUMP-005,140.45019004579393,75.12010513874922,2.9897917412154618,1218.0914882311286,1127.1893673137367,1474.970174330885,0
2026-01-05 00:00:00,WELL-005,PUMP-005,146.79806173654492,84.45420210019583,3.256647585951393,1186.0918764786163,1261.947515209455,1397.4479024856653,0
2026-01-05 01:00:00,WELL-005,PUMP-005,154.15132034276516,78.2711475324837,3.855415044682685,1182.1719221047388,1262.7931313453666,1490.1640017985872,0
2026-01-05 02:00:00,WELL-005,PUMP-005,146.27113440364656,71.97172183244683,4.221927669375371,1206.035648331233,1199.4743217214686,1457.778973461532,0
2026-01-05 03:00:00,WELL-005,PUMP-005,142.59158030496587,68.84070644464012,2.9380779277842137,1258.8195705695343,1083.261583772914,1506.3904989978626,0
2026-01-05 04:00:00,WELL-005,PUMP-005,147.14818425096365,76.81012275494233,3.5326041764851253,1311.0366605371178,1073.7104609793498,1532.5957168433688,0
2026-01-05 05:00:00,WELL-005,PUMP-005,148.96959336968595,87.4360038369617,3.3679955305364744,1309.1521452018565,1216.0172726439266,1383.359068483031,0
2026-01-05 06:00:00,WELL-005,PUMP-005,145.04320015917048,60.90847856898911,3.3723861594169287,1226.9837689496708,1162.5159171571731,1476.42696009157,0
2026-01-05 07:00:00,WELL-005,PUMP-005,141.9943885057636,80.2153524598518,4.767612432286346,1317.4073954151052,1270.842759825107,1446.2579681936704,0
2026-01-05 08:00:00,WELL-005,PUMP-005,152.87588751819086,77.07689811252995,2.070132691348446,1230.8380546471144,1177.3475017743717,1514.0747699626706,0
2026-01-05 09:00:00,WELL-005,PUMP-005,140.76278252077134,75.11837528165134,2.85448044470662,1350.521330880456,1227.9095904030607,1483.006578972542,0
2026-01-05 10:00:00,WELL-005,PUMP-005,153.8634395614207,78.16011611808511,3.7838271637028007,1258.1061741488375,1228.7851444473931,1329.061226646529,0
2026-01-05 11:00:00,WELL-005,PUMP-005,168.07426976218576,79.07412689894056,3.448403410612812,1271.1632492588935,1178.5301220566007,1461.5850309889179,0
2026-01-05 12:00:00,WELL-005,PUMP-005,150.24758470614265,67.47464062873098,4.110098533407711,1300.1862496219048,1218.9863517638353,1409.3488573915588,0
2026-01-05 13:00:00,WELL-005,PUMP-005,152.54697960046903,72.22182055911992,3.4382376449125407,1158.5628756865153,1230.9146807588202,1347.0137386560737,0
2026-01-05 14:00:00,WELL-005,PUMP-005,151.33434931624794,84.92613267835678,2.0984278287191387,1184.7751108169514,1151.9178779776828,1492.9175616502696,0
2026-01-05 15:00:00,WELL-005,PUMP-005,143.93185762893762,81.58027980104814,3.230575884360512,1322.4258476860227,1171.3157525444597,1452.7537819157355,0
2026-01-05 16:00:00,WELL-005,PUMP-005,158.44824297252572,72.38609391716915,3.4745308825929464,1290.5449118130439,1218.1680938118284,1494.3476303736586,0
2026-01-05 17:00:00,WELL-005,PUMP-005,152.40527559108773,84.03178579686278,3.4234242928097087,1235.2603216916762,1264.426012117983,1450.6174844992859,0
2026-01-05 18:00:00,WELL-005,PUMP-005,155.33884227563743,75.90556144444714,4.101122248124653,1250.0128405925668,1058.312169503475,1432.0776905346663,0
2026-01-05 19:00:00,WELL-005,PUMP-005,150.59399665800692,62.77833759728868,4.21626419495815,1149.6292412012904,1105.1617637510826,1428.0990719103456,0
2026-01-05 20:00:00,WELL-005,PUMP-005,150.5970240785348,71.86481745425078,3.0622562400677658,1217.3264119894945,1130.2515605273093,1484.1809155968167,0
2026-01-05 21:00:00,WELL-005,PUMP-005,154.91838728288042,67.03137072022449,3.2546004924640415,1127.645782397385,1233.8121118228137,1433.1888792895234,0
2026-01-05 22:00:00,WELL-005,PUMP-005,138.07605707410485,80.79282746411161,3.9951346515089754,1288.5521305632271,1274.9709943498485,1472.614499628546,0
2026-01-05 23:00:00,WELL-005,PUMP-005,135.7334121184914,78.40573482282747,3.024241222178699,1303.1748840209734,1224.996559219008,1479.4958616421832,0
2026-01-06 00:00:00,WELL-005,PUMP-005,138.93226150035213,74.39077194344482,3.6591542141482414,1215.0967847204674,1202.0296959673533,1490.2948888500534,0
2026-01-06 01:00:00,WELL-005,PUMP-005,165.82968547390416,68.04908757304358,3.9380636587996998,1318.499145567915,1300.7863583195149,1486.2870037635143,0
2026-01-06 02:00:00,WELL-005,PUMP-005,160.26991546961128,75.23439271651655,2.4102400999196023,1113.990330493739,1231.4976534631815,1421.4903201150923,0
2026-01-06 03:00:00,WELL-005,PUMP-005,153.56924590369815,80.85465389297707,3.4917299528079617,1187.4130023146865,1165.2389072767398,1431.6519202735915,0
2026-01-06 04:00:00,WELL-005,PUMP-005,147.41080764232672,73.8665336505064,4.053304073904251,1239.6167336636245,1251.659163561307,1526.892747566324,0
2026-01-06 05:00:00,WELL-005,PUMP-005,156.47488057608402,76.48006026569072,2.442468688375016,1272.4112897383106,1187.8663677139527,1501.493667025629,0
2026-01-06 06:00:00,WELL-005,PUMP-005,149.15094393910147,72.61900419800506,3.5996113087247434,1329.7170092330387,1242.2258003915126,1467.6696898729479,0
2026-01-06 07:00:00,WELL-005,PUMP-005,150.48945765715396,75.08252227655564,2.1978685998187366,1176.7932999511306,1142.1350939983593,1472.5317169963403,0
2026-01-06 08:00:00,WELL-005,PUMP-005,144.47729501324875,66.01901122332724,3.8427698318985777,1120.2837900358222,1127.4818834615785,1479.411839725753,0
2026-01-06 09:00:00,WELL-005,PUMP-005,146.8789744722124,74.74427184089183,4.289075201135059,1169.000482383711,1302.5588750155018,1388.3091099112985,0
2026-01-06 10:00:00,WELL-005,PUMP-005,154.08053274536852,78.96452685918601,4.2742551947701175,1183.9829699563427,1154.9123861880385,1355.2582816208894,0
2026-01-06 11:00:00,WELL-005,PUMP-005,135.17047014584256,76.96159109502267,4.20966642228325,1359.0845235420584,1113.0101060261813,1459.6410775180966,0
2026-01-06 12:00:00,WELL-005,PUMP-005,148.8896287924357,63.86619237521387,3.477267979386895,1315.6773711450396,1177.496964893854,1435.7930222655516,0
2026-01-06 13:00:00,WELL-005,PUMP-005,150.58115370434643,82.59697298470671,3.3630068651873315,1119.0781458880188,1275.7885612991072,1500.7797404875553,0
2026-01-06 14:00:00,WELL-005,PUMP-005,158.8334012523494,72.4330165961197,3.623681227773562,1249.831065601214,1127.6349736974832,1446.2873946253458,0
2026-01-06 15:00:00,WELL-005,PUMP-005,160.37784282809432,71.03866007018144,3.2087311196118944,1249.5250858824957,1086.3362969625557,1538.270460673659,0
2026-01-06 16:00:00,WELL-005,PUMP-005,186.65677386393463,95.16776849461905,7.300953838215758,1028.0410393362013,973.8942572736371,1463.7546738471876,0
2026-01-06 17:00:00,WELL-005,PUMP-005,152.29814343296633,74.81042660933615,3.5591156149432326,1233.964401385822,1181.2580805557816,1584.9020228408713,0
2026-01-06 18:00:00,WELL-005,PUMP-005,141.2660045662053,79.33160182411882,3.4061021656569856,1321.1233417387493,1150.265985611822,1510.0353875591843,0
2026-01-06 19:00:00,WELL-005,PUMP-005,160.49851793859702,94.87256139704286,7.76344285744812,1117.6266536709193,959.2558623066177,1434.0495984763572,0
2026-01-06 20:00:00,WELL-005,PUMP-005,159.1464341946401,80.18192954293512,4.010805273303882,1224.621728942282,1274.57622624359,1495.6695545401092,0
2026-01-06 21:00:00,WELL-005,PUMP-005,148.9002898420879,75.58811992037421,4.394178135001579,1156.968374700176,1243.9125189252384,1469.2705088466023,0
2026-01-06 22:00:00,WELL-005,PUMP-005,142.92712687176063,74.23107417426904,3.4139460701246427,1247.3875277007753,1184.5006415011308,1497.343073082309,0
2026-01-06 23:00:00,WELL-005,PUMP-005,144.5842376715096,67.81198731944222,3.2221722439849687,1348.8988099141231,1187.8002632907019,1440.990440516805,0
2026-01-07 00:00:00,WELL-005,PUMP-005,176.72096394094007,90.87593718696962,7.912274669822885,1162.7743826975243,1013.6218863425846,1440.0698922323259,0
2026-01-07 01:00:00,WELL-005,PUMP-005,155.47283992747793,75.67291642406123,4.286888491376177,1158.6867366218225,1215.0166845488768,1387.5848599065341,0
2026-01-07 02:00:00,WELL-005,PUMP-005,156.14135591011495,75.4935198420767,2.7587313007262884,1154.6337388339346,1291.5184739557023,1411.5929303253406,0
2026-01-07 03:00:00,WELL-005,PUMP-005,142.03164047864087,81.11097090053397,3.526054045289847,1143.144678264554,1100.7946289053486,1450.7892386680326,0
2026-01-07 04:00:00,WELL-005,PUMP-005,136.89363268638087,66.75042303986123,2.985648859729436,1214.3997213969812,1178.2190729164784,1484.506688836122,0
2026-01-07 05:00:00,WELL-005,PUMP-005,163.8143015734592,87.00801518099394,7.8789754147116415,1119.9501818663502,1053.7788714254816,1496.4036003330345,0
2026-01-07 06:00:00,WELL-005,PUMP-005,148.39129651519704,68.81523370778578,3.2480755026293853,1084.0032255283759,1313.8524633364068,1403.1293105781845,0
2026-01-07 07:00:00,WELL-005,PUMP-005,150.17123236320646,80.9026314561586,3.062915590469149,1304.5563105047856,1123.5020660906548,1463.872662882796,0
2026-01-07 08:00:00,WELL-005,PUMP-005,155.31641931515347,78.87386695037179,3.279000373976494,1211.5712262006916,1068.4076572312676,1476.160950558847,0
2026-01-07 09:00:00,WELL-005,PUMP-005,142.98119196952584,76.20984584027703,3.858748104439363,1267.6024803255514,1202.7892284976526,1393.1656191776922,0
2026-01-07 10:00:00,WELL-005,PUMP-005,135.6297874657797,73.29697961128116,3.3654159032338127,1244.4435889719184,1182.506182002509,1456.9073778183788,0
2026-01-07 11:00:00,WELL-005,PUMP-005,156.08096647244352,63.77569866705373,2.589417557128154,1146.0936945520948,1057.1383884007014,1435.8761144608388,0
2026-01-07 12:00:00,WELL-005,PUMP-005,159.52559694044004,75.98318870875123,3.706666966610348,1344.497730737648,1173.2698998452856,1487.7093980516202,0
2026-01-07 13:00:00,WELL-005,PUMP-005,141.88641543855962,71.02243653152567,2.706321948656485,1369.8953853862615,1077.153159348174,1497.6043885409138,0
2026-01-07 14:00:00,WELL-005,PUMP-005,154.8098943052134,84.30957439075087,3.3722128060698733,1229.4915485717484,1222.7307999521795,1433.530177201873,0
2026-01-07 15:00:00,WELL-005,PUMP-005,150.35084078159792,79.06946406769498,3.142910133040131,1276.3336817812,1116.4575034610725,1397.8378295412808,0
2026-01-07 16:00:00,WELL-005,PUMP-005,147.19461285073123,72.5618046325071,3.105094835517738,1417.9072984281952,1107.8933446457356,1457.3316293823088,0
2026-01-07 17:00:00,WELL-005,PUMP-005,144.81327052684804,74.12434122180328,3.903300549351409,1316.2011371784968,1164.770541962089,1466.5894015854806,0
2026-01-07 18:00:00,WELL-005,PUMP-005,146.25661022133403,69.26724918146272,3.099704269960204,1252.6578590813567,1205.111530079763,1539.0226375646203,0
2026-01-07 19:00:00,WELL-005,PUMP-005,153.8386269721559,73.64244408448057,3.8792290862726335,1294.983113432033,1088.5374381342806,1465.5488172507112,0
2026-01-07 20:00:00,WELL-005,PUMP-005,156.2703786022889,99.5368705208534,6.356802998554625,1007.2355414714148,876.9394447437722,1458.0487748793578,0
2026-01-07 21:00:00,WELL-005,PUMP-005,154.72216248860258,74.48866824891203,2.726370746537964,1308.7849074808335,1103.371556918084,1451.0813315296782,0
2026-01-07 22:00:00,WELL-005,PUMP-005,160.44517094492954,67.64010361485285,3.246645966967159,1210.7714722780254,1180.8090545939992,1386.8257697469446,0
2026-01-07 23:00:00,WELL-005,PUMP-005,154.40445546260986,71.16326257030917,2.8252065870002037,1210.3480997696527,1230.1815674373615,1355.3957537207536,0
2026-01-08 00:00:00,WELL-005,PUMP-005,171.73562427471074,65.38842906263584,3.624659527395142,1288.8490064119617,1181.9476019939434,1431.8999730504747,0
2026-01-08 01:00:00,WELL-005,PUMP-005,151.00739056388363,77.53318227454501,3.2594807989941788,1353.9705028242752,1152.0468983969852,1352.0409195632012,0
2026-01-08 02:00:00,WELL-005,PUMP-005,157.59092196357471,73.1037704611437,3.3481270542285126,1171.6782296339363,1233.2939649755458,1511.6323752190922,0
2026-01-08 03:00:00,WELL-005,PUMP-005,173.22406835198808,91.23262912887307,9.726648948436342,885.6264173335795,992.5735401236539,1489.732060178683,1
2026-01-08 04:00:00,WELL-005,PUMP-005,157.67606445618662,78.78867057104952,2.725899551329126,1303.039496164208,1206.3428170352602,1480.321236419558,0
2026-01-08 05:00:00,WELL-005,PUMP-005,149.93747266327537,69.00096912975555,2.428958324512121,1317.3918160885962,1213.5072057310565,1480.9549415505953,0
2026-01-08 06:00:00,WELL-005,PUMP-005,152.9154086170828,83.3462347118825,2.96943437818375,1211.0223246665423,1194.8666060216442,1494.0403426742112,0
2026-01-08 07:00:00,WELL-005,PUMP-005,138.10917358474742,76.20344911146938,2.825152081481373,1126.6067036889065,1179.4632538566352,1458.1249255124544,0
2026-01-08 08:00:00,WELL-005,PUMP-005,147.27984167501234,74.62531214138139,3.517309336875911,1225.6014960121336,1165.78075675736,1429.8203331506545,0
2026-01-08 09:00:00,WELL-005,PUMP-005,152.14730063882325,80.29819110322177,3.6753776075683997,1299.9207305690256,1180.7157831976922,1474.3807683638954,0
2026-01-08 10:00:00,WELL-005,PUMP-005,145.5931402373707,88.35337687431533,3.7481758266286014,1329.2099829514254,1221.4472088241744,1481.1505514648875,0
2026-01-08 11:00:00,WELL-005,PUMP-005,140.970429331145,77.82150675570954,4.55107773024236,1315.8092295978918,1263.7632415203375,1431.0903157446355,0
2026-01-08 12:00:00,WELL-005,PUMP-005,153.8491671261215,76.43648286374544,3.1359047949281607,1229.1197208518656,1244.427731287814,1503.39283386472,0
2026-01-08 13:00:00,WELL-005,PUMP-005,153.6051434937917,74.40931805030488,3.443592653539445,1246.8938969075123,1121.975135968644,1509.4580006422377,0
2026-01-08 14:00:00,WELL-005,PUMP-005,152.45847482989072,84.17215666570044,3.7491868863442,1363.7202628186474,1249.9108599058168,1404.4900646886044,0
2026-01-08 15:00:00,WELL-005,PUMP-005,158.65667357722427,75.6699211197166,3.4134128405499413,1330.2909502695293,994.1536791568268,1462.0699983133954,0
2026-01-08 16:00:00,WELL-005,PUMP-005,151.40292192524268,76.2024382473388,3.669934975166431,1173.2857385828306,1227.1900803583992,1485.8131248234265,0
2026-01-08 17:00:00,WELL-005,PUMP-005,161.29317203135648,70.963352985393,5.179139547218543,1249.9477540867567,1246.389803950272,1486.3731097266045,0
2026-01-08 18:00:00,WELL-005,PUMP-005,146.38060588152766,71.16246481663094,2.213619901026804,1258.1905758678122,1135.9092855603838,1454.8215189764253,0
2026-01-08 19:00:00,WELL-005,PUMP-005,154.63047287827644,63.97913307293741,2.5026803025658957,1202.2593345584567,1216.3190746058078,1461.079900906837,0
2026-01-08 20:00:00,WELL-005,PUMP-005,125.24568600726889,72.76387820161239,3.4864135219181756,1234.2965105803387,1281.9971278359183,1393.8049437538557,0
2026-01-08 21:00:00,WELL-005,PUMP-005,173.6275026380836,95.23524095076901,7.509886065908455,888.8032071820903,1034.0913996082688,1524.4472530058167,0
2026-01-08 22:00:00,WELL-005,PUMP-005,144.37050587606402,71.28860157245632,3.9467537618643,1240.3642403711067,1083.0126061547587,1454.9014791221834,0
2026-01-08 23:00:00,WELL-005,PUMP-005,162.12756117035386,67.86758421689417,2.259308974113619,1157.7678445082095,1072.1697098012992,1469.311303205229,0
2026-01-09 00:00:00,WELL-005,PUMP-005,147.87170199085003,71.68055247193416,3.948240391384299,1325.415653399942,1253.4300490745782,1466.5054005057575,0
2026-01-09 01:00:00,WELL-005,PUMP-005,148.06545669976816,79.62049064420394,2.557106487454236,1118.3590203899723,1152.6112599564722,1405.5537595470114,0
2026-01-09 02:00:00,WELL-005,PUMP-005,146.9728584584496,79.32057196024986,3.7005969521201147,1180.917914956426,1183.246849054158,1383.5678212886369,0
2026-01-09 03:00:00,WELL-005,PUMP-005,145.45035434722357,79.83139369617336,2.6315623447646357,1206.6333155961697,1306.9035054461124,1403.0195241451074,0
2026-01-09 04:00:00,WELL-005,PUMP-005,165.8793679532306,70.08943062042816,2.56218865922213,1149.3727555195744,1207.2009702322823,1537.3146100330046,0
2026-01-09 05:00:00,WELL-005,PUMP-005,159.2593755679506,80.74738530414265,3.9009999377636966,1159.6411537923677,1201.9186392035094,1483.3792480238303,0
2026-01-09 06:00:00,WELL-005,PUMP-005,160.68345383175668,71.11505082874709,3.8890875960183475,1366.8993781796955,1209.3076090205013,1439.7321388060593,0
2026-01-09 07:00:00,WELL-005,PUMP-005,144.92382941252848,78.22591748240451,4.006297264691375,1221.8932051635431,1181.24267823213,1417.5739185247674,0
2026-01-09 08:00:00,WELL-005,PUMP-005,143.30518749210086,79.81972424539833,2.9477657432986204,1263.3567691516635,1211.4809932854278,1388.0435988048866,0
2026-01-09 09:00:00,WELL-005,PUMP-005,152.46940235244494,77.33227986484707,3.441686273705938,1251.5407173880901,1169.6201803450817,1500.889798451798,0
2026-01-09 10:00:00,WELL-005,PUMP-005,165.55238940550322,74.77674349435688,3.5558797744353954,1236.909964098153,1094.2077934330946,1383.2107018807567,0
2026-01-09 11:00:00,WELL-005,PUMP-005,147.48031670036204,73.23024306163116,3.933497461665762,1224.6673788210685,1277.574717137875,1409.0762456934915,0
2026-01-09 12:00:00,WELL-005,PUMP-005,145.9527493165543,87.72517761701802,4.404940958948705,1230.1914281665722,1199.0539481827655,1382.980790745184,0
2026-01-09 13:00:00,WELL-005,PUMP-005,140.43539737421244,71.6874142684663,3.450714172656281,1395.1719333858462,1187.0562709321841,1532.7334157933353,0
2026-01-09 14:00:00,WELL-005,PUMP-005,155.89420327122534,77.60200881367679,3.593944249398042,1320.2105177008214,1237.1543239803152,1491.0741219585818,0
2026-01-09 15:00:00,WELL-005,PUMP-005,147.6592420007391,65.05482901914353,4.06158389555937,1337.5947244513543,1308.6559420994593,1471.1071846097632,0
2026-01-09 16:00:00,WELL-005,PUMP-005,156.2569248398111,73.60504049855672,4.414570916448486,1173.9884074514825,1139.342554722056,1456.3830674921724,0
2026-01-09 17:00:00,WELL-005,PUMP-005,149.64297901546846,74.17210513716202,3.0706733481448834,1292.9969669380162,1071.6216832238415,1488.8043686431283,0
2026-01-09 18:00:00,WELL-005,PUMP-005,154.95018191667845,78.35202744529725,2.4104408023881065,1266.7461481193495,1144.6018124824084,1474.9255402100591,0
2026-01-09 19:00:00,WELL-005,PUMP-005,154.4102666622047,69.99930539380021,4.150035286150011,1355.8378646676435,1118.4688611734684,1440.7225732703573,0
2026-01-09 20:00:00,WELL-005,PUMP-005,129.34352663389225,76.07289463121074,2.729329482630428,1279.7103278093912,1161.684951296951,1399.118037408311,0
2026-01-09 21:00:00,WELL-005,PUMP-005,153.42215155480488,73.60660548580222,2.573227298835552,1479.9266158407931,1198.6324505642926,1455.5847065053338,0
2026-01-09 22:00:00,WELL-005,PUMP-005,152.39051379926516,80.93107867201216,3.230638129982551,1187.3532220132051,1316.3897733892688,1441.0116182835877,0
2026-01-09 23:00:00,WELL-005,PUMP-005,165.55214120000352,76.83582702521522,4.16184996697602,1237.5395753133432,1173.9417687523578,1504.5489513809732,0
2026-01-10 00:00:00,WELL-005,PUMP-005,161.149724515345,66.77451372930109,3.251150409974691,1431.9990730829172,1176.5021846432628,1447.155692522872,0
2026-01-10 01:00:00,WELL-005,PUMP-005,153.10286034732476,79.10288405834474,4.101685851173084,1384.8696121777218,1156.9391226692617,1381.7983417580342,0
2026-01-10 02:00:00,WELL-005,PUMP-005,147.02055317570083,75.1440935676418,3.9166069366442793,1135.7867991625922,962.1230791935307,1460.774673399309,0
2026-01-10 03:00:00,WELL-005,PUMP-005,146.8775668071064,80.48711343711354,3.4381231625891746,1208.477942486548,1117.6310190632598,1482.840291425474,0
2026-01-10 04:00:00,WELL-005,PUMP-005,141.1543561966432,79.22521533655247,4.480621576719163,1321.120169249847,1036.2319391885496,1429.002788021565,0
2026-01-10 05:00:00,WELL-005,PUMP-005,149.55527581440583,76.8154921633052,3.042704922184268,1065.2636782872921,1186.9176831511502,1410.612087118978,0
2026-01-10 06:00:00,WELL-005,PUMP-005,149.2561407412324,69.78398299405457,3.616152197039419,1134.7981953719855,1176.3539966847718,1359.9641255814242,0
2026-01-10 07:00:00,WELL-005,PUMP-005,157.35348922941563,69.70329656362587,3.92985812219444,1342.4586169696713,948.4470033251828,1442.431854821213,0
2026-01-10 08:00:00,WELL-005,PUMP-005,133.72528771381292,69.01936670659877,5.530723315936789,1247.062148989538,1257.597210407711,1500.3604551498884,0
2026-01-10 09:00:00,WELL-005,PUMP-005,135.63509423486147,68.85414483240841,2.120326685798061,1394.0836157231467,1203.2642460030402,1482.9700894924247,0
2026-01-10 10:00:00,WELL-005,PUMP-005,152.8546279892637,75.52243270802843,3.6689610523774294,1253.6868010832372,1083.6468591236016,1430.3070716415393,0
2026-01-10 11:00:00,WELL-005,PUMP-005,139.24010665113272,80.41420716958196,3.315803572469959,1296.7780277628754,1103.5516063194323,1376.3427061676734,0
2026-01-10 12:00:00,WELL-005,PUMP-005,151.86571648198677,73.22090582330894,4.025296929957033,1225.1682812035947,1011.7732146313082,1472.1808400320695,0
2026-01-10 13:00:00,WELL-005,PUMP-005,158.44833285166843,67.45224188765023,3.6383202003268034,1188.0252753868924,1329.989772412493,1521.9798963715068,0
2026-01-10 14:00:00,WELL-005,PUMP-005,142.74565827583254,76.31470389380547,2.9306726332542947,1552.1991980902496,1190.4594959484873,1419.2656103731288,0
2026-01-10 15:00:00,WELL-005,PUMP-005,143.81268058707988,78.24186388854895,3.267809096673104,1321.2326404149474,1356.8907292830024,1432.0586814528226,0
2026-01-10 16:00:00,WELL-005,PUMP-005,154.85040146677676,81.48319384959657,3.529108797331735,1232.741303378356,1081.313096812558,1448.0238076917587,0
2026-01-10 17:00:00,WELL-005,PUMP-005,147.54725540257294,77.93425769392434,2.3419478784059407,1284.559725069569,1259.9438214646573,1423.6201328710474,0
2026-01-10 18:00:00,WELL-005,PUMP-005,155.03044920627767,74.258339468494,1.6278502718609251,1329.6949336876244,1097.4310084821627,1492.5932462860885,0
2026-01-10 19:00:00,WELL-005,PUMP-005,151.58462893625278,77.3967712940925,3.1726067633824493,1312.294619658063,1212.5768853773423,1452.1615844822445,0
2026-01-10 20:00:00,WELL-005,PUMP-005,150.31878591612258,68.78586970835087,2.8424373321977585,1221.1086052310536,1282.4392213583706,1468.2695392181072,0
2026-01-10 21:00:00,WELL-005,PUMP-005,149.11693455483172,75.24334021581376,2.657410149982298,1203.302348344846,1183.5329737578422,1413.207321204382,0
2026-01-10 22:00:00,WELL-005,PUMP-005,157.893529759956,79.56374889956923,3.0013712910133408,1358.4396426300007,1323.0129570429222,1480.381587967407,0
2026-01-10 23:00:00,WELL-005,PUMP-005,146.14300572542825,76.18323456336425,2.9655009919215307,1094.1297194614278,1128.289931412033,1422.9930480268195,0
2026-01-11 00:00:00,WELL-005,PUMP-005,149.09934828372843,63.53151374886222,3.967417722787828,1321.6069468851467,1205.972185119021,1391.5327268117098,0
2026-01-11 01:00:00,WELL-005,PUMP-005,159.0054394569877,76.21551529164208,3.127841421999393,1273.49978813392,1202.8617171941448,1424.334345549717,0
2026-01-11 02:00:00,WELL-005,PUMP-005,155.6218933728754,76.08280273569146,2.8681214702566153,1195.335733692215,1051.8118953531787,1415.2448668961736,0
2026-01-11 03:00:00,WELL-005,PUMP-005,152.54527461927907,77.06823949141187,2.93082685927462,1255.8483403504595,1116.325747907871,1519.5521237527973,0
2026-01-11 04:00:00,WELL-005,PUMP-005,146.39843997359574,79.76490747511394,3.752868309638114,1224.4261514032426,1160.2877337596324,1485.1620864411207,0
2026-01-11 05:00:00,WELL-005,PUMP-005,162.72972232705834,77.7138733695628,3.5841760554203264,1197.4738429322463,1243.5328267732739,1408.7888780316273,0
2026-01-11 06:00:00,WELL-005,PUMP-005,156.52724791187586,78.25916866084526,3.997874488464152,1172.2617951795894,1144.4795421014312,1505.9933314967873,0
2026-01-11 07:00:00,WELL-005,PUMP-005,151.2551899295881,70.75359519044954,4.322577656077576,1057.8442444839563,1125.4882339241592,1424.5216748565085,0
2026-01-11 08:00:00,WELL-005,PUMP-005,162.93312943191117,61.546968059910114,3.5727528500592167,1292.2769513458968,1111.745749220571,1463.8630147183082,0
2026-01-11 09:00:00,WELL-005,PUMP-005,153.46437102883158,76.56619124500355,3.5395586651473403,1037.5934385696407,1082.3808340671746,1455.0337751549466,0
2026-01-11 10:00:00,WELL-005,PUMP-005,151.71839211983442,73.13494174258429,3.9672864611167338,1135.9168536546354,1104.8542267172363,1509.0009656347986,0
2026-01-11 11:00:00,WELL-005,PUMP-005,158.6074729816064,75.72879319663829,3.8069333171132027,1279.2345474259766,1171.4959026191711,1406.999876243885,0
2026-01-11 12:00:00,WELL-005,PUMP-005,159.4682835581488,74.4507318109745,2.79221633939319,1148.3394836062641,1167.9784793773454,1495.7869909578772,0
2026-01-11 13:00:00,WELL-005,PUMP-005,162.07637490090104,77.17063490770487,3.490480448927892,1178.9758895729876,1173.821783890547,1439.812024325279,0
2026-01-11 14:00:00,WELL-005,PUMP-005,154.33225997164357,71.14172703064027,3.18767052976795,1164.3314163558696,1163.8940666872052,1554.8771957523531,0
2026-01-11 15:00:00,WELL-005,PUMP-005,142.19982892049188,78.78877390104091,3.232127313046971,1243.4610659174805,1151.7005229051545,1409.163103406755,0
2026-01-11 16:00:00,WELL-005,PUMP-005,152.16265666529065,77.23355949635457,3.546559081904647,1279.5872552602436,1126.365783675824,1392.586158280271,0
2026-01-11 17:00:00,WELL-005,PUMP-005,159.54084963981853,69.01830050394894,2.110133085843506,1299.8289187969197,1158.7295599363208,1439.117243943094,0
2026-01-11 18:00:00,WELL-005,PUMP-005,152.66360160392097,72.12304560331427,3.091799293292561,1235.4127709373104,1202.859300123669,1514.12460186373,0
2026-01-11 19:00:00,WELL-005,PUMP-005,155.13696803101266,71.20174119583311,2.885759332833309,1331.3739371336126,1110.63974721883,1419.6668029624716,0
2026-01-11 20:00:00,WELL-005,PUMP-005,153.24927064104452,82.44817641694172,4.441161263862754,1211.671432304247,1131.237322106543,1544.8934037899562,0
2026-01-11 21:00:00,WELL-005,PUMP-005,156.60761767140755,78.71504847025038,3.41770105347553,1312.9818955852977,1245.3991812345582,1380.9018607506498,0
2026-01-11 22:00:00,WELL-005,PUMP-005,137.79536059852896,84.01824298143762,3.436685103604346,1154.1840519299856,1249.0758904525928,1481.4747077999796,0
2026-01-11 23:00:00,WELL-005,PUMP-005,147.59745485947622,69.10781643534662,3.2496590988570113,1359.6633467044621,1184.9605497938596,1546.532912952813,0
2026-01-12 00:00:00,WELL-005,PUMP-005,138.31485840257744,75.62443644950505,3.5030858848846806,1189.285876734461,1311.507773588685,1449.8012164356708,0
2026-01-12 01:00:00,WELL-005,PUMP-005,145.01455747753548,82.84792033140539,4.159649361075762,1400.5297031486216,1308.3179903878915,1376.045535595124,0
2026-01-12 02:00:00,WELL-005,PUMP-005,148.93361946404858,73.44676559075859,4.016699741589308,1134.4983955538767,1213.4132019496235,1501.5658030966745,0
2026-01-12 03:00:00,WELL-005,PUMP-005,165.2374390566531,74.9676920296048,4.6731957296898745,1369.0507701792162,1148.450540857592,1349.539232798722,0
2026-01-12 04:00:00,WELL-005,PUMP-005,161.00805189091082,69.98823945034749,4.769367909998753,1338.4528582226535,1220.5449059705218,1403.3981567206324,0
2026-01-12 05:00:00,WELL-005,PUMP-005,157.6592787618575,68.87800113389486,3.331223808398258,1240.517261277691,1144.0011719900551,1494.9914748066478,0
2026-01-12 06:00:00,WELL-005,PUMP-005,148.9997017254368,73.92911948314716,3.8182752739634234,1200.1861618146497,1251.2823016191276,1420.2026644441883,0
2026-01-12 07:00:00,WELL-005,PUMP-005,165.80564080984058,74.62590789824708,4.167236408019894,1383.7083267274502,1251.903409202829,1449.159934201113,0
2026-01-12 08:00:00,WELL-005,PUMP-005,139.1620667256618,78.75248016262867,3.3915349443575455,1141.262017819071,1081.626168702655,1481.7456460606827,0
2026-01-12 09:00:00,WELL-005,PUMP-005,154.47849409544608,75.71310696334442,4.152055386215939,1303.7007732861885,1083.3727107293153,1409.6361114994816,0
2026-01-12 10:00:00,WELL-005,PUMP-005,148.44286908335206,81.83984701012601,3.2927271514292418,1166.24971977788,1223.9745608257438,1462.9200857767316,0
2026-01-12 11:00:00,WELL-005,PUMP-005,137.2784694139656,74.91315996245451,3.1480305586641486,1198.126815283295,1189.2879233393153,1422.4774063655393,0
2026-01-12 12:00:00,WELL-005,PUMP-005,140.8470704910117,82.37904822718167,3.591316267880651,1360.7830005894632,1189.3398840257419,1441.1407562285806,0
2026-01-12 13:00:00,WELL-005,PUMP-005,148.79721306970987,71.95588418788317,2.794559331999823,1246.6785624585543,1151.715138482327,1484.417351851901,0
2026-01-12 14:00:00,WELL-005,PUMP-005,157.67859162193895,83.36979054833029,3.153465785286193,1199.070590324471,1250.5455499797752,1426.62267260586,0
2026-01-12 15:00:00,WELL-005,PUMP-005,147.02145317143612,82.82727329979556,3.8293271093122003,1218.472761681554,1261.2033900234487,1472.2698386057143,0
2026-01-12 16:00:00,WELL-005,PUMP-005,138.3521156391707,72.96399019127651,3.537942594241474,1188.7585202525136,1247.9549187994,1424.3875576408893,0
2026-01-12 17:00:00,WELL-005,PUMP-005,145.93974925179384,79.17050285955034,4.047088156142481,1196.49774089751,1080.8106902223305,1479.0686529669463,0
2026-01-12 18:00:00,WELL-005,PUMP-005,155.47947951520953,72.03700858026286,4.172455180363458,1219.6277128726742,1260.0761899272395,1429.1095389207871,0
2026-01-12 19:00:00,WELL-005,PUMP-005,166.48273235069465,69.6597643081688,3.6752214330385446,1469.9025932728052,1184.6612178832045,1453.0894135114825,0
2026-01-12 20:00:00,WELL-005,PUMP-005,151.84812331660993,70.38421128596157,3.1867211480316815,1079.6080441274194,1114.4283851285788,1365.48404870614,0
2026-01-12 21:00:00,WELL-005,PUMP-005,144.45042806028476,79.39631952583281,2.989331127899368,1152.2219424326438,1199.21597912453,1440.8538350793704,0
2026-01-12 22:00:00,WELL-005,PUMP-005,144.33538341643316,71.55670564513085,3.1961686313020987,1125.7154221641727,1214.0673680248453,1480.0434456861753,0
2026-01-12 23:00:00,WELL-005,PUMP-005,157.0344583416718,75.19654599371732,2.952604691560185,1213.0000677440025,1203.9997426047153,1540.9232189190795,0
2026-01-13 00:00:00,WELL-005,PUMP-005,157.79687289137738,68.4953328461797,3.565852040765342,1213.1525223738622,1120.3983894104856,1520.4749048992549,0
2026-01-13 01:00:00,WELL-005,PUMP-005,160.04977075553086,75.70939021314247,2.8106959282304818,1184.4838044021024,1229.244546589782,1499.7205140608814,0
2026-01-13 02:00:00,WELL-005,PUMP-005,150.27889740889165,75.78217933679655,2.0571537220821146,1251.2731970440536,1162.4516540662407,1469.5174374447977,0
2026-01-13 03:00:00,WELL-005,PUMP-005,152.68337056384294,72.55611477543296,4.504246252390055,1367.3049442334288,1224.3146583248058,1391.0501913521553,0
2026-01-13 04:00:00,WELL-005,PUMP-005,159.22029608264262,72.28239123527459,4.242063133701324,1192.04302654061,1183.858974375484,1424.880462613997,0
2026-01-13 05:00:00,WELL-005,PUMP-005,144.37733749651647,74.52878078237624,3.6137887729249387,1332.6031118640897,1117.9985079556373,1436.8591578736941,0
2026-01-13 06:00:00,WELL-005,PUMP-005,135.60799327830875,76.25221296757977,2.7205786182406633,1182.115659278831,1227.9011808896928,1458.1016996806075,0
2026-01-13 07:00:00,WELL-005,PUMP-005,160.27983771809735,74.22036951258546,2.5714813506353322,1211.5663824477206,1206.5386543148466,1423.364945622251,0
2026-01-13 08:00:00,WELL-005,PUMP-005,148.8946548297608,75.01637953551491,2.984967131476076,1227.9115641651395,1275.5335328398917,1430.2804186530934,0
2026-01-13 09:00:00,WELL-005,PUMP-005,163.48051476266548,64.90036913028862,4.154616745514886,1270.0118172828286,1244.6787875384105,1422.4755869866185,0
2026-01-13 10:00:00,WELL-005,PUMP-005,141.4302217080356,69.78515483328117,4.2916212654937755,1130.5405610599594,1184.886195708571,1447.7648592129108,0
2026-01-13 11:00:00,WELL-005,PUMP-005,155.35260203597093,72.89533217708117,3.4577158556735266,1209.0849976973968,1165.2770558994157,1401.6372631009467,0
2026-01-13 12:00:00,WELL-005,PUMP-005,161.2500814333939,78.65502122533428,3.785947637928359,1237.054141745922,1136.0113655226478,1534.079418796248,0
2026-01-13 13:00:00,WELL-005,PUMP-005,151.15293090223744,78.94866062316004,3.0971717338130285,1383.6075120466471,1231.4455181978021,1404.5829374146008,0
2026-01-13 14:00:00,WELL-005,PUMP-005,168.89040818230285,75.12783909397295,3.869746285819126,1201.0735543722724,1117.8820903776432,1365.7088181893696,0
2026-01-13 15:00:00,WELL-005,PUMP-005,158.9512981736574,86.10601697135981,3.539764842406541,1312.7910949995348,1138.6691460857708,1450.9629654515606,0
2026-01-13 16:00:00,WELL-005,PUMP-005,143.34646168544026,62.88208593584386,3.7054396099975095,1336.6008314209794,1071.6865019474094,1491.637444429251,0
2026-01-13 17:00:00,WELL-005,PUMP-005,145.1053694660808,70.93809322654981,4.069499642142897,1153.0585434008508,1227.3786357877705,1395.9445326087944,0
2026-01-13 18:00:00,WELL-005,PUMP-005,150.2360687301445,69.099291977691,3.545649950488918,1268.960397270293,1254.3842171575297,1524.7168310447244,0
2026-01-13 19:00:00,WELL-005,PUMP-005,151.14904667190558,69.20603466787698,2.868486167001573,1083.052117654725,1104.1433916600336,1453.4411828852324,0
2026-01-13 20:00:00,WELL-005,PUMP-005,147.26575700062813,72.30035216555368,3.473824117504554,1328.9856569300541,1158.0380715571234,1400.627803296508,0
2026-01-13 21:00:00,WELL-005,PUMP-005,160.74221571538402,73.64747347951912,4.562574532008647,1364.5308789550377,1139.448628399467,1394.4438116792112,0
2026-01-13 22:00:00,WELL-005,PUMP-005,160.01760524443662,74.69711529874272,2.824413401916579,1148.275274376061,1234.9366516620175,1484.6428937298485,0
2026-01-13 23:00:00,WELL-005,PUMP-005,151.21478039713256,71.5696923672816,3.2886917311282478,1244.3584357818065,1070.4601902531178,1488.2821553241347,0
2026-01-14 00:00:00,WELL-005,PUMP-005,144.06282860972541,74.90174993899255,1.876305800137038,1208.8107271714878,1244.4401593838322,1517.1614450648242,0
2026-01-14 01:00:00,WELL-005,PUMP-005,144.71642105593932,71.10271899373883,3.8057008296946435,1166.7626153688348,1077.9908439260382,1536.299900104717,0
2026-01-14 02:00:00,WELL-005,PUMP-005,135.09221747273355,74.85682737502084,3.206979747886515,1278.7136407098114,1226.4252894518304,1477.6130912906515,0
2026-01-14 03:00:00,WELL-005,PUMP-005,149.94657141557863,78.67783449151285,3.7922519354693565,1129.3464632502257,1084.952375505419,1431.5141657620354,0
2026-01-14 04:00:00,WELL-005,PUMP-005,145.6458760152268,76.03941214316664,3.939949083537802,1354.0247636630957,1184.403681141635,1433.3083962769908,0
2026-01-14 05:00:00,WELL-005,PUMP-005,143.57175230858326,88.76614755401603,3.5471439325766756,1203.822323489431,1278.8467462274311,1426.5464691028092,0
2026-01-14 06:00:00,WELL-005,PUMP-005,144.75047410691076,76.51112022378922,3.5328463727230233,1201.8404682492844,1213.5726150324463,1513.8474627332253,0
2026-01-14 07:00:00,WELL-005,PUMP-005,164.88208837666735,105.51457957480469,8.092289325329975,948.7870036390075,922.8427313946249,1475.181831808893,1
2026-01-14 08:00:00,WELL-005,PUMP-005,164.5602785021395,74.89318813779262,3.18734662272145,1299.0828903348151,1099.9021628614767,1416.0647933944194,0
2026-01-14 09:00:00,WELL-005,PUMP-005,147.42418407940656,79.00476784650577,4.0890739019414415,1222.6396585379418,1385.5182412246677,1513.667027602582,0
2026-01-14 10:00:00,WELL-005,PUMP-005,166.07127535276902,74.47589817029768,3.4168594259615537,1044.60512722088,1148.6845935587148,1492.6007517454248,0
2026-01-14 11:00:00,WELL-005,PUMP-005,142.81519036160205,82.94168978613675,3.649242937837127,1228.6427243053151,1088.3552753226074,1520.1690266371827,0
2026-01-14 12:00:00,WELL-005,PUMP-005,151.97831999659402,78.80715312030446,2.931546262988925,1229.667637530049,1099.1152770509866,1321.4926225709823,0
2026-01-14 13:00:00,WELL-005,PUMP-005,151.99700820483784,79.61290981730582,2.9653696896754225,1374.8442367933562,1241.2409612716451,1473.4387603056755,0
2026-01-14 14:00:00,WELL-005,PUMP-005,147.62665010660422,70.01428226607158,3.461114447863322,1266.4147912588946,1095.89252236825,1383.1638957926689,0
2026-01-14 15:00:00,WELL-005,PUMP-005,148.5111238819523,73.844815321693,4.054458764579737,1370.2158293075358,1090.2703489834298,1523.9730716734882,0
2026-01-14 16:00:00,WELL-005,PUMP-005,156.80003414375673,78.00968118551621,3.4751252226021285,1158.9919836028612,1132.2221967692517,1424.1616216226855,0
2026-01-14 17:00:00,WELL-005,PUMP-005,138.1611572558462,75.99321775693701,4.824950257398104,1192.9414391500356,1131.9068453831285,1439.9753117321761,0
2026-01-14 18:00:00,WELL-005,PUMP-005,137.19848570590273,78.53260386710313,3.397297282855079,1263.6564386203606,1116.9431781292046,1434.0451982874488,0
2026-01-14 19:00:00,WELL-005,PUMP-005,145.66144731452107,62.67253003343493,2.459652561813815,1276.93783852772,1268.355872774774,1611.4914563404764,0
2026-01-14 20:00:00,WELL-005,PUMP-005,151.3949407021464,81.30749495401191,3.7397281046094233,1238.0151425003367,1113.5279829154497,1524.9506034116775,0
2026-01-14 21:00:00,WELL-005,PUMP-005,157.08821909609108,76.47102509964805,2.9425610354638243,1113.4880471622841,1194.8570441562301,1466.784829107737,0
2026-01-14 22:00:00,WELL-005,PUMP-005,147.75304603361874,82.49479231333765,4.059703335417343,1255.7888311926708,1065.9553672643963,1467.2000053152517,0
2026-01-14 23:00:00,WELL-005,PUMP-005,142.60168519515625,75.18707655356732,3.207799666465537,1274.311020742866,1269.5546873456262,1430.0336808310146,0
2026-01-15 00:00:00,WELL-005,PUMP-005,146.42881200947588,79.82786779396592,3.016201268672234,1310.7004954124832,1180.1159098935366,1467.601241439464,0
2026-01-15 01:00:00,WELL-005,PUMP-005,142.26024038619548,91.17453361258305,8.787569239652967,1011.6186824786048,798.0606041780471,1534.927660303361,1
2026-01-15 02:00:00,WELL-005,PUMP-005,150.99672606353653,76.97572166578453,3.270763107587169,1150.825245130559,1247.2624172510823,1446.4515265076977,0
2026-01-15 03:00:00,WELL-005,PUMP-005,158.13314565852707,70.64616811779631,2.7489811708879146,1251.7284438073348,1238.0491580596527,1457.7425224155193,0
2026-01-15 04:00:00,WELL-005,PUMP-005,135.67878107042654,81.32147293557671,3.461825559888588,1180.7356589926494,1129.6234381577099,1514.9172048052678,0
2026-01-15 05:00:00,WELL-005,PUMP-005,142.49456119023006,76.78581292850636,2.9624317978467327,1271.6827402288995,1128.4754347021544,1343.8310730800886,0
2026-01-15 06:00:00,WELL-005,PUMP-005,156.43528776738862,80.42107602070682,3.503759743949044,1160.9421554818352,1132.5288669867086,1483.8591571558213,0
2026-01-15 07:00:00,WELL-005,PUMP-005,137.65095582501053,79.83714709577029,4.045048543451697,1306.8619220140156,1167.2638193160308,1479.8528049869271,0
2026-01-15 08:00:00,WELL-005,PUMP-005,154.75835765261286,87.10732566480904,3.687490998918382,1107.6974616067853,1157.1871667479888,1558.741885353159,0
2026-01-15 09:00:00,WELL-005,PUMP-005,166.8078975185049,66.20356489979712,3.751605123476975,1186.1183686252778,1046.4944600217839,1439.911281185042,0
2026-01-15 10:00:00,WELL-005,PUMP-005,169.05585895526866,76.13733633940349,3.8927983776389077,1121.4513642909726,1198.0435187385986,1450.9548356156045,0
2026-01-15 11:00:00,WELL-005,PUMP-005,174.70771785451564,82.79071917338524,9.757799911923055,903.5267941564128,972.3673832021511,1523.846101110735,0
2026-01-15 12:00:00,WELL-005,PUMP-005,175.02226628906885,101.92577407995839,7.109005053749508,1087.112332733147,1056.881470253435,1377.5937612361565,0
2026-01-15 13:00:00,WELL-005,PUMP-005,152.82943500712838,78.58363823858672,3.2523684324831414,1112.1822014747715,1217.3844069421866,1445.8704837291743,0
2026-01-15 14:00:00,WELL-005,PUMP-005,167.03324689927942,75.73152987270106,3.057651997774386,1258.6798671410477,1167.2901382064822,1451.7887742647893,0
2026-01-15 15:00:00,WELL-005,PUMP-005,148.4926652247302,77.07831686269303,4.109513911395786,1132.6372838849024,1180.5976330625417,1530.4770828519186,0
2026-01-15 16:00:00,WELL-005,PUMP-005,151.80536772770552,74.1081780139326,4.194494438721499,1222.4123173129956,1111.1178007924686,1476.0638686108107,0
2026-01-15 17:00:00,WELL-005,PUMP-005,143.52191566720055,70.9729916496721,3.5121631352733726,1127.422257020775,1161.118157537184,1462.6438328757833,0
2026-01-15 18:00:00,WELL-005,PUMP-005,155.8463567225096,77.14053696725817,2.9988569809249706,1403.8394763862793,1203.6036095755994,1418.819480469718,0
2026-01-15 19:00:00,WELL-005,PUMP-005,169.40330073443113,74.60438888807745,4.1698584492693245,1327.0990301738486,1076.5320399928617,1465.5239638502967,0
2026-01-15 20:00:00,WELL-005,PUMP-005,157.4216146894737,93.13826210873316,9.344839143196431,1043.9345725620706,969.1067174926183,1496.158915281146,1
2026-01-15 21:00:00,WELL-005,PUMP-005,147.74769111874096,71.04375235116215,4.1662675665135795,1289.7120797582957,1230.148517390933,1478.542728205755,0
2026-01-15 22:00:00,WELL-005,PUMP-005,142.7632702902954,79.66414352046098,3.0826127299278823,1174.7251237885691,1217.2481293930466,1510.793678109949,0
2026-01-15 23:00:00,WELL-005,PUMP-005,148.80171026303918,76.81561008092724,4.036756920176904,1216.463172825145,1235.8238880592517,1450.6989311809843,0
2026-01-16 00:00:00,WELL-005,PUMP-005,148.84330586138842,84.11679481018233,3.548428236035868,1437.2578089220542,1204.6408113763605,1439.3161414705892,0
2026-01-16 01:00:00,WELL-005,PUMP-005,143.55894409291264,73.70091733053548,3.323330331785059,1294.0491971020615,1201.5490683042033,1441.1703153101314,0
2026-01-16 02:00:00,WELL-005,PUMP-005,153.1585601632974,72.36917314469906,3.6121562315326985,1352.5582689901348,1173.8534153855603,1553.9578349233402,0
2026-01-16 03:00:00,WELL-005,PUMP-005,149.61269392630345,72.47289982472529,3.6811444229201236,1223.94694229472,1147.2289627606694,1354.9849582791317,0
2026-01-16 04:00:00,WELL-005,PUMP-005,149.1412254203923,82.75688860504746,3.6355051004223844,1141.8762036588614,1096.198338511684,1533.6494851422476,0
2026-01-16 05:00:00,WELL-005,PUMP-005,157.4054130848861,67.69664808741004,3.0472945119116877,1279.742568006262,1168.5456903045047,1472.843162818423,0
2026-01-16 06:00:00,WELL-005,PUMP-005,137.79915487188512,75.66583244681352,3.701075679844198,1279.1681442963866,1283.47287549473,1363.3116454995875,0
2026-01-16 07:00:00,WELL-005,PUMP-005,141.0737571453922,80.54613767967103,3.240660288600575,1292.0988801481599,1182.603529503447,1380.6652112866218,0
2026-01-16 08:00:00,WELL-005,PUMP-005,143.81861287471634,78.93149115450139,3.8840336486197504,1385.0525642322232,1205.6429238478754,1476.0338883540037,0
2026-01-16 09:00:00,WELL-005,PUMP-005,150.26833675059842,72.89172616403224,3.6792531677445375,1133.545461872519,1351.6189073130763,1395.7152134001678,0
2026-01-16 10:00:00,WELL-005,PUMP-005,150.49957581330503,77.75286796850799,3.2243147408284134,1320.63398444694,1094.911975156426,1322.845340526261,0
2026-01-16 11:00:00,WELL-005,PUMP-005,160.96274247608608,66.63925482238075,4.609621274939998,1336.955032002616,1085.589759475761,1395.7410473933942,0
2026-01-16 12:00:00,WELL-005,PUMP-005,146.87785975254707,72.0991813893774,3.94879723917632,1151.6976519275988,1173.0789162038361,1415.703274802519,0
2026-01-16 13:00:00,WELL-005,PUMP-005,144.69860758452393,79.96053710575755,3.367191098966793,1294.1575490707921,1173.007169451346,1504.252090898653,0
2026-01-16 14:00:00,WELL-005,PUMP-005,141.6719582537297,77.91716784577983,3.413885198346226,1136.7812855306822,1336.2047434641727,1432.3760527206675,0
2026-01-16 15:00:00,WELL-005,PUMP-005,149.0481504684004,71.77303452705945,3.086202969518891,1260.6590629269156,1207.0738932121556,1406.8789140132276,0
2026-01-16 16:00:00,WELL-005,PUMP-005,151.0298294459172,68.8233301034826,3.1289618882236083,1266.5506023805433,1273.1562740947904,1433.033207779197,0
2026-01-16 17:00:00,WELL-005,PUMP-005,139.97433567006502,83.86361550877942,3.5510426835191797,1123.0931939894488,1215.2266182714056,1472.5110816611375,0
2026-01-16 18:00:00,WELL-005,PUMP-005,158.87366386069385,71.94889653731073,3.9129710650929392,1183.5293868915896,1318.8290859144531,1409.9804447851654,0
2026-01-16 19:00:00,WELL-005,PUMP-005,141.14031375720182,76.90150901222414,4.636071393694711,1359.5107668247947,1116.3441229154646,1529.7989867518631,0
2026-01-16 20:00:00,WELL-005,PUMP-005,153.33218835772138,75.98684231117346,4.176801575720905,1342.8198505463695,1193.513556207068,1374.1024434078374,0
2026-01-16 21:00:00,WELL-005,PUMP-005,151.29590674924967,73.59314732236379,3.6970331249318016,1171.98257651056,1146.571864536548,1351.9114592412293,0
2026-01-16 22:00:00,WELL-005,PUMP-005,151.9556355968444,80.19419855991046,3.5639268058606244,1300.797029889004,1178.0283164085313,1448.390702452786,0
2026-01-16 23:00:00,WELL-005,PUMP-005,144.29223960568586,83.2771654045156,2.993908702233753,1212.3941024153635,1109.0481714642488,1394.988781015957,0
2026-01-17 00:00:00,WELL-005,PUMP-005,147.54534604489123,75.02571570270925,3.7360270066818275,1235.5559767291409,1107.9241321015306,1380.095898004061,0
2026-01-17 01:00:00,WELL-005,PUMP-005,160.67169113831466,76.3329166771421,3.6671444158628934,1231.43498491216,1236.7625118028152,1496.8997672545597,0
2026-01-17 02:00:00,WELL-005,PUMP-005,150.4907493139269,73.43934316229357,3.647245845062804,1334.4292437400566,1178.4459843595273,1449.2226423178213,0
2026-01-17 03:00:00,WELL-005,PUMP-005,143.58515124365238,77.71519180374105,3.4544979678528684,1218.7903448462885,1297.068422248411,1483.5770966725743,0
2026-01-17 04:00:00,WELL-005,PUMP-005,142.91478081797388,76.25793958999422,4.130673048654799,1183.667286201168,1210.9793700315965,1493.5676837865508,0
2026-01-17 05:00:00,WELL-005,PUMP-005,149.47988941777555,77.99970804470425,3.001901526628803,1407.2827425971686,1197.324713274262,1429.1226346367007,0
2026-01-17 06:00:00,WELL-005,PUMP-005,163.39389434392942,95.74470090096773,9.794455280991189,880.0312705920936,1027.168844293482,1506.1484685792868,1
2026-01-17 07:00:00,WELL-005,PUMP-005,146.66635613127153,73.05118931941784,3.5652709435164778,1164.5250011323337,1155.6324858359092,1439.2215269320116,0
2026-01-17 08:00:00,WELL-005,PUMP-005,150.70021079876017,66.10129744418569,3.872275881477402,1235.375795861387,1161.288924792697,1497.64000538027,0
2026-01-17 09:00:00,WELL-005,PUMP-005,152.0127424580939,72.56065455963102,3.521767575583001,1286.6087793552297,1084.082038755448,1449.6691877923256,0
2026-01-17 10:00:00,WELL-005,PUMP-005,164.01768925764486,80.21496812329521,3.526977057055011,1215.0137852122198,1087.153634767661,1471.5268946599065,0
2026-01-17 11:00:00,WELL-005,PUMP-005,157.65239569429815,69.94481434977135,4.152636050803312,1276.7439971000806,1216.240453481895,1437.1633098259974,0
2026-01-17 12:00:00,WELL-005,PUMP-005,143.45103130268654,73.93825542982826,2.8420174948167083,1152.1922121609127,1216.2792659625447,1423.7855544484357,0
2026-01-17 13:00:00,WELL-005,PUMP-005,142.91229945600088,66.22116071120973,2.3197432622563077,1132.3695892259427,1275.3076741993677,1450.8103299742027,0
2026-01-17 14:00:00,WELL-005,PUMP-005,149.20700166889716,75.37067020025829,3.3287839125331313,1268.0153861992746,1194.9496853304756,1515.0755681739945,0
2026-01-17 15:00:00,WELL-005,PUMP-005,161.1927798341073,78.10414972644934,3.129322235911383,1210.2292780904052,1129.0774635482005,1510.8774010975358,0
2026-01-17 16:00:00,WELL-005,PUMP-005,141.51293262750173,68.05359365688365,3.7984292520152123,1252.6185982125626,1181.9310446136487,1496.3348367191832,0
2026-01-17 17:00:00,WELL-005,PUMP-005,138.73261292635192,72.50018751395682,3.926627661527182,1156.3167168270547,1329.8679207431248,1450.7208281317774,0
2026-01-17 18:00:00,WELL-005,PUMP-005,139.02446919561154,75.72551896941815,3.992664052378034,1416.826224057405,1062.1390614682066,1486.5479683156773,0
2026-01-17 19:00:00,WELL-005,PUMP-005,151.643306163662,81.04543199007003,3.8558632396146435,1169.831271629298,1134.4934371283941,1427.4031930997005,0
2026-01-17 20:00:00,WELL-005,PUMP-005,144.77159624315348,74.30178179379209,3.5958620816671285,1333.0987795315655,1096.275914276682,1385.2567174186902,0
2026-01-17 21:00:00,WELL-005,PUMP-005,133.92213306505028,72.25472784420568,4.406438990923528,1271.1859393971822,1096.1146917100632,1500.8573837189656,0
2026-01-17 22:00:00,WELL-005,PUMP-005,150.84899525770544,71.0162988834594,2.7787979964765848,1296.3546474372451,1233.6802607177704,1514.2846223239562,0
2026-01-17 23:00:00,WELL-005,PUMP-005,154.15863202136822,71.57707190429335,3.576859330615392,1184.6510799828034,1029.7007530023777,1499.9152284289191,0
2026-01-18 00:00:00,WELL-005,PUMP-005,150.058041389088,74.1090228914465,3.923378740283078,1184.4274590693221,1202.493322691987,1466.3189161309774,0
2026-01-18 01:00:00,WELL-005,PUMP-005,153.76773655828129,78.67482407875993,4.540064803630558,1268.7355321198565,1184.483419151239,1404.6635517324953,0
2026-01-18 02:00:00,WELL-005,PUMP-005,151.7325544493671,75.58237038645994,3.9382187175512873,1227.6770612754221,1262.348107548958,1405.8434473370608,0
2026-01-18 03:00:00,WELL-005,PUMP-005,150.94275460913042,69.80015924191474,3.1328521684149075,1297.6125859107783,1351.4168614018158,1432.9639614233959,0
2026-01-18 04:00:00,WELL-005,PUMP-005,144.2655352153983,79.97526373328523,3.6724614510176505,1135.9988531548893,1233.2760623926113,1441.8794456990886,0
2026-01-18 05:00:00,WELL-005,PUMP-005,132.1589579766831,73.68085884799683,2.793123262789967,1179.2495827710236,1276.3565861817067,1460.0533495015695,0
2026-01-18 06:00:00,WELL-005,PUMP-005,149.13016709224883,68.1278494657652,3.613458578328304,1217.6093111952566,1130.8396366473564,1627.8229037188407,0
2026-01-18 07:00:00,WELL-005,PUMP-005,147.47545845972382,79.73274263858391,3.712890870907036,1297.2289766491956,1204.1560330210557,1403.400443735823,0
2026-01-18 08:00:00,WELL-005,PUMP-005,156.85256091011237,79.79633729336342,4.210820004961405,1306.786079082181,1069.021955414267,1474.8822405931696,0
2026-01-18 09:00:00,WELL-005,PUMP-005,149.9471687161331,74.88078115931941,3.188365206745674,1380.5511078696177,1200.7406755852567,1454.7369237916453,0
2026-01-18 10:00:00,WELL-005,PUMP-005,133.9178058592135,75.37388423310777,3.270453527572395,1113.4496345914104,1219.493978164125,1465.5645825133217,0
2026-01-18 11:00:00,WELL-005,PUMP-005,145.68218561478585,75.71202433314066,3.1987353051021814,1274.814066174627,1257.9964042719823,1483.8515234900403,0
2026-01-18 12:00:00,WELL-005,PUMP-005,168.7948654571602,93.33725050167203,9.868761164177533,1095.3038062191963,990.7091315284658,1441.398797649263,1
2026-01-18 13:00:00,WELL-005,PUMP-005,145.62340914782723,74.16386015325537,3.275513215395255,1280.0204205395166,1271.703935076122,1366.6215512025865,0
2026-01-18 14:00:00,WELL-005,PUMP-005,146.89826506806747,73.37451764264537,3.3847371916221944,1238.1103693254836,1125.2966753939122,1457.1606541603064,0
2026-01-18 15:00:00,WELL-005,PUMP-005,168.39292274867097,103.60988882006154,9.198931282720581,1047.8246517506032,960.2158493655946,1504.6145351012367,1
2026-01-18 16:00:00,WELL-005,PUMP-005,153.80140125515268,78.95195805093002,3.6091177479530137,1355.5553068536924,1225.5968912354147,1544.1432874820184,0
2026-01-18 17:00:00,WELL-005,PUMP-005,137.2639323430508,77.26002684291224,2.471753855522456,1212.6515671680065,1154.535082927309,1411.4940446384123,0
2026-01-18 18:00:00,WELL-005,PUMP-005,161.1536660369191,71.65734411787322,3.3269130782696594,1150.823184002372,1281.1183652835596,1528.9168347669352,0
2026-01-18 19:00:00,WELL-005,PUMP-005,158.98464319472512,74.60467490256313,3.2256122560659772,1262.454031015071,1183.8835943135766,1462.1451270355626,0
2026-01-18 20:00:00,WELL-005,PUMP-005,189.06048650325485,85.98314393065819,8.142504115272118,1159.175346962162,914.4540360206939,1459.1452579729128,0
2026-01-18 21:00:00,WELL-005,PUMP-005,151.15108501321393,72.07924470099454,4.695364083044964,1305.452921424235,1208.1763610270964,1482.480295675016,0
2026-01-18 22:00:00,WELL-005,PUMP-005,160.87817514662652,74.77645621620208,2.96833240919141,1120.42481075867,1215.9133507187175,1462.364406281387,0
2026-01-18 23:00:00,WELL-005,PUMP-005,152.7012543815517,77.08276880814523,2.8552911490379866,1140.4814811432097,1115.8801491310694,1447.396241802851,0
2026-01-19 00:00:00,WELL-005,PUMP-005,151.88692052599657,80.757575729665,2.814510861128946,1289.0816110779208,1192.0511068724509,1457.6881914772353,0
2026-01-19 01:00:00,WELL-005,PUMP-005,157.360110444338,79.5459917451467,3.3178005326520785,1208.168467016534,1080.0837523047455,1476.427254689448,0
2026-01-19 02:00:00,WELL-005,PUMP-005,150.25094732879768,75.31768977578409,3.645557562292076,1202.5016645051408,1096.3171198334142,1481.230332244714,0
2026-01-19 03:00:00,WELL-005,PUMP-005,149.8213294582549,70.6311795362625,3.1074727305569922,1288.5934579779803,1111.8053298277616,1427.2796743804256,0
2026-01-19 04:00:00,WELL-005,PUMP-005,151.31161184715847,77.0523011095104,3.147912370638151,1153.689149250161,1349.8259929697138,1423.6114062027286,0
2026-01-19 05:00:00,WELL-005,PUMP-005,133.87756080290598,78.67415638432601,4.413618184109502,1235.0832045587047,1190.4321788440811,1434.0641945603977,0
2026-01-19 06:00:00,WELL-005,PUMP-005,145.88459345390606,69.78912596450778,2.707259757401785,1328.921120304336,1188.4261190268892,1460.7492268166375,0
2026-01-19 07:00:00,WELL-005,PUMP-005,140.22681711765,72.53861813300978,3.5106877536084995,1288.8111199465577,1159.5690635174024,1487.6537782916064,0
2026-01-19 08:00:00,WELL-005,PUMP-005,148.10545725570512,78.56649088310316,3.9394088477903146,1313.8052498148763,1159.3359122828113,1480.7273618825434,0
2026-01-19 09:00:00,WELL-005,PUMP-005,152.83351274571964,77.32032333852587,4.152368807372542,1223.1968306910542,1133.3054302229164,1404.2717540003691,0
2026-01-19 10:00:00,WELL-005,PUMP-005,159.02875253982864,61.21073185226316,2.3095231599454347,1292.1864063584537,1216.894983907468,1418.1210071061232,0
2026-01-19 11:00:00,WELL-005,PUMP-005,167.79627471016968,75.44898043494972,3.658201606809621,1291.6314099647466,1178.8901406278692,1464.0992121347213,0
2026-01-19 12:00:00,WELL-005,PUMP-005,154.3932576688792,101.9182236551182,9.428787276782062,1003.2919532655628,908.2314580088268,1438.1982904921979,1
2026-01-19 13:00:00,WELL-005,PUMP-005,146.00793388456168,66.19681778331248,3.328942690502997,1212.1999285532077,1185.57858471679,1419.756280049541,0
2026-01-19 14:00:00,WELL-005,PUMP-005,145.91899960508977,69.12419001936058,3.7609828836041386,1239.671783322102,1220.5009715748788,1330.8189369974627,0
2026-01-19 15:00:00,WELL-005,PUMP-005,175.28035671453662,100.06967755595291,8.502655582769203,917.3464463020399,1045.8962095172553,1539.4719355538687,1
2026-01-19 16:00:00,WELL-005,PUMP-005,155.27056195751572,73.85559918421029,3.7549517614362102,1384.132064220909,1250.43755596029,1567.015010792849,0
2026-01-19 17:00:00,WELL-005,PUMP-005,164.2827130935745,70.71999482362777,3.284458069791378,1203.5883787827552,1145.2871290592818,1452.0650708932433,0
2026-01-19 18:00:00,WELL-005,PUMP-005,144.31783281350474,83.34691729773823,2.669242025163591,1405.1753154182707,1250.0928294359715,1445.513721183611,0
2026-01-19 19:00:00,WELL-005,PUMP-005,143.2641877675032,72.77916289318144,3.080946536785629,1158.8841434640026,1186.2351638799844,1430.6656839008003,0
2026-01-19 20:00:00,WELL-005,PUMP-005,151.59503936523205,70.77185756005298,3.1725643756182835,1235.3527372310973,1107.8914526292258,1391.052929894631,0
2026-01-19 21:00:00,WELL-005,PUMP-005,159.70842356314802,78.92449859874309,3.0241589655722634,1159.5474791563402,1109.3002985187964,1379.5026799055213,0
2026-01-19 22:00:00,WELL-005,PUMP-005,143.57566079148603,83.27256640432516,3.348271960532976,1054.6634410478011,1264.7046153222916,1434.6809317918821,0
2026-01-19 23:00:00,WELL-005,PUMP-005,157.8966747339984,71.33002860560678,3.351406637697572,1338.2473786847102,1148.6048226155863,1458.5293906576637,0
2026-01-20 00:00:00,WELL-005,PUMP-005,137.6624568465022,79.42763686152978,3.7779617414885123,1272.694275975908,1209.8753135281052,1415.726357365579,0
2026-01-20 01:00:00,WELL-005,PUMP-005,152.49038893944314,71.01739346148229,3.7085094789361452,1444.56215801441,1182.7459061253282,1489.681037386402,0
2026-01-20 02:00:00,WELL-005,PUMP-005,141.79245328240458,75.12323689105271,2.699103909446904,1240.0738219117568,1294.5273577417424,1491.1429611391675,0
2026-01-20 03:00:00,WELL-005,PUMP-005,149.42427477624332,70.3837914781454,3.6445313601173015,1205.713439125096,1187.6027950629275,1391.172601302938,0
2026-01-20 04:00:00,WELL-005,PUMP-005,151.63200304862153,78.38574987066647,3.3785340954899987,1159.7996602330802,1271.4043604801263,1500.4495738465823,0
2026-01-20 05:00:00,WELL-005,PUMP-005,153.22638994441428,79.50129511610282,3.333799290197683,1262.1868127861815,1186.8781310547736,1407.2134205678562,0
2026-01-20 06:00:00,WELL-005,PUMP-005,148.6589477960931,80.5650034956934,4.1186256432695965,1355.4886262542436,1101.7473962895854,1410.7944232971881,0
2026-01-20 07:00:00,WELL-005,PUMP-005,153.10022366593716,81.66247179975346,3.942408656034843,1204.2602488465534,1188.9991244958571,1435.63141801511,0
2026-01-20 08:00:00,WELL-005,PUMP-005,152.3694764319077,75.80129643320832,3.2784536650305456,1377.2668267141578,1205.0988121922874,1429.5750240921898,0
2026-01-20 09:00:00,WELL-005,PUMP-005,151.56112039807195,73.10838776004454,3.4129288619983185,1244.643253287886,1177.2760378563016,1496.3714884595802,0
2026-01-20 10:00:00,WELL-005,PUMP-005,154.88106836070347,76.71059710054828,3.069630216190599,1302.8206965365239,1117.9772428129866,1448.8807671751595,0
2026-01-20 11:00:00,WELL-005,PUMP-005,154.43905844076548,78.23301698751882,4.291445376835532,1165.1049842207335,1329.6857069384987,1494.7643663450299,0
2026-01-20 12:00:00,WELL-005,PUMP-005,158.96103525064837,75.96339964924736,3.9763610725463057,1267.0877259651452,1095.347287255511,1465.1371896252522,0
2026-01-20 13:00:00,WELL-005,PUMP-005,159.2928555237345,80.294640320587,2.5928088256590556,1216.8945891156643,1262.0261519292376,1474.9068113320063,0
2026-01-20 14:00:00,WELL-005,PUMP-005,161.67055308685175,73.84290969397503,3.6473169032337007,1294.6846522625258,1221.3481631390935,1379.5507850024132,0
2026-01-20 15:00:00,WELL-005,PUMP-005,148.5687052630379,76.15529026615991,3.3354361158354187,1224.0894207295153,1305.2206545998847,1370.673617817118,0
2026-01-20 16:00:00,WELL-005,PUMP-005,153.6136016078075,73.88300791828955,3.381735207237563,1310.6452564939175,1303.0478829651365,1421.4801630201628,0
2026-01-20 17:00:00,WELL-005,PUMP-005,139.53571378111357,66.02335888474387,2.768734260086491,1194.007247058608,1313.9738992461557,1428.5126456856076,0
2026-01-20 18:00:00,WELL-005,PUMP-005,145.40165418227747,81.39807059588874,4.369575457042296,1240.946348136795,1148.4532275702395,1562.9801013871238,0
2026-01-20 19:00:00,WELL-005,PUMP-005,151.1310454104106,79.33358997604776,3.867061104169146,1387.207055626602,1172.4497279751552,1430.1281045559838,0
2026-01-20 20:00:00,WELL-005,PUMP-005,147.69575408448623,81.91528699290802,3.1928789593438895,1373.6886848345127,1279.0320673551869,1446.7235442255524,0
2026-01-20 21:00:00,WELL-005,PUMP-005,150.37133068987833,70.38040804448366,4.357678825445933,1261.0808466414187,1298.562543695033,1492.8343894659306,0
2026-01-20 22:00:00,WELL-005,PUMP-005,150.9363282846501,76.21913463308383,2.7539847574343876,1256.4033015372208,1272.5683027368211,1360.0321659391764,0
2026-01-20 23:00:00,WELL-005,PUMP-005,161.15041880914615,79.40682215876214,4.486085762586153,1209.0783065299354,1166.7955735303476,1440.0414904969805,0
2026-01-21 00:00:00,WELL-005,PUMP-005,145.06160744193565,78.4928774043101,4.00928327463887,1244.846224033825,1084.8022250429408,1470.1585083317195,0
2026-01-21 01:00:00,WELL-005,PUMP-005,148.9124163355386,78.92272436287283,2.8545857450465517,1436.8222229261405,1089.0597840771013,1421.464627363809,0
2026-01-21 02:00:00,WELL-005,PUMP-005,142.1522326517914,79.75510668089078,3.77752875367865,1280.164872770272,1234.7000243625869,1428.7403523363557,0
2026-01-21 03:00:00,WELL-005,PUMP-005,143.1098170368568,66.2590607637967,4.201531762608578,1235.5867044926886,1232.3660863070247,1434.542825792553,0
2026-01-21 04:00:00,WELL-005,PUMP-005,133.86964551661467,76.57748404161745,3.8923187027854267,1141.9362061911452,1240.3440313382582,1444.4240551747102,0
2026-01-21 05:00:00,WELL-005,PUMP-005,128.84939649629203,76.8722940359956,3.283513910493019,1361.088782951435,1226.1132600476874,1429.01443317433,0
2026-01-21 06:00:00,WELL-005,PUMP-005,163.7757143050574,82.10946544352171,2.9207707875773035,1340.4131753812894,1207.3899469984613,1417.2698489535505,0
2026-01-21 07:00:00,WELL-005,PUMP-005,145.24296233397286,74.15160085765872,4.7861292568231795,1274.8752356613315,1149.9089086051536,1394.9874138599519,0
2026-01-21 08:00:00,WELL-005,PUMP-005,160.94121043148778,73.69784706752444,3.318335272924677,1302.8391185876558,1170.7302090539665,1454.2398864513073,0
2026-01-21 09:00:00,WELL-005,PUMP-005,150.00656502674425,77.80135238559292,4.172693253911086,1223.0501237834733,1168.539043302763,1409.3272638135509,0
2026-01-21 10:00:00,WELL-005,PUMP-005,139.31741968995595,69.78708423233087,3.170687684220648,1211.0805907563613,1226.4992642979987,1461.1193907067347,0
2026-01-21 11:00:00,WELL-005,PUMP-005,143.36114585489992,72.54060142109641,2.7079648604553244,1173.7984750979006,1275.8955703907789,1475.2495982454814,0
2026-01-21 12:00:00,WELL-005,PUMP-005,161.33329046638366,79.2546846388789,3.8220948103734056,1382.370779872167,1314.2493601124665,1443.5460005976574,0
2026-01-21 13:00:00,WELL-005,PUMP-005,149.74407122770882,69.61530373667432,2.6415803770328976,1258.4146927651138,1101.3542758231586,1435.2227599370492,0
2026-01-21 14:00:00,WELL-005,PUMP-005,149.12999181733105,65.2495241999062,3.8705723990507903,1347.787620517438,1153.1239464555579,1443.2434996462148,0
2026-01-21 15:00:00,WELL-005,PUMP-005,133.12073730984426,73.5852751231782,3.835644940523249,1278.7108492136867,1092.72186358997,1363.012733375966,0
2026-01-21 16:00:00,WELL-005,PUMP-005,151.81052762318782,77.48173205535247,3.0666198872278447,1203.7079156703635,1126.786537478137,1406.6537380327782,0
2026-01-21 17:00:00,WELL-005,PUMP-005,143.63600476319886,76.64153587810667,4.430381742953273,1138.2616442589444,1156.1295335344023,1441.7973383621966,0
2026-01-21 18:00:00,WELL-005,PUMP-005,145.8413982226117,75.94220040210378,2.595154472119394,1190.644843699482,1232.9261516486504,1579.3635727922656,0
2026-01-21 19:00:00,WELL-005,PUMP-005,143.53697466708,72.93137338705188,3.8262895085310347,1277.7595407300487,1241.9666814018133,1496.881487359024,0
2026-01-01 00:00:00,WELL-006,PUMP-006,156.79617589595298,70.66633664669844,3.592308596129985,1208.2342476401311,1265.3601758068341,1416.1817748482197,0
2026-01-01 01:00:00,WELL-006,PUMP-006,153.38014515473282,63.83855321960741,3.374046206162936,1172.673968230819,1102.257053133426,1425.6061199658811,0
2026-01-01 02:00:00,WELL-006,PUMP-006,153.05705020712642,70.04651245231884,3.173256240905725,1289.4469121638351,1139.456970119715,1491.1421036608178,0
2026-01-01 03:00:00,WELL-006,PUMP-006,186.68037720069626,89.12837872103275,9.05396529233569,981.8884108070133,1083.0074996391452,1462.1226351695684,0
2026-01-01 04:00:00,WELL-006,PUMP-006,168.65047987606852,91.99324374605536,9.45530932839532,1063.341342610889,933.8571217248561,1464.9262352671788,1
2026-01-01 05:00:00,WELL-006,PUMP-006,167.5935043031127,79.31678257302354,2.461065806019765,1299.3450462990877,1274.4151335988115,1346.8030785198443,0
2026-01-01 06:00:00,WELL-006,PUMP-006,149.6385157725987,80.01289907135796,3.7183042605755676,1277.682752872864,1218.7978133218564,1490.452714454389,0
2026-01-01 07:00:00,WELL-006,PUMP-006,142.80722293911043,73.68437736519782,3.496051728012189,1348.4286178102802,1213.9027806391894,1417.1204858855099,0
2026-01-01 08:00:00,WELL-006,PUMP-006,153.6863107860912,73.03303781022132,4.038024667021222,1196.4507008704998,1302.5986351624238,1445.7664551250168,0
2026-01-01 09:00:00,WELL-006,PUMP-006,157.8678115245005,72.79801678444001,2.9730003205317588,1404.2150445192651,1116.8159962215645,1465.319140037123,0
2026-01-01 10:00:00,WELL-006,PUMP-006,146.05876117429278,83.4198601503467,2.8181982661064056,1296.9633939254268,1207.5035151310074,1448.7914286820896,0
2026-01-01 11:00:00,WELL-006,PUMP-006,158.3689048467806,84.4405543940626,4.704885161682462,1340.7776828388692,1154.020054613159,1450.085971752835,0
2026-01-01 12:00:00,WELL-006,PUMP-006,146.80777654760064,77.00215996928141,4.359133438264708,1213.2796431821673,1083.2915658784393,1369.4141467190573,0
2026-01-01 13:00:00,WELL-006,PUMP-006,139.9759734452103,79.09108958272824,2.4690776626723263,1212.2406261901333,1153.146464759754,1462.9000498834748,0
2026-01-01 14:00:00,WELL-006,PUMP-006,146.06989577870942,76.4976020970808,2.8615724436526566,1235.713418438862,1278.154671265229,1471.412719875843,0
2026-01-01 15:00:00,WELL-006,PUMP-006,156.25005752797006,80.72046347270647,4.9020478724149985,1189.6646304963883,1140.7866173527987,1452.666398292472,0
2026-01-01 16:00:00,WELL-006,PUMP-006,158.8253915103491,74.83990597756464,3.67439989586783,1276.2827803131158,1020.9500841100576,1370.5505198761111,0
2026-01-01 17:00:00,WELL-006,PUMP-006,154.43778642120736,69.66665631112619,1.375423312192063,1365.7261162801428,1178.5668758621498,1387.121653506984,0
2026-01-01 18:00:00,WELL-006,PUMP-006,150.50546935046205,76.2095749216075,2.561538941912432,1267.985338935318,1107.099811109482,1409.3765083853832,0
2026-01-01 19:00:00,WELL-006,PUMP-006,143.61994735616793,75.50577147349782,4.375329972389752,1260.6319989220337,1221.1721272861698,1455.1104499870653,0
2026-01-01 20:00:00,WELL-006,PUMP-006,154.96798052698188,88.71556436231873,3.0707974585432,1270.1785183935438,1288.4242567392741,1524.3079618509266,0
2026-01-01 21:00:00,WELL-006,PUMP-006,152.51107017699178,65.4461478216393,3.2630636123637426,1251.0716103776538,1170.1597891139108,1446.5780815587586,0
2026-01-01 22:00:00,WELL-006,PUMP-006,155.63036707000654,73.16068353151758,2.894478108537566,1427.499468602468,1231.0119110526032,1407.5966536557291,0
2026-01-01 23:00:00,WELL-006,PUMP-006,144.7816047640435,72.34052628568357,2.9949666392020466,1328.1333196181295,1050.3527721832834,1385.9233276263242,0
2026-01-02 00:00:00,WELL-006,PUMP-006,153.73057319346634,82.11129254288163,3.6319220854243675,1240.9623619240745,1193.5745033818755,1453.1596801925114,0
2026-01-02 01:00:00,WELL-006,PUMP-006,153.68022468093272,77.35955207587071,3.646439426295882,1243.1550526612914,1174.425061525595,1461.5083101789696,0
2026-01-02 02:00:00,WELL-006,PUMP-006,162.26227107814483,76.82355886604243,3.669961970087959,1330.5299705277212,1140.3116526297006,1497.7082257095462,0
2026-01-02 03:00:00,WELL-006,PUMP-006,189.65109696909312,91.18016804419187,10.605830299289433,963.8983777194654,1050.4552775507284,1426.9915015728538,1
2026-01-02 04:00:00,WELL-006,PUMP-006,152.25465201253206,78.25693356093419,3.92022168178861,1218.203266417229,1146.8403603305771,1527.6047503836025,0
2026-01-02 05:00:00,WELL-006,PUMP-006,148.99086760098146,76.63335460771084,2.938738756724776,1234.9920942978529,1214.5064867326878,1433.7289364313585,0
2026-01-02 06:00:00,WELL-006,PUMP-006,162.21927367011483,80.54733090977324,3.136569850010843,1293.0539157222008,1145.8875624723846,1357.9444133789966,0
2026-01-02 07:00:00,WELL-006,PUMP-006,158.37741324002397,74.71957136860662,4.197788528235105,1200.4103143500358,1229.4974312074594,1414.125069895779,0
2026-01-02 08:00:00,WELL-006,PUMP-006,147.49341926396696,72.28806868158853,4.382892599104128,1203.8529405064394,1194.8982824987743,1421.5183598228757,0
2026-01-02 09:00:00,WELL-006,PUMP-006,159.75954559386264,78.60178749196754,3.699567655369985,1151.6844074822486,1190.4910538554693,1479.8396888665407,0
2026-01-02 10:00:00,WELL-006,PUMP-006,143.1788407229148,81.04329054188217,3.8039693959538603,1269.5206103719615,1163.7465603571168,1375.8854088337964,0
2026-01-02 11:00:00,WELL-006,PUMP-006,149.34043232680676,78.4357015300149,2.8244775037129255,1378.5923639858743,1118.460473482462,1354.070528822035,0
2026-01-02 12:00:00,WELL-006,PUMP-006,160.910601388803,75.0312827048537,2.915188208769454,1410.1054365492928,1272.2443688408148,1441.024160688423,0
2026-01-02 13:00:00,WELL-006,PUMP-006,152.7530696386245,78.11799763526007,4.450230527383724,1276.3013481152846,1171.4141429784665,1409.0737597174968,0
2026-01-02 14:00:00,WELL-006,PUMP-006,150.23368812568592,76.67246604172672,2.7507881659057025,1323.3543563097471,1099.2223666377092,1387.509804636243,0
2026-01-02 15:00:00,WELL-006,PUMP-006,164.83067326001776,61.217686014546445,4.353557118673986,1288.951584892957,1188.301609613981,1441.2270782479118,0
2026-01-02 16:00:00,WELL-006,PUMP-006,140.25481270344582,80.97232402663833,2.6439574615733568,1211.5283432949102,1179.8200395420238,1470.55728487648,0
2026-01-02 17:00:00,WELL-006,PUMP-006,137.84105570099592,74.72303237258832,3.15563922015548,1250.7432054645355,1230.8146528153882,1524.6304973732017,0
2026-01-02 18:00:00,WELL-006,PUMP-006,175.86207678978226,95.5860776422585,10.010507311613491,1011.0307240938974,1047.307580340713,1486.9761742027454,1
2026-01-02 19:00:00,WELL-006,PUMP-006,143.5213923438891,68.39705350245089,4.846435107162048,1255.846570474196,1264.5779712857257,1395.160858529276,0
2026-01-02 20:00:00,WELL-006,PUMP-006,152.28225560933996,76.61010239827607,2.7957092017409453,1115.9327868358523,1138.7915232715607,1469.7855766208477,0
2026-01-02 21:00:00,WELL-006,PUMP-006,149.0350946429049,69.90075756258238,2.6379546570450136,1270.694326838659,1226.9417638277748,1393.0478555710956,0
2026-01-02 22:00:00,WELL-006,PUMP-006,149.6432106240382,71.47007417250545,4.201261350206672,1254.4184349184889,1155.6184123469195,1459.6184463518755,0
2026-01-02 23:00:00,WELL-006,PUMP-006,144.30290390630967,73.25385262292316,3.6997940478668703,1247.629253033314,1298.9342526677876,1455.1322551486887,0
2026-01-03 00:00:00,WELL-006,PUMP-006,146.754107986942,77.49707303969535,3.795514067723814,1276.2254972652788,1146.437841233468,1398.5966093767945,0
2026-01-03 01:00:00,WELL-006,PUMP-006,144.27019992461587,79.62508734061234,2.290759155882684,1357.756337539044,1024.6871321751048,1442.3136669651344,0
2026-01-03 02:00:00,WELL-006,PUMP-006,158.77379366103426,78.44054012202135,3.1676391896946545,1308.34958361038,1242.1336074366277,1441.966757581264,0
2026-01-03 03:00:00,WELL-006,PUMP-006,146.35119193750896,72.96887835313255,4.453796939506034,1236.920083301689,1204.6511834265366,1476.7859374170725,0
2026-01-03 04:00:00,WELL-006,PUMP-006,155.83874428091985,74.10335986063484,3.621071064422572,1218.1807772603574,1139.0850549064635,1516.9124815381037,0
2026-01-03 05:00:00,WELL-006,PUMP-006,140.62463253826508,72.42760951291169,3.022427131878526,1192.391838737689,1242.269457254001,1455.345710638497,0
2026-01-03 06:00:00,WELL-006,PUMP-006,143.4718154244304,70.75430176743504,3.367161045088943,1185.668984947145,1292.078307994749,1539.8508258248978,0
2026-01-03 07:00:00,WELL-006,PUMP-006,160.13474451440356,70.05033361711929,3.2080812374644747,1332.6639200043537,1162.594102150431,1424.6994855398216,0
2026-01-03 08:00:00,WELL-006,PUMP-006,168.3582810916347,94.49897270903827,5.994090261419052,1034.3783805091707,900.8521818523767,1460.3408180895701,0
2026-01-03 09:00:00,WELL-006,PUMP-006,129.77596328783608,70.82902953063109,3.318148353732792,1286.8262254705187,1064.475184709183,1400.8953796599892,0
2026-01-03 10:00:00,WELL-006,PUMP-006,181.59946837545934,95.66640758920668,9.116661503270102,1150.6464139272807,927.6521809356809,1450.7953809911946,1
2026-01-03 11:00:00,WELL-006,PUMP-006,157.6803134471634,73.10230551289037,3.4993102611172002,1324.3623125079573,1288.8736767632554,1434.1910373712192,0
2026-01-03 12:00:00,WELL-006,PUMP-006,144.42136273202033,73.49582356522484,3.1303111226644234,1218.5860277179133,1107.7721414490095,1405.5373918764542,0
2026-01-03 13:00:00,WELL-006,PUMP-006,150.8164092585028,76.24854403203712,3.1408728098983785,1376.9705961163506,1242.8833972627463,1427.273551380463,0
2026-01-03 14:00:00,WELL-006,PUMP-006,148.1489923400797,74.88661237256329,3.09794565570918,1322.9618936790644,1318.596385780342,1459.3080977790867,0
2026-01-03 15:00:00,WELL-006,PUMP-006,151.95421303176423,90.74448322523436,2.8889221820450457,1162.4451160745277,1163.0989857708557,1520.2344165663649,0
2026-01-03 16:00:00,WELL-006,PUMP-006,149.51451653438463,70.4567385904227,4.757696765630571,1211.7042895193645,1099.2438454001401,1445.3189340464694,0
2026-01-03 17:00:00,WELL-006,PUMP-006,156.5763875229766,83.30964885173637,3.116786095613718,1286.3524447457135,1190.973016962574,1478.6132686450826,0
2026-01-03 18:00:00,WELL-006,PUMP-006,156.59907230183026,70.63473720161386,3.2051537499862626,1357.7184476444825,1289.1819363098775,1392.6467200140462,0
2026-01-03 19:00:00,WELL-006,PUMP-006,154.473596827527,69.72956560085399,3.694542380759807,1325.6583290120186,1226.7600611758996,1427.0084218967686,0
2026-01-03 20:00:00,WELL-006,PUMP-006,161.17172560364585,64.61420170349587,3.97835137912402,1126.8756062743626,1265.9829397381122,1418.1487195063569,0
2026-01-03 21:00:00,WELL-006,PUMP-006,145.531155769294,72.90487207579852,3.0124117664665695,1419.3745231991818,1144.930658223304,1402.2394095150153,0
2026-01-03 22:00:00,WELL-006,PUMP-006,150.92496632337148,70.17064182872451,3.7559235740159256,1369.2114876706783,1169.6011209569592,1456.5075530992792,0
2026-01-03 23:00:00,WELL-006,PUMP-006,162.75222778453812,79.95480806196326,4.149168906627949,1324.013143430769,1130.291984672071,1463.2503634617528,0
2026-01-04 00:00:00,WELL-006,PUMP-006,158.75658632976453,80.66421105856448,4.163188340895973,1253.5601665855388,1129.8663840470672,1459.5681127055805,0
2026-01-04 01:00:00,WELL-006,PUMP-006,157.75346389889813,78.66759231235608,3.7078785367286087,1182.3093673160722,1250.7672830102808,1410.3269265184422,0
2026-01-04 02:00:00,WELL-006,PUMP-006,140.8055633808787,80.15707953217004,3.693101114013662,1187.4913843506442,1228.3949466756367,1420.4819154097336,0
2026-01-04 03:00:00,WELL-006,PUMP-006,151.11059805713072,75.96687605283932,3.405491607325949,1192.1829705291373,1258.867367560109,1417.8642338944867,0
2026-01-04 04:00:00,WELL-006,PUMP-006,157.2091490442338,83.11930706161071,4.492181129617915,1207.219935632727,1166.805919816882,1429.436003783473,0
2026-01-04 05:00:00,WELL-006,PUMP-006,140.14825463657053,73.77957180720723,4.76920593149731,1246.0660972583557,1327.0641297464438,1448.329790949856,0
2026-01-04 06:00:00,WELL-006,PUMP-006,157.25318708647427,76.40145645982953,3.6754905127653776,1221.0078053049535,1163.7685417457137,1401.9994738906087,0
2026-01-04 07:00:00,WELL-006,PUMP-006,136.54548436906913,78.62619925248134,2.6819938355568054,1362.9337651084275,1204.9215752510395,1497.9704998428547,0
2026-01-04 08:00:00,WELL-006,PUMP-006,157.4301402806062,72.80960675948232,3.93236632920736,1067.193240426452,1087.5582597177379,1514.6204465234364,0
2026-01-04 09:00:00,WELL-006,PUMP-006,138.0933966918517,74.35415118417758,3.333657980871932,1239.0711477225918,1104.8605340404758,1391.319795016691,0
2026-01-04 10:00:00,WELL-006,PUMP-006,160.87791404029616,77.12274299859834,3.774602966716152,1343.2125699115618,1152.7861874699292,1386.9061278320758,0
2026-01-04 11:00:00,WELL-006,PUMP-006,162.60545517780236,78.51102156961306,4.073677424775954,1168.3294638406792,1235.1004334927575,1495.1038122215882,0
2026-01-04 12:00:00,WELL-006,PUMP-006,167.698243548812,89.3858567649224,7.560603434062587,993.2170802451984,976.2879694998319,1409.7993501022877,0
2026-01-04 13:00:00,WELL-006,PUMP-006,143.5684929861827,78.9892591273915,2.6911794490729823,1257.9383698704858,1189.2755667789527,1359.460021084016,0
2026-01-04 14:00:00,WELL-006,PUMP-006,147.75817454320995,72.20640873073008,3.4250864557354967,1310.122673692266,1051.9067297185622,1461.50826610036,0
2026-01-04 15:00:00,WELL-006,PUMP-006,146.1054250198536,71.65551754135393,3.30068137031484,1364.0987406463812,1220.0907723530875,1393.4455127415579,0
2026-01-04 16:00:00,WELL-006,PUMP-006,146.97901742722155,71.82580437855538,3.1643903121174097,1146.1899570255339,1234.9341821368837,1498.3708175597346,0
2026-01-04 17:00:00,WELL-006,PUMP-006,144.1323032706483,70.55018721721429,3.334320748111301,1162.90978234611,1188.472371495192,1439.7174044073306,0
2026-01-04 18:00:00,WELL-006,PUMP-006,143.2904740436519,75.75904856907756,3.887690653613675,1174.8169353332075,1189.8991880799701,1510.682292709824,0
2026-01-04 19:00:00,WELL-006,PUMP-006,163.7810212856364,59.94738741843241,3.913629525785375,1237.2513140194828,1120.514349788394,1490.0564291955977,0
2026-01-04 20:00:00,WELL-006,PUMP-006,143.54550437054692,77.11531720562326,3.941518246257161,1229.4491816716989,1079.740575998759,1466.9981895378457,0
2026-01-04 21:00:00,WELL-006,PUMP-006,172.5760019987072,80.39325972979863,4.190077207036179,1133.177127515295,1130.4967924494579,1453.734081972712,0
2026-01-04 22:00:00,WELL-006,PUMP-006,153.34291220959554,70.70106179014252,2.6027706905307646,1120.121722019505,1179.7734190486447,1529.7051160004658,0
2026-01-04 23:00:00,WELL-006,PUMP-006,170.7151177391124,75.72343065262518,3.8457156501970533,1361.9922752935647,1269.4343344865467,1475.5366033067946,0
2026-01-05 00:00:00,WELL-006,PUMP-006,159.4295678777541,65.57834990523577,3.3579536914088455,1194.5042626329039,1261.9791312490306,1434.637475576631,0
2026-01-05 01:00:00,WELL-006,PUMP-006,157.40643713276847,74.59043852137196,4.548193818905298,1204.4750887322741,1045.7517136741385,1340.894935289952,0
2026-01-05 02:00:00,WELL-006,PUMP-006,156.79176236908228,70.8609556027095,3.30390239269003,1162.9988789105855,1251.3883668669328,1474.2261511472814,0
2026-01-05 03:00:00,WELL-006,PUMP-006,143.11409609221516,81.77105462622542,3.327375766670314,1219.2997615269592,1327.8129252892581,1476.1383371183358,0
2026-01-05 04:00:00,WELL-006,PUMP-006,159.89662357199063,78.29560237084424,2.843674468831858,1211.6378368013338,1130.8787261327718,1437.1362554928523,0
2026-01-05 05:00:00,WELL-006,PUMP-006,156.5772514612573,76.33605327572528,3.205265351229732,1303.9604026523857,1160.7372293829558,1433.5964814817662,0
2026-01-05 06:00:00,WELL-006,PUMP-006,139.4878666913583,76.02379127411675,3.294812408409525,1338.9453460452041,1160.7413619763038,1472.9471079151272,0
2026-01-05 07:00:00,WELL-006,PUMP-006,157.86542784799218,75.06195038097003,3.626523415106309,1333.6642332559613,1146.5815637881528,1381.2800375762936,0
2026-01-05 08:00:00,WELL-006,PUMP-006,160.64106646350274,77.54987370354198,4.442177307992985,1053.2266282342673,1301.3903616929106,1419.642351684881,0
2026-01-05 09:00:00,WELL-006,PUMP-006,123.31278760424723,81.41944391635134,2.8841395336184688,1209.3846417293291,1168.0585134646951,1470.3709017325987,0
2026-01-05 10:00:00,WELL-006,PUMP-006,157.30992592669466,78.38190859851898,3.6015001248971186,1297.9119687776613,1270.624331261809,1480.1250484904433,0
2026-01-05 11:00:00,WELL-006,PUMP-006,156.69767589382946,78.61899708222211,3.1913499430060837,1322.8393705554956,1098.712888326375,1503.8679904931137,0
2026-01-05 12:00:00,WELL-006,PUMP-006,184.71873886078995,87.41964505119402,8.750818668930567,1103.1034404501056,1112.6378440621006,1467.7523835727548,0
2026-01-05 13:00:00,WELL-006,PUMP-006,145.78954211460075,68.01392877037705,3.1107071818689227,1153.1613928046472,1230.3279027525473,1524.0097259619602,0
2026-01-05 14:00:00,WELL-006,PUMP-006,147.0336285296038,86.14077216674825,3.402483221194246,1276.8174676973897,1246.0638149359525,1496.2288932931426,0
2026-01-05 15:00:00,WELL-006,PUMP-006,149.83786493489896,79.63438349730453,2.984885543945321,1284.6922131327394,1218.2541095354413,1373.1439388652866,0
2026-01-05 16:00:00,WELL-006,PUMP-006,131.2154528231934,74.9713857954754,3.377083619437169,1429.197215378516,1051.7844139900462,1404.9448356507821,0
2026-01-05 17:00:00,WELL-006,PUMP-006,144.48401351834434,71.51004189730865,3.4346112611804642,1306.2444161272047,1191.2091806932422,1412.0735650642703,0
2026-01-05 18:00:00,WELL-006,PUMP-006,131.42811726337936,74.87115322061372,3.139785983441856,1331.303035420531,1302.8717749443313,1433.4473915624822,0
2026-01-05 19:00:00,WELL-006,PUMP-006,154.89216874963302,80.54498559561836,3.5699664773793636,1040.387424972199,1184.8721451546746,1460.0606485429905,0
2026-01-05 20:00:00,WELL-006,PUMP-006,149.44624473646786,68.36782586346001,3.33767795770324,1299.860433876678,1171.4060002019232,1495.1162880565194,0
2026-01-05 21:00:00,WELL-006,PUMP-006,147.26191788074863,77.6182228501794,3.441817689398815,1170.7888886604615,1219.6829872977157,1413.0571249345403,0
2026-01-05 22:00:00,WELL-006,PUMP-006,144.25489872989817,71.92303837122562,4.131841830556947,1261.856237490232,1130.8091054200895,1450.882090436751,0
2026-01-05 23:00:00,WELL-006,PUMP-006,147.0747882492095,76.4787389323506,3.836178500919105,1370.3149396933009,1066.1980192372728,1463.171888432536,0
2026-01-06 00:00:00,WELL-006,PUMP-006,151.4043379506812,79.37752524922205,3.445166196769843,1165.743488316587,1172.3991086753726,1479.9046136388727,0
2026-01-06 01:00:00,WELL-006,PUMP-006,153.68452702881234,67.09128393582728,4.845458694476563,1231.7936544518525,1145.8269535351294,1436.7124379556078,0
2026-01-06 02:00:00,WELL-006,PUMP-006,143.5732641976762,84.15234237499388,4.803195925696575,1221.7035966195533,1186.4203264823857,1440.6078589968104,0
2026-01-06 03:00:00,WELL-006,PUMP-006,148.91832389495877,74.2853988387131,3.624361251878129,1288.811447651859,1229.5614837107416,1549.152127917526,0
2026-01-06 04:00:00,WELL-006,PUMP-006,139.54542927071083,83.7913607893764,3.764148818126239,1184.1320369309892,1163.1075028443502,1435.551137086692,0
2026-01-06 05:00:00,WELL-006,PUMP-006,159.51740158548017,82.27100006137911,2.4129032345266417,1135.6897636376925,1256.8068106091648,1493.4914492700018,0
2026-01-06 06:00:00,WELL-006,PUMP-006,159.86334869341985,73.31628484976052,3.988603888740724,1489.775863337531,1187.3611987295849,1418.367587427999,0
2026-01-06 07:00:00,WELL-006,PUMP-006,155.3852746823545,78.29310904374375,3.2450954103419463,1168.346581607856,1127.655187219691,1395.8116781581255,0
2026-01-06 08:00:00,WELL-006,PUMP-006,157.2253407359582,64.94009317147149,2.461205252674211,1210.081700555529,1200.0804689973545,1516.2631801563693,0
2026-01-06 09:00:00,WELL-006,PUMP-006,147.9128618441056,75.3054881764455,3.02772586980784,1288.46526185513,1122.3257814901128,1453.938311481867,0
2026-01-06 10:00:00,WELL-006,PUMP-006,143.56585662840467,75.8252031826887,3.595129791895786,1344.0363209871307,1067.6056617856048,1446.197554615148,0
2026-01-06 11:00:00,WELL-006,PUMP-006,157.22567467304984,70.31502885539979,3.7737878347752147,1293.3141704460163,1132.9904438399594,1372.8809695776868,0
2026-01-06 12:00:00,WELL-006,PUMP-006,139.79303200078462,74.83262594836548,3.905098640592976,1011.9174020792381,1272.591998231585,1456.5556098089216,0
2026-01-06 13:00:00,WELL-006,PUMP-006,155.64028085867702,69.18230079721891,3.1247385188002257,1332.3573606580796,1112.7623796486037,1469.7659026660426,0
2026-01-06 14:00:00,WELL-006,PUMP-006,163.74064164035454,78.19681421743314,5.2082057533745845,1212.591237326622,1129.2728051822387,1442.8586680702424,0
2026-01-06 15:00:00,WELL-006,PUMP-006,154.7957113490014,77.85714809123242,2.9141440449850764,1255.4031823255957,1182.61345539775,1448.604153801626,0
2026-01-06 16:00:00,WELL-006,PUMP-006,164.08502427699594,70.79782618665146,3.264803825127371,1183.9990481275051,1193.0971076055591,1423.0825271244512,0
2026-01-06 17:00:00,WELL-006,PUMP-006,151.07968845532343,75.65658416580027,3.8747603109344335,1461.282462292998,1266.0517484335583,1431.8854948011024,0
2026-01-06 18:00:00,WELL-006,PUMP-006,142.82824449799838,80.98130494153438,4.0479683708241705,1295.4681718834115,1235.525800246707,1412.7189766413912,0
2026-01-06 19:00:00,WELL-006,PUMP-006,145.27761691862722,72.08278111769458,3.5786908656502647,1229.816821730351,1242.1723022909446,1436.1332989899668,0
2026-01-06 20:00:00,WELL-006,PUMP-006,166.7939961540407,71.46888322965961,3.5412570505068697,1334.3346531709847,1246.5894172213573,1433.6092344880321,0
2026-01-06 21:00:00,WELL-006,PUMP-006,149.15912101509528,70.97812802099082,4.537428353715578,1375.7574388310095,1167.0024285471002,1468.63193193816,0
2026-01-06 22:00:00,WELL-006,PUMP-006,134.01115546755594,70.84339295437192,3.9763674821793034,1355.9008430409815,1227.9890854252028,1477.731610032034,0
2026-01-06 23:00:00,WELL-006,PUMP-006,152.29727607596942,74.79541694822674,3.9208648302903097,1175.5672812847827,1273.4091829681913,1457.1603853886497,0
2026-01-07 00:00:00,WELL-006,PUMP-006,156.9929126545429,78.6772164310208,2.2931052047229077,1324.3351649238168,1171.0744414763592,1427.8036752782555,0
2026-01-07 01:00:00,WELL-006,PUMP-006,145.56074504009067,72.55076288434081,5.082861605605094,1270.6776548297778,1214.543762328032,1376.566723667041,0
2026-01-07 02:00:00,WELL-006,PUMP-006,159.2066771974749,74.5680750782425,3.4673892353598785,1176.6377577007368,1070.7830615712398,1542.7331066929792,0
2026-01-07 03:00:00,WELL-006,PUMP-006,143.8293908675411,71.19011384146675,4.044504237782376,1277.4227235059168,1101.0106869642862,1520.8101661041983,0
2026-01-07 04:00:00,WELL-006,PUMP-006,148.74218626487104,79.68407158461333,3.7780669628696373,1255.8151570428347,1177.4869091679925,1467.2635254806144,0
2026-01-07 05:00:00,WELL-006,PUMP-006,142.46389335905147,67.72402502103239,3.2283290290178077,1208.2515633682276,1190.3245539257935,1557.302134033681,0
2026-01-07 06:00:00,WELL-006,PUMP-006,136.42833476442823,68.5059822297407,3.9539564711038593,1233.6171793915412,1269.984086479629,1389.7592829531272,0
2026-01-07 07:00:00,WELL-006,PUMP-006,162.69780603060445,70.15934495373816,2.875604252349691,1177.296522624354,1204.1725580229227,1452.6715876327717,0
2026-01-07 08:00:00,WELL-006,PUMP-006,145.27954661177554,67.60067547245593,3.667075273668446,1426.899436022605,1152.9111130589617,1528.4620590642355,0
2026-01-07 09:00:00,WELL-006,PUMP-006,149.9200375009773,70.61298992006992,3.7389072728091857,1084.8590182043663,1107.4679794888552,1513.9172100827966,0
2026-01-07 10:00:00,WELL-006,PUMP-006,170.157661165163,75.67453558169063,3.1433517808532163,1158.3945666813968,1052.1869234121177,1468.1792136923095,0
2026-01-07 11:00:00,WELL-006,PUMP-006,155.03536997666745,74.96844818167635,4.364359935247633,1316.3313184446708,1155.7866694457198,1447.522699110224,0
2026-01-07 12:00:00,WELL-006,PUMP-006,143.3031493860247,76.41738302009492,4.008990331822764,1243.8168399880494,1166.8066226773856,1378.556692477517,0
2026-01-07 13:00:00,WELL-006,PUMP-006,153.77666076219367,77.2599505047226,3.094762107815682,1354.1189555404796,1165.5140138332422,1420.580132638213,0
2026-01-07 14:00:00,WELL-006,PUMP-006,167.02334459805806,71.27563607361863,2.792289526015693,1260.5847216550828,1334.584378503791,1354.4517032203898,0
2026-01-07 15:00:00,WELL-006,PUMP-006,150.8985468796932,74.84388520588065,2.545205235966877,1270.910325282784,1154.859066863708,1434.546598888182,0
2026-01-07 16:00:00,WELL-006,PUMP-006,149.6425087884785,73.05627353164249,3.2179728889070787,1275.640513007891,1052.5538354760488,1438.5454948308422,0
2026-01-07 17:00:00,WELL-006,PUMP-006,148.6340392933227,68.40657469536903,3.7481424897851623,1457.470859635948,1144.5599357749747,1481.130116908641,0
2026-01-07 18:00:00,WELL-006,PUMP-006,151.11745572228185,82.26698552907338,3.2664733128819416,1243.5230860210581,1250.7259595133232,1467.043539567314,0
2026-01-07 19:00:00,WELL-006,PUMP-006,149.2198141945444,85.85442202429215,3.9188295549888936,1330.9188235653278,1180.459867456114,1465.5422752757638,0
2026-01-07 20:00:00,WELL-006,PUMP-006,148.41234848364772,65.85452793039391,2.4924751459677292,1328.0085714631048,1128.7332078083443,1404.6251809632004,0
2026-01-07 21:00:00,WELL-006,PUMP-006,144.46174024491427,74.80538522909953,2.9994770199413203,1363.8449287207002,1194.5743576068187,1380.224265681356,0
2026-01-07 22:00:00,WELL-006,PUMP-006,149.34446014086535,84.68692120589692,3.9386225152313212,1318.1953011857074,1168.3822114543552,1461.0072595175639,0
2026-01-07 23:00:00,WELL-006,PUMP-006,152.6461031460673,74.2538169258414,3.717262865994372,1235.141829510628,1159.6970818631376,1376.8983595454965,0
2026-01-08 00:00:00,WELL-006,PUMP-006,173.50550453724617,71.66690361252638,3.0945730819047848,1305.5277397449406,1138.3381700647374,1435.4296819325552,0
2026-01-08 01:00:00,WELL-006,PUMP-006,145.45218535887614,71.25936942025379,3.3028479318208874,1308.8897865901301,1040.7113544811668,1514.7324962160346,0
2026-01-08 02:00:00,WELL-006,PUMP-006,140.6217400247764,66.25643481290639,3.3152624209769317,1305.5216069648593,1269.7475873998558,1422.6356058397314,0
2026-01-08 03:00:00,WELL-006,PUMP-006,146.6956120893214,81.60662430689986,3.5214985666485963,1356.2403908617184,1112.9842657798688,1396.0101927058547,0
2026-01-08 04:00:00,WELL-006,PUMP-006,147.59024684757455,73.30536184325429,3.5849355601374766,1306.2525053135694,1154.2585091706824,1469.7848753304002,0
2026-01-08 05:00:00,WELL-006,PUMP-006,143.92605854458782,75.05579455811785,3.2431689295108503,1185.6993508535988,1174.4180764571636,1440.4571944753966,0
2026-01-08 06:00:00,WELL-006,PUMP-006,143.73209497323302,70.58701356928243,3.965459231169635,1163.343865345232,1157.6617337211467,1500.7671393135497,0
2026-01-08 07:00:00,WELL-006,PUMP-006,141.29811423901378,72.13048931477911,4.116388403582003,1121.9676481176032,1281.1297619166364,1394.492017817733,0
2026-01-08 08:00:00,WELL-006,PUMP-006,142.00042378565294,81.58691958969911,4.82406963476906,1115.0775952247732,1104.067049608883,1488.6565931901612,0
2026-01-08 09:00:00,WELL-006,PUMP-006,142.55396519800095,78.88265303618894,2.778125244950728,1236.6298511808639,1092.4488918478896,1456.1974223292666,0
2026-01-08 10:00:00,WELL-006,PUMP-006,162.72753086843284,71.69834368599942,3.7954900908467732,1212.3461484014256,1136.922888316624,1354.4872909359474,0
2026-01-08 11:00:00,WELL-006,PUMP-006,138.17242063783334,79.82839978138024,2.575060296887079,1177.738903591561,1060.9255010351528,1498.158236267717,0
2026-01-08 12:00:00,WELL-006,PUMP-006,141.17365805740297,76.24231210565645,2.8771164289931375,1193.4311134965433,1204.7787352869705,1328.5443831416676,0
2026-01-08 13:00:00,WELL-006,PUMP-006,144.20950561698368,77.96349040454116,3.406706524716565,1285.3392342534794,1254.1789080062897,1392.8454315582817,0
2026-01-08 14:00:00,WELL-006,PUMP-006,161.0942452582817,71.58628577597882,3.6779503022904816,1284.1254329426943,1228.6687250176565,1506.3640561716036,0
2026-01-08 15:00:00,WELL-006,PUMP-006,149.59418658802338,76.76518191782533,3.45954260219435,1190.3085037169303,1176.3860783584832,1444.3094723840304,0
2026-01-08 16:00:00,WELL-006,PUMP-006,158.87497255567428,69.30408937868125,3.3155778081816614,1349.51535399729,1202.9606802588385,1466.976497413183,0
2026-01-08 17:00:00,WELL-006,PUMP-006,141.52973247259834,69.53279787140721,3.7688832364440246,1283.661055815337,1245.1050721511563,1364.477882493592,0
2026-01-08 18:00:00,WELL-006,PUMP-006,150.34325860934152,74.98657137068379,3.1889386208734978,1203.6115854829338,1104.5145085343595,1474.1332513020652,0
2026-01-08 19:00:00,WELL-006,PUMP-006,144.01131877861366,72.94085701337649,2.9953253646966256,1237.2607080790433,1127.4394208013864,1380.917544510348,0
2026-01-08 20:00:00,WELL-006,PUMP-006,147.7903169503974,82.05773352746218,3.8049603928780096,1383.0164812802798,1268.1331502844732,1405.6418705818573,0
2026-01-08 21:00:00,WELL-006,PUMP-006,161.77059469372767,82.42765364508918,2.913934131300067,1373.846204386469,1157.0375286626788,1489.9218413941826,0
2026-01-08 22:00:00,WELL-006,PUMP-006,136.6816879885379,81.71397657710853,3.3300242243493727,1353.3064583251967,1093.795029594488,1504.1312460501106,0
2026-01-08 23:00:00,WELL-006,PUMP-006,161.96161019543038,67.16400031786415,4.047839881661634,1396.5888407491955,1168.1432793578997,1430.345680810366,0
2026-01-09 00:00:00,WELL-006,PUMP-006,165.68574265630963,88.36078371314007,4.43760110313841,1288.25791521301,1156.3575677108645,1410.0907053051517,0
2026-01-09 01:00:00,WELL-006,PUMP-006,172.36943587777867,91.87999208853277,7.678681777122719,1121.3572762625063,1112.368461035018,1495.761098125221,0
2026-01-09 02:00:00,WELL-006,PUMP-006,146.9778722128609,73.78880327160466,3.467317449741373,1248.0077850909745,1227.181729758087,1361.8591888911892,0
2026-01-09 03:00:00,WELL-006,PUMP-006,142.13298621641056,70.23800807434763,3.3028680489258213,1241.3332122104564,1282.1285871782288,1463.4711726027451,0
2026-01-09 04:00:00,WELL-006,PUMP-006,148.98562900703436,82.3675192751496,3.542964597360333,1093.5743843336807,1352.0870663979365,1452.3091301095137,0
2026-01-09 05:00:00,WELL-006,PUMP-006,145.43162737700527,85.23825951948425,2.687730343525111,1299.9951592252703,1081.4952230347067,1434.0716665969583,0
2026-01-09 06:00:00,WELL-006,PUMP-006,137.65124649246368,74.66214536105676,3.5568769758056424,1230.201919356721,1052.5378417180002,1464.5397903614878,0
2026-01-09 07:00:00,WELL-006,PUMP-006,156.48475978518874,72.15547573455288,4.157524072986096,1276.7646107630303,1165.333013293806,1420.498701545459,0
2026-01-09 08:00:00,WELL-006,PUMP-006,141.23380853512043,77.77850869769792,2.7115706941063404,1186.0977021841397,1069.4586870604287,1507.591128110969,0
2026-01-09 09:00:00,WELL-006,PUMP-006,146.67639613569,68.31834055392278,2.336720054371053,1159.1644644530302,1224.9732112600832,1386.4227963936617,0
2026-01-09 10:00:00,WELL-006,PUMP-006,144.57755779402183,74.75263432338181,4.680821143584909,1154.4814183966005,1045.5117294574907,1423.19528287909,0
2026-01-09 11:00:00,WELL-006,PUMP-006,160.5364694237389,74.09132877573191,3.528733269605129,1227.4649343368696,1160.7617335359942,1468.5251005414045,0
2026-01-09 12:00:00,WELL-006,PUMP-006,144.02921685282496,79.14866940493684,3.216479608830785,1154.5671616586735,1247.3330966359802,1436.1798758380999,0
2026-01-09 13:00:00,WELL-006,PUMP-006,156.96836234516175,63.09004363431671,3.3529609477740436,1161.8326435525953,1190.06162064746,1429.108824059531,0
2026-01-09 14:00:00,WELL-006,PUMP-006,149.81218338248976,71.49762780132636,3.447907574427226,1293.435140960391,1022.0510271154992,1478.9099153893544,0
2026-01-09 15:00:00,WELL-006,PUMP-006,150.44996270058544,67.98166346974736,2.4988223440995285,1214.3887589894928,1145.8087736062944,1406.079976133035,0
2026-01-09 16:00:00,WELL-006,PUMP-006,150.49646611764317,78.24123271683705,3.6045208054154427,1218.4919571101502,1182.8807188482215,1446.2253814276833,0
2026-01-09 17:00:00,WELL-006,PUMP-006,160.30568376852867,79.1907344844858,3.6431345189250828,1215.3254689887885,1152.8567354028644,1406.1111346782095,0
2026-01-09 18:00:00,WELL-006,PUMP-006,154.15213584512543,75.01596424196526,3.4711610937357116,1179.5708229306724,1192.0373976000903,1421.1042237013787,0
2026-01-09 19:00:00,WELL-006,PUMP-006,145.6049329284004,71.30244714352973,3.092019983040785,1290.2663019076454,1173.227541626875,1428.5789134999982,0
2026-01-09 20:00:00,WELL-006,PUMP-006,143.45598199744148,80.46892631763721,2.9676986906569978,1301.405943132373,1061.1134098248453,1435.5538993718626,0
2026-01-09 21:00:00,WELL-006,PUMP-006,155.97053218047301,78.8325188350279,3.9705021042346855,1252.3097984139574,1118.4090716702935,1409.9829683982025,0
2026-01-09 22:00:00,WELL-006,PUMP-006,146.11590518960452,75.64935333632575,2.5424852120200847,1359.5843636154073,1232.9490183636713,1480.3741780008404,0
2026-01-09 23:00:00,WELL-006,PUMP-006,143.30929200268298,79.14611792818556,3.8123364775063218,1246.838676621475,1110.459648060682,1413.778011994836,0
2026-01-10 00:00:00,WELL-006,PUMP-006,154.950306481089,75.40447212490858,2.560716102611505,1319.2105672927987,1273.0554793850085,1523.7769477084305,0
2026-01-10 01:00:00,WELL-006,PUMP-006,153.28121254170875,69.8097570928767,3.3031344269838554,1246.1922203905194,1198.932445611139,1451.09907763218,0
2026-01-10 02:00:00,WELL-006,PUMP-006,145.56628037850524,76.67017564478246,3.8093685804712574,1118.1554397281027,1277.7804725136614,1473.5456531778975,0
2026-01-10 03:00:00,WELL-006,PUMP-006,156.38769071182307,75.90635579757027,2.5966571953881896,1229.0268863899887,1156.5473475587153,1393.3462413453922,0
2026-01-10 04:00:00,WELL-006,PUMP-006,151.5717500082341,70.46121656262817,3.1066368158923274,1209.5903371696324,1281.3002079509188,1475.6884167200885,0
2026-01-10 05:00:00,WELL-006,PUMP-006,142.9784278918675,75.85399451966902,3.3861330202592113,1290.509077684965,1120.07246431405,1454.5041738770053,0
2026-01-10 06:00:00,WELL-006,PUMP-006,153.93858451129873,87.03262934291104,2.0656653169878547,1281.9559313756886,1334.3349926384806,1424.5106076564757,0
2026-01-10 07:00:00,WELL-006,PUMP-006,158.48833487346863,76.42442949857659,3.5351623637154317,1340.3125276701778,1268.8146411889688,1380.6719970609502,0
2026-01-10 08:00:00,WELL-006,PUMP-006,148.3410303445101,71.44829881665453,4.0079789726198936,1289.0410172321494,1242.7154223757825,1545.5211920186962,0
2026-01-10 09:00:00,WELL-006,PUMP-006,143.18133057237512,74.26311887401091,3.4547886552442657,1291.1712191984927,1207.171762340376,1552.5198325555755,0
2026-01-10 10:00:00,WELL-006,PUMP-006,148.40258158514828,83.54527591661791,2.981645177704743,1269.5727063731526,1126.415948210475,1455.423407241938,0
2026-01-10 11:00:00,WELL-006,PUMP-006,158.37440722793076,75.73659429515698,2.938761644010624,1317.2454158233338,1192.576622721011,1497.6409388611728,0
2026-01-10 12:00:00,WELL-006,PUMP-006,151.87498210670722,73.91577030717227,3.408825262665301,1277.1019859119688,1177.546667137459,1506.9754542601916,0
2026-01-10 13:00:00,WELL-006,PUMP-006,159.82492235024742,80.62965165317028,3.242942939146654,1147.3531650898847,1149.8174195755298,1426.5761174634044,0
2026-01-10 14:00:00,WELL-006,PUMP-006,152.4816650899613,74.38092328702199,3.1173105401367,1416.8149574718063,1009.8347147089155,1406.8317619115687,0
2026-01-10 15:00:00,WELL-006,PUMP-006,154.61084814091046,63.28876564796351,4.455711238623192,1263.64528214161,1275.2206495064938,1405.7014958762936,0
2026-01-10 16:00:00,WELL-006,PUMP-006,149.1423623032148,77.15804261438299,4.3415276133323495,1349.9675946589696,1190.6144345585722,1402.8712284004503,0
2026-01-10 17:00:00,WELL-006,PUMP-006,165.63730034769992,68.77781976125652,3.4451712437432342,1320.438504073129,1182.1992231426586,1458.2549775746613,0
2026-01-10 18:00:00,WELL-006,PUMP-006,154.84200846952746,70.65912490363667,3.482990946764243,1198.1321056792995,1164.9120685070843,1393.230035740657,0
2026-01-10 19:00:00,WELL-006,PUMP-006,140.10196013700298,74.24291966006787,3.071232312725422,1142.9326539742449,1189.7417923212834,1414.485898142446,0
2026-01-10 20:00:00,WELL-006,PUMP-006,148.85263981145204,71.7859028454043,2.443411868094577,1177.094618763034,1041.7820751192035,1487.005866084056,0
2026-01-10 21:00:00,WELL-006,PUMP-006,146.11090826520933,77.14029373825582,3.567402769239426,1441.3498711565828,1256.08409324523,1403.44210749217,0
2026-01-10 22:00:00,WELL-006,PUMP-006,166.50546735452463,73.60715950688257,4.047268866263395,1275.207218677566,1180.158988925586,1448.126128598652,0
2026-01-10 23:00:00,WELL-006,PUMP-006,150.56985117967213,70.4793057844926,3.176884127858913,1371.2141114754845,1171.2377555793596,1553.5585651266556,0
2026-01-11 00:00:00,WELL-006,PUMP-006,143.3116047912087,67.53210717437017,4.2803901226215455,1143.0886617341268,1220.7950097822484,1550.7097161177257,0
2026-01-11 01:00:00,WELL-006,PUMP-006,147.71388227170914,69.41854914849431,3.664958468642052,1266.355613641854,1157.4126474500024,1457.4265507820753,0
2026-01-11 02:00:00,WELL-006,PUMP-006,143.75295671276274,69.52609904990524,3.857908288863163,1197.3691319450104,1263.7183356352687,1529.4583621620818,0
2026-01-11 03:00:00,WELL-006,PUMP-006,147.40742252958574,67.29483465449769,4.343033351361736,1359.655679112398,1132.9616692652553,1496.059451891228,0
2026-01-11 04:00:00,WELL-006,PUMP-006,165.2414792817887,71.65164770131467,3.884386505457695,1244.9411541386035,1217.5657244394133,1400.829010382951,0
2026-01-11 05:00:00,WELL-006,PUMP-006,146.28962184280095,77.02514802222096,2.918432480993381,1317.5191401695358,1242.9329072985988,1569.8511959100592,0
2026-01-11 06:00:00,WELL-006,PUMP-006,156.10263316468732,77.63674117640538,3.8494985767572514,1154.1234165120957,1261.5281666490225,1463.6457057616628,0
2026-01-11 07:00:00,WELL-006,PUMP-006,151.40330913461128,76.73533136100139,2.6256171386086784,1283.8766665464311,1217.1296424782668,1430.0830688655624,0
2026-01-11 08:00:00,WELL-006,PUMP-006,163.0051834930166,75.98061252694121,3.872484596504244,1347.2851869148947,1249.8767374081237,1512.8385298736666,0
2026-01-11 09:00:00,WELL-006,PUMP-006,148.53346526381358,69.53115799887246,3.930301984767974,1204.8511660252773,1075.1498927654372,1423.0444669649175,0
2026-01-11 10:00:00,WELL-006,PUMP-006,157.46576412464225,71.94317176317836,4.363448216675607,1263.2995035983433,1184.4871240433927,1360.5149363723679,0
2026-01-11 11:00:00,WELL-006,PUMP-006,156.89319089858523,78.46758832112702,2.646754803544504,1296.8653837973961,1201.4519424454697,1437.0126308300846,0
2026-01-11 12:00:00,WELL-006,PUMP-006,154.13356427301028,68.56235412970395,2.7784927754174715,1235.2170633001551,1054.7509636015814,1463.044854302856,0
2026-01-11 13:00:00,WELL-006,PUMP-006,169.29901323139077,70.57705526595252,3.4302696420491676,1206.9737304107982,1214.9480939907164,1423.9058293147477,0
2026-01-11 14:00:00,WELL-006,PUMP-006,182.00306141883652,87.71083233507999,5.916586681864668,1015.8485664172067,1059.0430670035757,1343.6345229412677,0
2026-01-11 15:00:00,WELL-006,PUMP-006,138.25489498706992,80.98326267469739,2.0997416556475117,1298.9821591045397,1229.143533870201,1534.2583566023904,0
2026-01-11 16:00:00,WELL-006,PUMP-006,161.0258387733612,80.266435669762,4.043768672105612,1225.0538357700357,1157.0674731735521,1467.2971833990034,0
2026-01-11 17:00:00,WELL-006,PUMP-006,163.57689184378506,72.75762384505542,3.5133139631640127,1359.0644640750622,1233.834787813762,1440.66105979607,0
2026-01-11 18:00:00,WELL-006,PUMP-006,143.96540289162874,68.37607044800387,3.7778830879850243,1221.495894581435,1220.2285095595319,1416.4542811157614,0
2026-01-11 19:00:00,WELL-006,PUMP-006,150.6804257665879,76.46577777999846,2.888158071594999,1305.6565932751878,1201.845568764897,1486.515187331959,0
2026-01-11 20:00:00,WELL-006,PUMP-006,151.90867350344485,80.21432704779804,4.355921692643984,1149.8071052411565,1106.4731124855136,1410.9869637260601,0
2026-01-11 21:00:00,WELL-006,PUMP-006,166.518942826357,91.9820335508929,9.013176803403265,980.4930999541187,937.3604420040558,1483.0424066939215,1
2026-01-11 22:00:00,WELL-006,PUMP-006,146.78789493677675,67.12055735721245,2.8434176716439534,1284.8150459944854,1133.954226128265,1514.1692988120672,0
2026-01-11 23:00:00,WELL-006,PUMP-006,152.3269695251527,71.74729001979215,4.062335104199969,1197.539899148869,1297.8390391319867,1400.2001446519305,0
2026-01-12 00:00:00,WELL-006,PUMP-006,155.3152019922324,81.1332693254121,3.4695178412705565,1099.8401978793956,1264.0031887219427,1436.4377631241625,0
2026-01-12 01:00:00,WELL-006,PUMP-006,158.02509602644452,76.15896381312962,4.167360975821064,1165.2385132244658,1157.2181969766496,1469.7902470365104,0
2026-01-12 02:00:00,WELL-006,PUMP-006,144.58331661238668,67.41671035641372,4.738067322673244,1168.0301233168987,1159.4162085256328,1484.6224796522108,0
2026-01-12 03:00:00,WELL-006,PUMP-006,144.29777692137924,75.03273983318317,4.01251978916769,1231.4838228009876,1236.124962902994,1399.6845997203457,0
2026-01-12 04:00:00,WELL-006,PUMP-006,150.5814938182565,72.08256018784319,3.3106196874746363,1343.3960334301328,1237.2886155402064,1461.9985795276339,0
2026-01-12 05:00:00,WELL-006,PUMP-006,154.96074558069495,70.93320031775555,4.510667803646502,1251.0371153177407,1103.9052740945558,1449.198750479319,0
2026-01-12 06:00:00,WELL-006,PUMP-006,176.3737402995531,67.76520739227094,2.3139655539916637,1084.0211342301961,1371.7777494795062,1556.1995220158926,0
2026-01-12 07:00:00,WELL-006,PUMP-006,139.51084942570418,79.40107069812089,4.847712808134959,1294.5436757462226,1257.0299909579805,1540.2059545982202,0
2026-01-12 08:00:00,WELL-006,PUMP-006,149.41268618086025,73.94420509962428,3.0925415818583257,1241.0141506238745,1143.120791626886,1503.2120647586764,0
2026-01-12 09:00:00,WELL-006,PUMP-006,139.00661238102765,74.60915031932103,3.936528424274372,1238.0822668188512,1124.9220658485474,1438.8246469851745,0
2026-01-12 10:00:00,WELL-006,PUMP-006,139.1190742926091,74.95702542302865,4.247211987233398,1240.09523801377,1144.874068149635,1412.138207555588,0
2026-01-12 11:00:00,WELL-006,PUMP-006,158.1015376364075,72.9541746539303,3.1742145759367926,1273.5563677841578,1119.3775888343625,1463.9372877065032,0
2026-01-12 12:00:00,WELL-006,PUMP-006,146.66511863430597,72.94635555011267,4.162865820833491,1411.737198892341,1118.9408133405223,1441.5395130837187,0
2026-01-12 13:00:00,WELL-006,PUMP-006,152.62111389377137,75.2868777690349,3.8648555743802415,1257.7949029582926,1039.4887270227289,1362.6057702669073,0
2026-01-12 14:00:00,WELL-006,PUMP-006,142.315971720281,82.16203628818877,3.8121692370804157,1021.9065754202688,1074.2887875351648,1486.0910115614029,0
2026-01-12 15:00:00,WELL-006,PUMP-006,165.78986754188682,74.18360807385848,3.946537471736958,1318.4797832245238,1147.601863359874,1483.6226387693077,0
2026-01-12 16:00:00,WELL-006,PUMP-006,146.11443674903074,65.5226371168652,3.747624660334065,1291.6084065982516,1147.903065030885,1485.3126686797425,0
2026-01-12 17:00:00,WELL-006,PUMP-006,145.31767574946903,73.37762421251787,3.0011127962591058,1284.320547841311,1263.0825154317129,1517.2592327673149,0
2026-01-12 18:00:00,WELL-006,PUMP-006,152.90914147618088,72.68813915348564,3.9651090974718026,1346.2968428316078,1292.4824890337547,1422.7356464745294,0
2026-01-12 19:00:00,WELL-006,PUMP-006,159.62768045520318,77.67067971132992,2.8836119461694167,1238.8821814755916,1064.426262345666,1470.7536254849542,0
2026-01-12 20:00:00,WELL-006,PUMP-006,149.6887591966357,74.19908216882496,3.6130341889439284,1358.936169594586,1178.849668355947,1436.6435344678714,0
2026-01-12 21:00:00,WELL-006,PUMP-006,130.11364070171052,72.0723921905213,4.013113432035697,1285.7813246600856,1138.3625782682147,1452.0399109111906,0
2026-01-12 22:00:00,WELL-006,PUMP-006,150.27943307003824,69.92518793385659,3.7871387242402292,1251.712425723038,1089.3164514203304,1497.3167781432358,0
2026-01-12 23:00:00,WELL-006,PUMP-006,152.89747457683757,72.37553717181757,4.042489756910949,1375.5748544782205,1203.2834549346728,1455.0868602919963,0
2026-01-13 00:00:00,WELL-006,PUMP-006,142.68845318153595,67.43848384888233,3.832938756204719,1185.4458944407772,1115.2950007699064,1482.0709884433359,0
2026-01-13 01:00:00,WELL-006,PUMP-006,144.40544901394662,69.01073127337045,3.119122710737455,1120.949598486825,1227.8143807055785,1469.7261802580938,0
2026-01-13 02:00:00,WELL-006,PUMP-006,141.44031313715934,81.7639992284786,3.5045017846890127,1231.086829577709,1254.767930195202,1495.5899973205373,0
2026-01-13 03:00:00,WELL-006,PUMP-006,153.40820009434384,84.85339195733246,4.26137901525898,1386.2616740813876,1104.7876063550798,1479.6585495499014,0
2026-01-13 04:00:00,WELL-006,PUMP-006,135.56701824230714,64.94710935819052,3.132640540813168,1351.360399889765,1145.1310987849436,1416.1786056960384,0
2026-01-13 05:00:00,WELL-006,PUMP-006,148.2271728785388,83.65407596522371,3.1002096700732245,1382.7416531375352,1239.4185757185664,1469.8135781793044,0
2026-01-13 06:00:00,WELL-006,PUMP-006,151.83480341890188,82.46897173934063,3.030029732719812,1146.0776413558299,1057.5471602019236,1512.7482864314156,0
2026-01-13 07:00:00,WELL-006,PUMP-006,137.7034561034491,78.34522371235266,2.005830974974203,1196.6816058429215,1126.4042700328237,1435.8920232006267,0
2026-01-13 08:00:00,WELL-006,PUMP-006,158.26789834214688,68.63200499482109,3.083922182992141,1104.2919832686287,1148.8365801497093,1450.3560684407607,0
2026-01-13 09:00:00,WELL-006,PUMP-006,152.74438824555236,77.33073565247477,3.040919199734228,1284.1094255178846,1263.4204211681188,1485.2947098052277,0
2026-01-13 10:00:00,WELL-006,PUMP-006,162.52918964566095,91.99214405394274,10.473300448286968,985.260230658428,1067.7987432001596,1430.7654187596393,1
2026-01-13 11:00:00,WELL-006,PUMP-006,134.42425123409419,78.08498390479538,3.924300988945257,1204.0079317559648,1177.805129883678,1401.1897048696603,0
2026-01-13 12:00:00,WELL-006,PUMP-006,150.3801170780903,70.19791539795385,4.4390620433445465,1290.02665658565,1125.777905648028,1400.3087355571365,0
2026-01-13 13:00:00,WELL-006,PUMP-006,173.1631942018659,87.24515419627357,7.089186808438326,1096.9261234414441,974.6870417718061,1403.2427500805666,0
2026-01-13 14:00:00,WELL-006,PUMP-006,148.04410983521623,73.21999293136044,4.452425400168,1303.2132515153903,1114.6411616207881,1469.8723328776382,0
2026-01-13 15:00:00,WELL-006,PUMP-006,147.8471135797576,69.97840807808495,4.518112444227369,1408.992070602173,1225.521783824744,1492.9229421319515,0
2026-01-13 16:00:00,WELL-006,PUMP-006,149.33334820099674,66.59606051223838,3.873188596412684,1143.2137133537346,1194.38633510186,1427.2749149578206,0
2026-01-13 17:00:00,WELL-006,PUMP-006,157.33302150978272,76.42255991260822,3.3398361877162244,1384.0817167007945,1177.9031747711429,1466.583698081764,0
2026-01-13 18:00:00,WELL-006,PUMP-006,135.07291401617135,77.43779002582683,5.252294242652367,1264.135242738414,1203.7655609440906,1372.4046280933783,0
2026-01-13 19:00:00,WELL-006,PUMP-006,144.23704916082676,67.78573122966333,3.970716356285383,1204.6243879187919,1225.0264792986793,1469.493257903286,0
2026-01-13 20:00:00,WELL-006,PUMP-006,150.96295813021456,68.83315259144936,3.45599959866656,1269.3515035710727,1173.8116448033293,1353.7218991114898,0
2026-01-13 21:00:00,WELL-006,PUMP-006,162.15502546361563,78.65040046268798,3.636625471085575,1191.279600456868,1249.8137458031354,1444.0345344098487,0
2026-01-13 22:00:00,WELL-006,PUMP-006,168.81016702086282,89.57091252274122,9.619138244130996,1019.7285049160489,995.6549026551056,1407.6044843645554,0
2026-01-13 23:00:00,WELL-006,PUMP-006,150.89162557772218,89.3789494204733,5.141405422963184,1224.2518289671439,1247.1593710713119,1387.3111463909229,0
2026-01-14 00:00:00,WELL-006,PUMP-006,157.97565985218097,72.47697702257513,3.0787618625868127,1370.2182144639428,1076.6890232029011,1459.5439967959353,0
2026-01-14 01:00:00,WELL-006,PUMP-006,159.54774742837768,70.46433175118823,3.626406446475278,1301.9642311560226,1190.3286810135205,1418.8978262778974,0
2026-01-14 02:00:00,WELL-006,PUMP-006,144.7245849022695,75.02000630118297,3.0713680641775882,1187.569871621532,1156.4694998097573,1444.028841963208,0
2026-01-14 03:00:00,WELL-006,PUMP-006,166.47634257492757,75.93764880151465,4.063010187814599,1266.7596998182623,1253.5222184225886,1453.9589231487487,0
2026-01-14 04:00:00,WELL-006,PUMP-006,144.35737335245867,84.84429425602438,3.1109861778064993,1116.5773231562018,1240.2128884152653,1444.2591480175788,0
2026-01-14 05:00:00,WELL-006,PUMP-006,152.4139814539324,66.15319299331678,4.06969739316844,1365.2948453444737,1078.990718986628,1464.433280827298,0
2026-01-14 06:00:00,WELL-006,PUMP-006,156.9444372338222,77.48350806121196,3.5647878877310255,1287.6602593238229,1154.0479045794077,1451.034629142713,0
2026-01-14 07:00:00,WELL-006,PUMP-006,136.58280898000453,69.90357942495065,3.8384546596288405,1423.7950897247063,1130.2148216586422,1571.7865929720945,0
2026-01-14 08:00:00,WELL-006,PUMP-006,148.65163267277154,76.95943314471056,2.906373037556168,1252.5620274694575,1171.5216421314146,1413.119081871328,0
2026-01-14 09:00:00,WELL-006,PUMP-006,153.58820222873632,66.70415156233365,3.0480490492045753,1130.2502461407457,1067.7904506102502,1454.9019798976708,0
2026-01-14 10:00:00,WELL-006,PUMP-006,146.03613055120553,80.8266279961164,4.275376248130825,1138.3287812429105,1250.4368523118146,1490.9454153173642,0
2026-01-14 11:00:00,WELL-006,PUMP-006,154.60279637744964,77.04514699006248,4.92122987911685,1228.0172451359947,1346.857276651674,1521.1941845078034,0
2026-01-14 12:00:00,WELL-006,PUMP-006,140.60716495699063,72.09541411402941,2.6384270131831906,1232.795037115131,1244.8247315262993,1449.8164455759743,0
2026-01-14 13:00:00,WELL-006,PUMP-006,148.2647480416443,76.15478725527724,3.628634988972131,1317.547966983328,1186.2632865304934,1434.263684623074,0
2026-01-14 14:00:00,WELL-006,PUMP-006,151.20547383081532,71.15474946206646,3.2402142408546704,1430.6768636923716,1265.992654329648,1376.3079551595142,0
2026-01-14 15:00:00,WELL-006,PUMP-006,150.31992517971287,65.24820503553187,2.604966986927822,1173.7711602555316,1184.5118558259596,1503.69209139758,0
2026-01-14 16:00:00,WELL-006,PUMP-006,148.6955097621842,78.7805758808759,3.1808745242586385,1227.0634942557078,1226.9117083491324,1448.430203146699,0
2026-01-14 17:00:00,WELL-006,PUMP-006,143.94551099453923,76.63791736088749,3.431288478025066,1158.0718437922558,1170.1382864245313,1472.8332986344979,0
2026-01-14 18:00:00,WELL-006,PUMP-006,152.25902200959612,70.4185347649772,4.123664835338355,1273.2483757809434,1318.7759144588513,1569.614919183488,0
2026-01-14 19:00:00,WELL-006,PUMP-006,150.44194808460728,78.21653890251783,3.5959017057039264,1274.4195718443307,1198.4233682198821,1442.7681002606216,0
2026-01-14 20:00:00,WELL-006,PUMP-006,163.83829909964996,70.87788355668327,2.945417498911198,1231.0859249303455,1237.4840804826276,1477.7433620107245,0
2026-01-14 21:00:00,WELL-006,PUMP-006,163.7456130513494,68.42177616089758,3.415998140761117,1360.1767845719098,1232.2586996157506,1474.3008753582913,0
2026-01-14 22:00:00,WELL-006,PUMP-006,149.27263357500962,82.47002623853773,3.8244969262306947,1061.7770824091713,1262.4299289904625,1495.6363406559904,0
2026-01-14 23:00:00,WELL-006,PUMP-006,156.75890323020153,75.73505875433078,3.851079223558258,1168.619607982102,1154.653112399563,1446.7534385864346,0
2026-01-15 00:00:00,WELL-006,PUMP-006,154.41606648252622,77.84650833944691,1.4990643736245022,1198.2913970280508,1081.1047995546105,1470.015304657741,0
2026-01-15 01:00:00,WELL-006,PUMP-006,168.66809701042985,93.04969550126114,7.540113153143471,1040.0211858656426,891.245933784021,1526.046736429286,0
2026-01-15 02:00:00,WELL-006,PUMP-006,143.70999239051702,80.6345484235161,3.906243253307198,1248.745003219323,1170.424572262303,1465.8305442426147,0
2026-01-15 03:00:00,WELL-006,PUMP-006,152.76932656843826,75.34196930318332,4.4230369906629665,1239.9706411201994,1178.9420486939837,1528.9307695239315,0
2026-01-15 04:00:00,WELL-006,PUMP-006,145.47306214420146,73.21018488385408,3.884496010456983,1241.351892634917,1340.0758335745695,1450.629446662261,0
2026-01-15 05:00:00,WELL-006,PUMP-006,147.64188740619574,70.06375383983894,3.3087566602535126,1155.4775397335875,1164.7829660408447,1432.916735819012,0
2026-01-15 06:00:00,WELL-006,PUMP-006,137.67343329408286,76.16214301900132,3.9290258642087403,1193.9068622269112,1175.063691490118,1459.2480963542748,0
2026-01-15 07:00:00,WELL-006,PUMP-006,151.81325887719194,74.35935792790109,4.125825516101829,1297.6665491608437,1188.4870612274265,1422.2666562705965,0
2026-01-15 08:00:00,WELL-006,PUMP-006,141.80321562803377,70.53615878569104,4.509754918735923,1302.1782465287736,1184.831905644355,1426.0956734901304,0
2026-01-15 09:00:00,WELL-006,PUMP-006,152.71313348966297,70.0467634495397,3.155561171859177,1103.080892914366,1276.4084732669264,1385.0062796315774,0
2026-01-15 10:00:00,WELL-006,PUMP-006,149.19362265078692,76.58231249404643,2.973506293559037,1319.4983210278558,1386.6316859947042,1474.5750539802775,0
2026-01-15 11:00:00,WELL-006,PUMP-006,154.2757368039076,95.54720157841183,9.53072234984398,1178.8692101944187,994.8627165752337,1370.5748431795914,1
2026-01-15 12:00:00,WELL-006,PUMP-006,145.800784297048,77.85804355403558,4.2371105638489475,1150.8314550895582,1075.1202733472742,1566.9998160966225,0
2026-01-15 13:00:00,WELL-006,PUMP-006,155.7316430345283,70.84096103191924,3.721042175018197,1163.1786353282378,1171.4470249561841,1503.784671401493,0
2026-01-15 14:00:00,WELL-006,PUMP-006,147.896940215717,76.15703175638708,3.778976987303658,1268.2357809650086,1090.0909481131437,1465.6257583097781,0
2026-01-15 15:00:00,WELL-006,PUMP-006,146.23819733531673,73.57525453651711,3.036005992734977,1251.9257375724915,1157.580703671811,1376.2877173075767,0
2026-01-15 16:00:00,WELL-006,PUMP-006,163.97789862807912,77.77865659551502,3.429941527216217,1196.6221410490682,978.6777402567509,1413.5735561889257,0
2026-01-15 17:00:00,WELL-006,PUMP-006,156.18759157309336,82.68172573609684,3.4259193752453188,1305.2879400054937,1147.4302751374425,1509.8606017551938,0
2026-01-15 18:00:00,WELL-006,PUMP-006,142.9508695289779,69.9714350978874,2.8613021472962283,1302.7254423041989,1128.0078100232045,1398.348557748253,0
2026-01-15 19:00:00,WELL-006,PUMP-006,152.60551384729172,78.63238857625322,3.6016333898992494,1351.9786406126457,1045.2784284957622,1480.3957774286432,0
2026-01-15 20:00:00,WELL-006,PUMP-006,166.29265885337665,72.93627952889226,4.239720074832029,1212.5071592416161,1242.2187173677994,1495.1245827778923,0
2026-01-15 21:00:00,WELL-006,PUMP-006,157.67171554624238,68.21587924723381,3.647437035091818,1337.8734915096818,1151.8178217083923,1518.122321193758,0
2026-01-15 22:00:00,WELL-006,PUMP-006,152.78628998133453,76.41661796267833,2.9380880925167054,1296.366737741099,1075.6942127096368,1417.2907837119835,0
2026-01-15 23:00:00,WELL-006,PUMP-006,164.69258107223123,70.2106730228566,4.651400333181609,1237.385164704623,1155.9264055473311,1469.9619088125746,0
2026-01-16 00:00:00,WELL-006,PUMP-006,154.18377259117557,74.64242995363509,2.6964378107088196,1128.6513266793345,1112.8907389599492,1541.0483612633116,0
2026-01-16 01:00:00,WELL-006,PUMP-006,150.26433391305162,79.86022443551269,3.1931462968078024,1263.40207801298,1256.2956451741263,1501.4800193094939,0
2026-01-16 02:00:00,WELL-006,PUMP-006,164.98861115117708,70.53290457080357,3.450296972945239,1214.0106959431866,1150.5832647594516,1509.2954127714931,0
2026-01-16 03:00:00,WELL-006,PUMP-006,146.85798849637183,68.17427748827023,3.570019137935482,1310.0793297422404,1168.7148376085295,1426.278479567512,0
2026-01-16 04:00:00,WELL-006,PUMP-006,147.20979791194503,74.64093428574483,1.8966755693171906,1163.1237813137172,1123.048052194885,1497.4102997411676,0
2026-01-16 05:00:00,WELL-006,PUMP-006,143.14208035533147,69.66985916642744,3.0839380743367943,1443.19605069699,1099.512392428477,1375.3924021343344,0
2026-01-16 06:00:00,WELL-006,PUMP-006,154.58747033350386,79.3798691895629,3.973318529511275,1338.7021328245787,1266.879402401036,1343.5704895586534,0
2026-01-16 07:00:00,WELL-006,PUMP-006,155.52242342473548,79.1085106125741,3.3179712391176475,1150.1422488167666,1284.9659820574943,1427.7227873316479,0
2026-01-16 08:00:00,WELL-006,PUMP-006,151.09386124697207,70.60043297638431,3.9462977807492745,1304.424231364838,1185.9713160533217,1391.1339479365115,0
2026-01-16 09:00:00,WELL-006,PUMP-006,144.0993404595404,66.06223502927838,3.245445876261633,1314.6112464708392,1109.2766304834493,1484.0581032298082,0
2026-01-16 10:00:00,WELL-006,PUMP-006,126.84651953942733,80.96384500823548,4.57681336829753,1201.008011231543,1105.3342641756858,1443.1449738804888,0
2026-01-16 11:00:00,WELL-006,PUMP-006,143.9658547096683,74.36608346680666,4.79043841309763,1284.2909682209008,1240.1741066054055,1417.8837641250286,0
2026-01-16 12:00:00,WELL-006,PUMP-006,142.25450599423124,84.19218449764165,2.453783295765658,1306.7680817121184,1046.3292062962169,1410.4834309150765,0
2026-01-16 13:00:00,WELL-006,PUMP-006,142.4213718214901,78.20056675395907,2.4563555205523313,1363.547698578201,1188.2547553762322,1520.6458786895926,0
2026-01-16 14:00:00,WELL-006,PUMP-006,146.34055329993285,68.49683147625777,3.6786013491876766,1232.950899672577,1201.4558544528857,1405.277789990641,0
2026-01-16 15:00:00,WELL-006,PUMP-006,137.26101776910716,82.21067131354397,3.6105250655906853,1178.8274813163086,1260.1631639887096,1508.1392695909435,0
2026-01-16 16:00:00,WELL-006,PUMP-006,178.822657086487,75.20794533779217,4.352240553877913,1331.0108203521552,1249.7222752315267,1538.7119809020091,0
2026-01-16 17:00:00,WELL-006,PUMP-006,144.54531297954836,70.88549221487835,3.5729640887416783,1265.7393008362083,1067.1593277485879,1467.185763712686,0
2026-01-16 18:00:00,WELL-006,PUMP-006,151.3944880282126,73.85840786987416,2.3515965031919075,1203.5897885840848,1228.1161269566253,1521.8773375466324,0
2026-01-16 19:00:00,WELL-006,PUMP-006,148.25375211081442,72.43910507246835,2.8114121606807387,1152.560172755492,1052.1009742298106,1451.0440864760733,0
2026-01-16 20:00:00,WELL-006,PUMP-006,177.57811100813726,85.12915770808128,7.7535553970115005,1148.6868482234618,885.0382717726071,1396.4020181576961,0
2026-01-16 21:00:00,WELL-006,PUMP-006,152.7691755516192,71.11728355234911,3.947836924113322,1271.2262443999919,1156.1723390298896,1414.3979672290989,0
2026-01-16 22:00:00,WELL-006,PUMP-006,156.43368825335716,74.09518238044548,3.9285979414913834,1322.175976464326,1251.3429397703153,1454.38883757606,0
2026-01-16 23:00:00,WELL-006,PUMP-006,151.83669917580562,73.80877849050773,3.4285044380292597,1245.2938872665559,1199.583739540975,1402.0339617390514,0
2026-01-17 00:00:00,WELL-006,PUMP-006,157.08420163440778,70.326091466564,4.341892909420681,1284.1218318657945,1122.2655381538204,1493.096377679837,0
2026-01-17 01:00:00,WELL-006,PUMP-006,146.89144602598182,74.91307945228672,3.354847323720626,1099.86477349297,1300.51848284946,1436.2977005557132,0
2026-01-17 02:00:00,WELL-006,PUMP-006,138.5138990408482,88.16694982864155,2.771247209966959,1213.3803042408822,1206.278286858328,1427.272407429316,0
2026-01-17 03:00:00,WELL-006,PUMP-006,155.3876710058178,79.79017634314415,3.5282721630865543,1138.0501563083599,1034.4212075397795,1373.5296138384185,0
2026-01-17 04:00:00,WELL-006,PUMP-006,146.76797871525397,66.76910978141417,3.5078771709066214,1429.4816298397213,1196.0491067888727,1439.0701726841232,0
2026-01-17 05:00:00,WELL-006,PUMP-006,161.70024306153155,73.8022527155758,3.9795216315452855,1279.1113089720043,1180.520599716694,1460.2127471328513,0
2026-01-17 06:00:00,WELL-006,PUMP-006,146.02954018230142,70.30828180033743,2.976884467791156,1293.2694756169533,1000.5041153784623,1357.2464958638473,0
2026-01-17 07:00:00,WELL-006,PUMP-006,146.04405918494282,75.18822532548575,3.4183184906798156,1408.4123481225115,1220.2434228640525,1476.5225926544576,0
2026-01-17 08:00:00,WELL-006,PUMP-006,150.64474308784506,74.10463003836372,3.4736037954184806,1281.5226803973976,1131.8254778118119,1425.9069742506426,0
2026-01-17 09:00:00,WELL-006,PUMP-006,143.60095467589323,65.95938523029189,2.734488077191203,1319.927472221196,1169.9959715604773,1424.6798790862833,0
2026-01-17 10:00:00,WELL-006,PUMP-006,154.32380956815308,74.99041522935015,2.4252324158441274,1252.3158016783423,1222.4007472589205,1402.250906677806,0
2026-01-17 11:00:00,WELL-006,PUMP-006,161.438198876119,77.91414034728069,3.590860256096431,1362.0855484501737,1235.6274826131587,1335.3168988814668,0
2026-01-17 12:00:00,WELL-006,PUMP-006,147.8976361844232,69.42340634627024,2.7728874507688994,1143.4452066059703,1151.9698158844722,1396.5932883997903,0
2026-01-17 13:00:00,WELL-006,PUMP-006,146.92295894343013,68.25413947928241,4.114607721191494,1196.2801988842011,1103.9078770399108,1460.6545287434485,0
2026-01-17 14:00:00,WELL-006,PUMP-006,149.8350917926088,82.21148324084987,2.6267264378891886,1340.5348664200578,1065.643499369577,1468.0916955088887,0
2026-01-17 15:00:00,WELL-006,PUMP-006,142.36496221357896,77.07768996918502,4.121339040666446,1277.570440370761,1164.1348763503584,1418.457248064379,0
2026-01-17 16:00:00,WELL-006,PUMP-006,142.86021531868934,75.65689917459183,3.9268842724297883,1257.4173521951095,1214.6598453927354,1422.5391679611023,0
2026-01-17 17:00:00,WELL-006,PUMP-006,152.7469627983638,78.77752453232794,2.80127193313393,1210.9490975886301,1207.6828608031908,1510.624547204099,0
2026-01-17 18:00:00,WELL-006,PUMP-006,160.11483492402508,73.91267773481817,3.103632325179537,1229.2562905019204,1165.2448732795,1488.4768457247349,0
2026-01-17 19:00:00,WELL-006,PUMP-006,151.2473486884089,74.42014373619268,3.8566798889319363,1151.7018591643537,1157.2514984081934,1509.759270120155,0
2026-01-17 20:00:00,WELL-006,PUMP-006,161.69308550571262,70.23062563883876,3.2628179506644086,1280.9778454334569,1262.4509057989449,1430.3172760794168,0
2026-01-17 21:00:00,WELL-006,PUMP-006,149.94516804078808,80.59234705721671,4.361444036560929,1155.357546774572,1092.061159856276,1384.760311318958,0
2026-01-17 22:00:00,WELL-006,PUMP-006,142.0824380838588,71.85509795397593,3.8194368334161473,1292.9088962108283,1418.5635494092196,1434.566021404974,0
2026-01-17 23:00:00,WELL-006,PUMP-006,128.72575052762082,76.48643547379987,4.060848877724808,1267.970585268486,1230.8560443114347,1467.8532687230193,0
2026-01-18 00:00:00,WELL-006,PUMP-006,155.65032044880175,72.7077746558929,4.431021795798662,1187.3136555710705,1210.6118244827305,1419.8943041885698,0
2026-01-18 01:00:00,WELL-006,PUMP-006,149.6665617749647,66.2262079086187,3.888122278938067,1421.0444169307204,1229.866834140652,1410.6169204094797,0
2026-01-18 02:00:00,WELL-006,PUMP-006,148.1709246682969,66.13718828973307,3.805114390957553,1266.7102113960273,1159.0085170668362,1398.059867684107,0
2026-01-18 03:00:00,WELL-006,PUMP-006,147.46474361115438,82.83825179893752,2.8913135053902184,1344.4514585328357,1188.546446751576,1510.3513256713843,0
2026-01-18 04:00:00,WELL-006,PUMP-006,150.22411833565522,70.8676314102975,3.8168866449362073,1362.4098870460218,1107.5934432485947,1408.3858286678196,0
2026-01-18 05:00:00,WELL-006,PUMP-006,162.41984299028059,76.22892508690595,2.8021404889693677,1084.5981343841272,1017.0680536948755,1488.5240218343752,0
2026-01-18 06:00:00,WELL-006,PUMP-006,148.80516063175608,80.82561791703772,3.291094443336572,1209.0439708693611,1157.492706943901,1432.5448671880185,0
2026-01-18 07:00:00,WELL-006,PUMP-006,154.37219532842812,75.47632032188358,3.449522250110458,1124.179967544681,1122.61880504928,1480.1267682793432,0
2026-01-18 08:00:00,WELL-006,PUMP-006,153.39683606756796,64.40224082180309,4.42035286669441,1372.4864981293777,1242.2580720891106,1512.296722915518,0
2026-01-18 09:00:00,WELL-006,PUMP-006,166.10656756877952,72.38223128686275,2.876403620673156,1159.2644461507784,1164.7729431316516,1399.826395567847,0
2026-01-18 10:00:00,WELL-006,PUMP-006,152.11818226392313,65.95941339789962,3.3599021892639405,1315.9330653479587,1149.7727883235484,1406.8918292047981,0
2026-01-18 11:00:00,WELL-006,PUMP-006,142.73606606257502,76.73762747013356,3.8119297590607686,1298.2556858446949,1075.79291213527,1449.9795407050865,0
2026-01-18 12:00:00,WELL-006,PUMP-006,147.02334233810498,72.93693578731585,3.629822891707499,1322.7026663824106,1182.2286291359878,1450.1230892731517,0
2026-01-18 13:00:00,WELL-006,PUMP-006,156.6786859006773,74.18582980224447,3.3100725780741547,1233.2748814661993,1126.7486307256092,1462.6199103326026,0
2026-01-18 14:00:00,WELL-006,PUMP-006,161.06663798838682,63.880734688143825,2.9280059259580726,1224.2344140117084,1284.8247001139416,1485.3908160319077,0
2026-01-18 15:00:00,WELL-006,PUMP-006,155.20951815660308,68.15433668809152,2.7350890573926185,1262.1455274195007,1083.7275522558684,1349.9137259382856,0
2026-01-18 16:00:00,WELL-006,PUMP-006,153.7064693695089,78.45237467418667,3.6919590152826993,1292.255737893385,1294.4979490453172,1435.44707848563,0
2026-01-18 17:00:00,WELL-006,PUMP-006,145.99016794045238,69.8962989489585,2.8189283483532566,1180.6615813333026,1194.1818967133252,1343.018621822322,0
2026-01-18 18:00:00,WELL-006,PUMP-006,155.65431069755167,77.55132192462662,3.3740296809306556,1326.8403084061433,1146.2202393902246,1441.601862933677,0
2026-01-18 19:00:00,WELL-006,PUMP-006,150.6374478387633,74.28265134847801,3.8117824809611545,1238.7090542786907,1268.5338668742475,1433.9415300478158,0
2026-01-18 20:00:00,WELL-006,PUMP-006,156.1824247207862,66.87260158185826,3.5024750562297084,1259.3520426637047,1159.0195023772292,1519.2355167140215,0
2026-01-18 21:00:00,WELL-006,PUMP-006,141.83499967596944,70.91967905754119,3.2477868040540843,1329.9319675693748,1263.893764666873,1435.3554584898502,0
2026-01-18 22:00:00,WELL-006,PUMP-006,153.4510809472042,74.30414101990449,4.124209772403943,1314.9874716576348,1177.0261788791818,1377.8410865433214,0
2026-01-18 23:00:00,WELL-006,PUMP-006,161.07280024712082,72.80942536347541,4.183545091017973,1225.483855999105,1192.2446427209375,1393.1554653800426,0
2026-01-19 00:00:00,WELL-006,PUMP-006,150.57069692022708,67.17601609562664,3.5157269277809573,1320.5473193435732,1207.3587515732584,1397.6069497175306,0
2026-01-19 01:00:00,WELL-006,PUMP-006,147.46633654139268,66.70066074871104,4.004218159732867,1227.9229522836,1246.0128449092729,1464.053611250881,0
2026-01-19 02:00:00,WELL-006,PUMP-006,149.37144522008964,70.61136332338549,3.215594445258061,1289.92109536905,1161.2343223780151,1417.8751322570363,0
2026-01-19 03:00:00,WELL-006,PUMP-006,143.82268250508278,72.9493186911451,3.9919994815503554,1160.3320585750703,1288.7626320010745,1383.1423894579405,0
2026-01-19 04:00:00,WELL-006,PUMP-006,137.15834305698348,76.56571862768844,3.2392346545674036,1251.5722401478833,1309.554155220841,1363.0253566774209,0
2026-01-19 05:00:00,WELL-006,PUMP-006,143.41085496115485,71.42547076475209,3.377792819256587,1204.0072937035438,1325.470963197702,1423.2142683500226,0
2026-01-19 06:00:00,WELL-006,PUMP-006,154.65505039660832,68.30811732582116,3.6665847965206537,1319.2788266369757,1207.1867523833637,1447.5319666645078,0
2026-01-19 07:00:00,WELL-006,PUMP-006,153.21731645258237,75.90142386495118,3.3602269919308796,1245.4336077443281,1141.2447460814446,1465.661199550328,0
2026-01-19 08:00:00,WELL-006,PUMP-006,154.26829311440034,77.62433305264334,3.281108956592581,1194.199556988457,1189.5997150464311,1525.559435355072,0
2026-01-19 09:00:00,WELL-006,PUMP-006,166.16954879664604,73.91849835768245,3.9170987498906396,1251.228276140478,1082.8186844180555,1423.9655452240427,0
2026-01-19 10:00:00,WELL-006,PUMP-006,149.94478617920677,80.9054896360254,3.880153364676529,1083.0879653095687,1231.3001497782786,1373.4324798593598,0
2026-01-19 11:00:00,WELL-006,PUMP-006,162.29324662991982,72.19243989277754,3.4141001998186806,1166.4451042553776,1132.1169588471932,1403.655758385691,0
2026-01-19 12:00:00,WELL-006,PUMP-006,156.54898946792386,64.906401383604,2.786242497301934,1224.8170517371525,1190.750950002424,1421.364366008435,0
2026-01-19 13:00:00,WELL-006,PUMP-006,141.08394185524745,67.08912444278397,3.1709577912418614,1300.0096365071938,1180.2144546208472,1397.8250252452622,0
2026-01-19 14:00:00,WELL-006,PUMP-006,162.56813325158717,78.6600863244852,3.4370808613633845,1198.2089874330734,1234.5432804987634,1410.6934681908697,0
2026-01-19 15:00:00,WELL-006,PUMP-006,145.93865720632235,73.62878245761776,3.2316735580732687,1227.7228229025293,1209.626436176269,1351.623145731544,0
2026-01-19 16:00:00,WELL-006,PUMP-006,139.15062351044025,72.56266587270508,3.2797751623505267,1220.076470048427,1221.9364236980468,1414.8903252554696,0
2026-01-19 17:00:00,WELL-006,PUMP-006,150.047070222803,75.64501379006892,2.23969141025972,1302.230429717783,1159.7000780957128,1546.6481587734268,0
2026-01-19 18:00:00,WELL-006,PUMP-006,152.34820698089325,74.19020604344989,3.1821061906845163,1110.7209683517192,1132.950110862715,1437.8459915511362,0
2026-01-19 19:00:00,WELL-006,PUMP-006,154.73056128459075,70.25938026783729,4.322015825825736,1213.6893120920743,1117.0438759060673,1480.512212889476,0
2026-01-19 20:00:00,WELL-006,PUMP-006,155.90744963750458,81.741112835285,4.396435349988434,1299.8910737627207,1180.069136141131,1449.9054217702092,0
2026-01-19 21:00:00,WELL-006,PUMP-006,137.81223592557163,77.12451265893192,3.4572092656911084,1349.436016243365,1262.057605908939,1478.4891675267202,0
2026-01-19 22:00:00,WELL-006,PUMP-006,144.46290041892414,77.28651049806626,3.7052541477625907,1331.8243867670592,1230.4313210279122,1459.3573709859018,0
2026-01-19 23:00:00,WELL-006,PUMP-006,150.6532417981822,66.94150779031402,3.298138653432796,1377.9763360838483,1127.5156887477733,1555.7271731150652,0
2026-01-20 00:00:00,WELL-006,PUMP-006,173.44948913752444,92.12979828158466,8.527761033411995,1153.845470685986,871.2713346495027,1421.3798177234335,1
2026-01-20 01:00:00,WELL-006,PUMP-006,157.99925653732046,78.72394656117021,4.471645870336314,1164.6683723927224,1112.2229178788905,1502.6081840640704,0
2026-01-20 02:00:00,WELL-006,PUMP-006,152.49303058979785,78.47199671073619,3.1949098555888775,1263.6589688496558,1198.7173910558183,1514.3384878187626,0
2026-01-20 03:00:00,WELL-006,PUMP-006,146.31948488427554,78.67499499383226,3.2348893462994144,1258.4226837953308,1153.2753837150483,1463.3316306231375,0
2026-01-20 04:00:00,WELL-006,PUMP-006,154.54469936489338,79.61576675252522,3.5609335913661466,1228.549837549772,1184.8418855125187,1460.4459636738877,0
2026-01-20 05:00:00,WELL-006,PUMP-006,150.9321512285664,74.82305602944726,3.6971915674446914,1132.0838459985137,1278.0456714169586,1424.0175797435727,0
2026-01-20 06:00:00,WELL-006,PUMP-006,160.1215911036236,68.72265995153792,2.4586214744869888,1280.7385533215272,1200.5289962810402,1363.4346595163624,0
2026-01-20 07:00:00,WELL-006,PUMP-006,147.83536456832388,71.52350771343744,3.46059624536219,1167.4286320034523,1288.2168102451049,1415.0384012131117,0
2026-01-20 08:00:00,WELL-006,PUMP-006,144.36564344412636,77.7855122346807,3.4050619180934683,1301.1095098943106,1001.5322458684324,1408.0450888714477,0
2026-01-20 09:00:00,WELL-006,PUMP-006,147.55603748586685,78.5969051918653,2.6026374932355694,1286.1736597833103,1223.6930610062861,1483.84730621928,0
2026-01-20 10:00:00,WELL-006,PUMP-006,159.29520903965204,80.17349848043641,4.723185155028959,1351.3442886754667,1124.319439138739,1457.0819064067825,0
2026-01-20 11:00:00,WELL-006,PUMP-006,129.7567592912374,68.78631058395254,3.184759415157351,1222.3907887256355,1124.5772789980601,1466.9785463401358,0
2026-01-20 12:00:00,WELL-006,PUMP-006,136.49126239498074,78.92268118764918,4.045154657112531,1286.5770108969589,1167.1923071603449,1386.6820672576796,0
2026-01-20 13:00:00,WELL-006,PUMP-006,155.69398911980167,72.86329193908108,2.4064323780586383,1179.0125993829295,1085.8416468222963,1474.8101949515371,0
2026-01-20 14:00:00,WELL-006,PUMP-006,129.74733497199003,77.83060473474954,3.352304105408887,1240.9485970695218,1274.2109740862948,1454.4154506642178,0
2026-01-20 15:00:00,WELL-006,PUMP-006,154.2584302147071,67.93333016798633,3.3345081008251203,1336.0346173841901,1132.969484466628,1409.3224346345332,0
2026-01-20 16:00:00,WELL-006,PUMP-006,161.0230371345478,85.0397804793116,4.455318748422908,1144.1394114585162,1080.6099725790518,1390.464528402742,0
2026-01-20 17:00:00,WELL-006,PUMP-006,163.0195117538237,75.10446803574783,2.533335345583983,1167.907718646376,1201.3136356316593,1464.2265833170643,0
2026-01-20 18:00:00,WELL-006,PUMP-006,157.4821500419536,72.3343136613012,3.359380386968337,1204.719221718398,1086.805539103735,1439.0128125989092,0
2026-01-20 19:00:00,WELL-006,PUMP-006,162.21317571834388,72.74657524433457,3.651708950738555,1377.863004838723,1105.2898110618105,1418.7654683894616,0
2026-01-20 20:00:00,WELL-006,PUMP-006,139.94357540285245,73.62338735956423,4.4463963782302836,1209.5640382915587,1103.7137869083147,1482.5966700515014,0
2026-01-20 21:00:00,WELL-006,PUMP-006,168.0484069654158,76.07386359245925,2.5325751775814296,1454.8316387759664,1173.7014027062944,1302.631686577989,0
2026-01-20 22:00:00,WELL-006,PUMP-006,157.92308989289083,75.5275037489814,4.335197418867602,1316.4440232264108,1299.1503126451523,1508.0105384053547,0
2026-01-20 23:00:00,WELL-006,PUMP-006,149.25610173580597,72.93192247235216,3.2920084556529767,1359.8918057360743,1135.2434851562366,1492.370210424627,0
2026-01-21 00:00:00,WELL-006,PUMP-006,155.24080217298024,67.984307959555,3.37928829790945,1356.2000196364336,1200.4818912018582,1446.2697305440622,0
2026-01-21 01:00:00,WELL-006,PUMP-006,129.43316083973502,73.12235870098972,3.335944508232414,1212.076708764982,1264.4544832929876,1470.6527015893068,0
2026-01-21 02:00:00,WELL-006,PUMP-006,162.8415841216762,78.97633606241102,4.234988844833531,1170.7429182889525,1099.5560745718356,1475.8986688145083,0
2026-01-21 03:00:00,WELL-006,PUMP-006,149.24633133208405,78.1799357068273,3.6800441028003767,1208.6457391310266,1128.3299151812646,1461.2139140545355,0
2026-01-21 04:00:00,WELL-006,PUMP-006,152.56369297209267,69.63228278238056,3.396032811023944,1249.3599961378975,1178.0411205130445,1454.425173690894,0
2026-01-21 05:00:00,WELL-006,PUMP-006,145.55538586497437,72.74016075903363,4.099885390177462,1229.6489674317604,1087.3062057481193,1521.5457040498861,0
2026-01-21 06:00:00,WELL-006,PUMP-006,143.5119580842889,78.72157321181345,3.883353813424731,1267.3936513949036,1302.1017876696292,1448.6787239316468,0
2026-01-21 07:00:00,WELL-006,PUMP-006,144.8778423573081,76.53330320059494,3.8261111296184134,1133.2035132281833,1107.7287387156725,1335.7611682126726,0
2026-01-21 08:00:00,WELL-006,PUMP-006,131.29593026566758,77.40535184755386,3.6001156339356055,1191.4036899222945,1207.8086434935049,1489.3048160052188,0
2026-01-21 09:00:00,WELL-006,PUMP-006,151.57859393787092,73.8389218367763,3.4103344533555,1297.26951123823,1137.0629447050533,1528.5810395244102,0
2026-01-21 10:00:00,WELL-006,PUMP-006,138.14523599134964,75.787587486664,4.236792685751361,1141.03762543992,1185.2194843442348,1431.2141045473143,0
2026-01-21 11:00:00,WELL-006,PUMP-006,159.87310117110295,95.82958418667968,10.631659177458038,1118.5892711472627,1134.0709813814442,1532.8321203218313,1
2026-01-21 12:00:00,WELL-006,PUMP-006,146.21860881648055,74.40281058681465,4.477677109199045,1234.1726980985072,1179.6398830583241,1523.811150224733,0
2026-01-21 13:00:00,WELL-006,PUMP-006,155.1081326339869,74.12345839917985,3.063069485116673,1162.6077177564164,1239.7987293104854,1495.1356574142485,0
2026-01-21 14:00:00,WELL-006,PUMP-006,152.52591650856635,62.90121791881866,3.9682800731880805,1245.2404026815623,1223.1398038629045,1475.039667561352,0
2026-01-21 15:00:00,WELL-006,PUMP-006,172.73918288821227,94.86382450032288,7.553891300442329,1174.2465458101026,976.8312882718038,1481.1332107959079,0
2026-01-21 16:00:00,WELL-006,PUMP-006,189.2551588734592,95.57836079048691,7.2461246982699725,1113.870065952878,1186.9240386263784,1450.4673588182866,0
2026-01-21 17:00:00,WELL-006,PUMP-006,147.9678354706346,77.996314127004,3.344434415372748,1375.121121456945,1131.035734646451,1474.026483126098,0
2026-01-21 18:00:00,WELL-006,PUMP-006,158.3706289255702,69.52003782791098,3.8791558473770955,1185.3947348218294,1176.9089333646111,1373.7672971754362,0
2026-01-21 19:00:00,WELL-006,PUMP-006,148.20592966848412,78.34626282063081,3.4599375093735527,1307.534670475943,1104.4937460278613,1463.002725773039,0
2026-01-01 00:00:00,WELL-007,PUMP-007,161.42955693178567,78.9017942459805,3.5226489555192817,1205.0280216720557,1124.7160121909508,1456.1237580524203,0
2026-01-01 01:00:00,WELL-007,PUMP-007,148.59931879781035,75.4190117980567,3.7643975340872284,1370.0528679568024,1146.6731071390009,1478.135491878628,0
2026-01-01 02:00:00,WELL-007,PUMP-007,148.4234599791163,70.84597047575633,3.6827502038480935,1230.5261797956841,1205.1919896596248,1400.7395060689619,0
2026-01-01 03:00:00,WELL-007,PUMP-007,151.66765773641893,63.816774233896425,5.006679528614005,1248.4054750674204,1158.120305938507,1423.8820037072942,0
2026-01-01 04:00:00,WELL-007,PUMP-007,145.56503467053832,79.00184340146161,4.033485816540423,1345.34009004464,1080.2381657035105,1443.6805473191764,0
2026-01-01 05:00:00,WELL-007,PUMP-007,142.4670578753304,77.52967152910375,4.118610930225467,1319.9670116647846,1161.8839395473758,1468.0626141681769,0
2026-01-01 06:00:00,WELL-007,PUMP-007,152.54812231024542,69.51779178029494,2.939320598098852,1394.978452976989,1249.0278779005525,1446.8514974861332,0
2026-01-01 07:00:00,WELL-007,PUMP-007,141.2862040650139,74.95605238938612,3.3417805604761526,1258.3429057785759,1141.87125990162,1514.5255498813997,0
2026-01-01 08:00:00,WELL-007,PUMP-007,136.53725043852762,77.60396499225018,4.25555539810583,1351.631852050973,1130.827902737328,1335.265605918276,0
2026-01-01 09:00:00,WELL-007,PUMP-007,146.03108816173298,75.42010880466546,3.449337928186681,1197.781097154919,1141.246368011205,1431.6813576366767,0
2026-01-01 10:00:00,WELL-007,PUMP-007,136.17474144317956,71.28143501106699,3.158548801711794,1099.1070925783697,1255.0080779119444,1527.6957707727754,0
2026-01-01 11:00:00,WELL-007,PUMP-007,127.79849231113518,83.96225411569296,3.9104503872656697,1188.5863876556152,1178.0143446899283,1392.5408316298167,0
2026-01-01 12:00:00,WELL-007,PUMP-007,155.02720636837978,76.19098759475494,3.969744196941932,1202.1299534583559,982.3677433342617,1504.944221399615,0
2026-01-01 13:00:00,WELL-007,PUMP-007,153.0260718585434,75.40952706302036,2.911034441333565,1443.8044459676755,1275.3931693607378,1459.4557924855517,0
2026-01-01 14:00:00,WELL-007,PUMP-007,173.71059315376962,96.47508943888317,7.606022481964989,1150.4346815867343,1087.1932571674374,1514.1279469832464,0
2026-01-01 15:00:00,WELL-007,PUMP-007,148.82321612716413,70.71371009021044,2.253653573529438,1295.9304040693619,1233.7685483450337,1392.4732514650348,0
2026-01-01 16:00:00,WELL-007,PUMP-007,160.06141582282564,77.96015904697308,3.117317559513479,1356.804149343531,1068.830905180312,1557.0991320073967,0
2026-01-01 17:00:00,WELL-007,PUMP-007,147.27711073933193,79.1250473738297,4.076411738414988,1090.9093416334235,1089.7148619337302,1509.9606270798781,0
2026-01-01 18:00:00,WELL-007,PUMP-007,151.44750261603198,77.60514344665702,3.662453914129906,1157.17012391456,1255.2850014791445,1456.0775041392578,0
2026-01-01 19:00:00,WELL-007,PUMP-007,164.83905264106303,67.75653066667525,4.5794771051143135,1266.0514869497613,1185.240500925948,1422.9135606961624,0
2026-01-01 20:00:00,WELL-007,PUMP-007,158.8839782327326,68.6517386694935,3.2120259385489853,1181.1872976590878,1248.9273686377182,1516.276128467703,0
2026-01-01 21:00:00,WELL-007,PUMP-007,141.08399517333987,76.22065020416966,3.338186515216614,1118.9643275556602,1213.0141288405496,1421.9490211527202,0
2026-01-01 22:00:00,WELL-007,PUMP-007,149.9341410834439,75.28526918412682,3.4510695229461326,1146.2230768666982,1191.209442788801,1420.8187207272674,0
2026-01-01 23:00:00,WELL-007,PUMP-007,154.7445689058248,72.05484174800654,3.5195641896608545,1242.1266157033465,1169.483186782771,1437.28049846789,0
2026-01-02 00:00:00,WELL-007,PUMP-007,150.73697025658376,65.9478855913482,4.419519854365566,1141.2746802488975,1143.9626236321837,1516.9189951881979,0
2026-01-02 01:00:00,WELL-007,PUMP-007,161.8429659998854,73.19676071254106,3.084001998611746,1307.7927334369958,1160.384781138003,1478.0392434563714,0
2026-01-02 02:00:00,WELL-007,PUMP-007,134.85623138462554,74.0928806944095,4.570348518909889,1178.3224026210637,1139.1554484571166,1390.8191168401802,0
2026-01-02 03:00:00,WELL-007,PUMP-007,166.04287293214148,103.02868998106565,9.990874850001923,1196.3495607955333,890.6514319881803,1475.7559764554571,1
2026-01-02 04:00:00,WELL-007,PUMP-007,146.7636669044103,80.88526468453612,3.7277253808113,1145.3554429279252,1299.4527149991095,1507.7773631434109,0
2026-01-02 05:00:00,WELL-007,PUMP-007,160.10551298414427,82.21295810722687,3.2847762555403,1209.9864722100876,1169.055837855057,1451.9286620988128,0
2026-01-02 06:00:00,WELL-007,PUMP-007,140.62090907371714,78.71699116822438,3.9936129777437777,1439.457522341119,1161.7729380621236,1365.8527333497323,0
2026-01-02 07:00:00,WELL-007,PUMP-007,165.31923603982725,69.58779478109783,2.7749888303026404,1196.8575220420544,1130.8391950766136,1476.314293434099,0
2026-01-02 08:00:00,WELL-007,PUMP-007,135.12302756959056,71.19008348936914,2.4362821853428374,1324.686369746785,1250.901259215887,1435.06053634137,0
2026-01-02 09:00:00,WELL-007,PUMP-007,151.65697021656698,75.93023856075607,4.649872592609812,1323.106132491644,1280.915232833954,1464.4304825649247,0
2026-01-02 10:00:00,WELL-007,PUMP-007,150.76095975188474,74.40250770923019,3.907210438890519,1294.1722570538586,1137.4454791857036,1408.7984442037298,0
2026-01-02 11:00:00,WELL-007,PUMP-007,141.07372230891613,75.12312994278399,2.793298186954218,1216.0204488103193,1243.204158598977,1398.5435160960847,0
2026-01-02 12:00:00,WELL-007,PUMP-007,150.42362019768035,73.08311812852965,4.12081900548682,1322.0518878010744,1172.2201072363393,1517.737337282592,0
2026-01-02 13:00:00,WELL-007,PUMP-007,145.89744952434924,71.58683988993938,3.6842165107576177,1219.8275373750982,1140.1581155623448,1427.5856367877338,0
2026-01-02 14:00:00,WELL-007,PUMP-007,154.53159240339482,83.9647552810771,3.103954379933965,1192.619314993596,1180.564681730171,1518.9117380001517,0
2026-01-02 15:00:00,WELL-007,PUMP-007,137.5092561352009,73.59378546831665,3.537593686961478,1285.9174044456172,1161.9798633122407,1399.4214862147805,0
2026-01-02 16:00:00,WELL-007,PUMP-007,148.2927925768122,76.35097060639657,4.244439186364206,1194.0536551705088,1209.4450737871282,1383.0446458788292,0
2026-01-02 17:00:00,WELL-007,PUMP-007,160.4468886894945,79.87059234116849,3.9998781970390067,1222.9762989554138,1189.8637614870863,1428.969032877199,0
2026-01-02 18:00:00,WELL-007,PUMP-007,153.34240269951698,79.92648834348867,3.7352707493325124,1320.4863461002392,1127.9007703088153,1521.1718961722117,0
2026-01-02 19:00:00,WELL-007,PUMP-007,158.85848427151473,74.69565215034471,3.2455540439798125,1228.9200421659168,1161.5406286096413,1477.8968890762187,0
2026-01-02 20:00:00,WELL-007,PUMP-007,151.72125136713242,75.6336574281895,2.91713964324654,1295.1611553995258,1170.6319453823655,1352.4459216853188,0
2026-01-02 21:00:00,WELL-007,PUMP-007,178.09542653226785,100.5909891170512,7.833325407021427,956.5114312956581,919.3292416462921,1387.8923324604195,0
2026-01-02 22:00:00,WELL-007,PUMP-007,162.7448497720234,69.80946506769483,3.48346643809066,1171.8172134365625,1078.6150857429188,1435.3812323453158,0
2026-01-02 23:00:00,WELL-007,PUMP-007,151.48568632332714,67.65105253682425,4.2217234167360305,1323.086446097149,1275.1683716544019,1423.6386944697686,0
2026-01-03 00:00:00,WELL-007,PUMP-007,145.44955666267754,75.6492391523343,3.0762021759822247,1236.2833655487327,1156.5301567837864,1386.556370369711,0
2026-01-03 01:00:00,WELL-007,PUMP-007,142.611525434548,63.20194199167095,2.9780066114861627,1363.5250009913987,1050.6038646102393,1472.4449893073765,0
2026-01-03 02:00:00,WELL-007,PUMP-007,148.38159991930308,87.10977740267622,3.776143365936751,1385.6490026622469,1162.1894290620035,1518.2434686927536,0
2026-01-03 03:00:00,WELL-007,PUMP-007,141.08158010602284,78.3987509622145,4.42236997841717,1137.627766617596,1175.8233451528106,1427.7003471028283,0
2026-01-03 04:00:00,WELL-007,PUMP-007,150.47729514957584,65.92845939305191,3.2439423026968592,1274.9116285929615,1215.880820688199,1479.451153982096,0
2026-01-03 05:00:00,WELL-007,PUMP-007,145.85484383428496,76.70436373605895,1.8127614360412438,1316.8217926326918,1242.6990909895862,1424.680941003506,0
2026-01-03 06:00:00,WELL-007,PUMP-007,149.1951865987505,74.01715482891653,3.7313162761050678,1228.399041003904,1236.7379399262857,1548.966680919194,0
2026-01-03 07:00:00,WELL-007,PUMP-007,159.98869983373203,78.67687777477242,3.9195130271917473,1256.9407108663397,1215.325740837388,1459.879769113,0
2026-01-03 08:00:00,WELL-007,PUMP-007,140.9187189625134,73.445804258625,4.193668769987184,1192.54434929699,1171.0364174889226,1371.289517719894,0
2026-01-03 09:00:00,WELL-007,PUMP-007,155.16118913117737,75.76888090110347,4.176913396765887,1300.9103462833843,1263.3132385689405,1464.6067848598302,0
2026-01-03 10:00:00,WELL-007,PUMP-007,158.6193319908174,81.07662985238228,2.1443774697009816,1202.0580417387885,1108.6580565088668,1457.4794142785343,0
2026-01-03 11:00:00,WELL-007,PUMP-007,165.25026092901714,63.90329837523339,3.751245148672843,1259.865951810287,1236.973498220777,1466.1380528438228,0
2026-01-03 12:00:00,WELL-007,PUMP-007,144.94044646348817,75.93307413036784,3.636452760762629,1166.251363323333,1269.3888141344137,1427.7161630049295,0
2026-01-03 13:00:00,WELL-007,PUMP-007,147.46336532192737,69.68835159212593,2.7491737819249744,1334.911683461501,1235.8024843885835,1420.4026218716165,0
2026-01-03 14:00:00,WELL-007,PUMP-007,151.066364404115,82.70734197889102,4.45585617089915,1065.2025119649247,1197.4795012855777,1289.3523194742488,0
2026-01-03 15:00:00,WELL-007,PUMP-007,151.84013390203967,76.82425610464558,3.6945701748935282,1260.4351646924401,1149.6148284675062,1438.8276362030315,0
2026-01-03 16:00:00,WELL-007,PUMP-007,150.5891111435219,71.07779040629377,3.7590234711928883,1231.4873598677393,1245.1204196502733,1444.3186532740385,0
2026-01-03 17:00:00,WELL-007,PUMP-007,154.41620189192795,74.30467425757858,3.711729388871672,1142.5866989398542,1273.909583738663,1422.7226913703214,0
2026-01-03 18:00:00,WELL-007,PUMP-007,188.45567756238174,95.98419368144233,6.567617302218064,1050.8263745601987,972.7599567650049,1544.3775675127922,0
2026-01-03 19:00:00,WELL-007,PUMP-007,161.59531015197496,74.10890493716072,3.679498740313087,1225.8789084369043,1089.6742132194252,1510.1937370896799,0
2026-01-03 20:00:00,WELL-007,PUMP-007,168.8663275269291,74.9559925454766,3.2539864150013647,1245.3471442797534,1152.2734173434249,1409.0647948286341,0
2026-01-03 21:00:00,WELL-007,PUMP-007,148.82785376790767,78.09304273805142,2.5138195146680298,1248.076173992014,1199.6800276884092,1400.5209798135427,0
2026-01-03 22:00:00,WELL-007,PUMP-007,148.18809423976657,69.61695823128485,3.186538128825409,1268.902407516244,1137.0541955661572,1426.2229207300638,0
2026-01-03 23:00:00,WELL-007,PUMP-007,135.83380461927155,80.04376035842022,2.9266887389484575,1231.0783587675412,1221.8362700894597,1523.0451713072266,0
2026-01-04 00:00:00,WELL-007,PUMP-007,152.70420397800396,69.0602473571214,3.0772182824242202,1333.712957374375,1167.720008603971,1429.0814861965148,0
2026-01-04 01:00:00,WELL-007,PUMP-007,145.91601152989122,81.77144099792216,3.5355040793362975,1359.94327308587,1192.5314639960663,1411.7646135206019,0
2026-01-04 02:00:00,WELL-007,PUMP-007,150.82836112661522,70.96306738631924,2.9274102553106105,1327.2620589697642,1254.9589647001253,1501.9297557840787,0
2026-01-04 03:00:00,WELL-007,PUMP-007,152.31813715485228,70.96538957095109,3.4723947027724327,1298.9032917790596,1196.4199013955574,1480.0541369053883,0
2026-01-04 04:00:00,WELL-007,PUMP-007,149.53750717826725,82.29099929406632,4.262279716451881,1167.5398425991784,1180.0444397018812,1356.7083200436339,0
2026-01-04 05:00:00,WELL-007,PUMP-007,150.48588900465043,71.16226749384923,3.1744034606155602,1217.3330655483453,1281.0058047486552,1446.4064607094613,0
2026-01-04 06:00:00,WELL-007,PUMP-007,149.5445063092155,68.14452406881956,3.6177657544578734,1306.4348597392686,1115.73814904183,1512.0920577579109,0
2026-01-04 07:00:00,WELL-007,PUMP-007,151.80981025139687,66.66905380986697,3.701814042482369,1109.073405819628,1251.6403418895156,1495.3636842395854,0
2026-01-04 08:00:00,WELL-007,PUMP-007,156.40282522856108,80.80332616034208,2.75901370177873,1374.2447816033693,1194.9412253192438,1537.659727925599,0
2026-01-04 09:00:00,WELL-007,PUMP-007,179.8551007068156,89.9519321387415,8.446329766372298,894.830601348578,1003.3487869373726,1396.78137947829,0
2026-01-04 10:00:00,WELL-007,PUMP-007,153.80199943204667,80.03557214490817,2.5395901345904086,1254.6379757292532,1247.669348697762,1525.3147957443578,0
2026-01-04 11:00:00,WELL-007,PUMP-007,146.7494061762479,67.38761173894778,3.406756154416494,1278.5498650654313,1165.4543077079466,1447.5627950957733,0
2026-01-04 12:00:00,WELL-007,PUMP-007,142.41038772269468,66.55549165718135,3.5350762741004154,1321.7048148622928,1091.7317668763976,1462.8864870605526,0
2026-01-04 13:00:00,WELL-007,PUMP-007,150.91418127942947,79.06942824356435,3.9929301039081415,1101.7871740822118,1188.075310329326,1425.9706652044385,0
2026-01-04 14:00:00,WELL-007,PUMP-007,150.89865654709763,82.55570580006336,3.714653050056126,1242.0377337881798,1190.3983269397904,1388.9131815153746,0
2026-01-04 15:00:00,WELL-007,PUMP-007,170.69758594271013,81.80173077525299,3.6552967360232125,1197.2431697180327,1269.1915696415308,1481.7945199866467,0
2026-01-04 16:00:00,WELL-007,PUMP-007,157.87489975665622,68.3525321390354,3.742848503189302,1183.7685706107352,1167.9722468726297,1427.0488374752842,0
2026-01-04 17:00:00,WELL-007,PUMP-007,155.16079820960664,81.111646027762,3.7371083717440134,1305.9653291881234,1208.1847648472608,1450.8131017344558,0
2026-01-04 18:00:00,WELL-007,PUMP-007,137.80512743842257,83.4780493006462,3.326106854678962,1295.6713269094644,1157.203822358448,1414.8729185224188,0
2026-01-04 19:00:00,WELL-007,PUMP-007,141.8050250905005,77.34461697943927,3.5129857768053045,1368.5053212046994,1022.0349867576708,1460.4042432127867,0
2026-01-04 20:00:00,WELL-007,PUMP-007,144.9986736936877,73.6008046207853,4.1488439266354895,1170.7516530339337,1105.2257317981978,1476.977376668051,0
2026-01-04 21:00:00,WELL-007,PUMP-007,160.1646448420426,80.79421078499362,4.118855412586489,1217.7815296869023,1133.9071943645195,1531.8321862403695,0
2026-01-04 22:00:00,WELL-007,PUMP-007,155.86273445598107,77.9750440105414,4.179007122200731,1130.7720154031363,1195.669268284576,1521.295516616068,0
2026-01-04 23:00:00,WELL-007,PUMP-007,151.0904926972969,82.08553545447549,3.7116959586764606,1443.4633456424779,1157.9539542654504,1472.652245856051,0
2026-01-05 00:00:00,WELL-007,PUMP-007,172.32239675810138,91.58043526281986,5.871730292321533,987.2848706748022,934.7922121897038,1486.363968796858,0
2026-01-05 01:00:00,WELL-007,PUMP-007,137.9414913481451,68.74238602847734,3.8532733263338916,1232.0547619821905,1174.779383892754,1419.3632912492621,0
2026-01-05 02:00:00,WELL-007,PUMP-007,136.4831454372938,66.97141410939692,3.362120495568325,1275.096846396913,1116.2212133765336,1468.0552679118216,0
2026-01-05 03:00:00,WELL-007,PUMP-007,163.87106510702887,81.38687019256611,2.354121398204644,1185.8450019949028,1213.434407370692,1384.0135671925498,0
2026-01-05 04:00:00,WELL-007,PUMP-007,156.7753511375026,73.4504299237654,2.7639206084361905,1127.9951623452907,1304.572810161451,1434.8503813063587,0
2026-01-05 05:00:00,WELL-007,PUMP-007,170.02909313830665,63.964067410328425,3.950499265608089,1092.505428953329,1302.9545297172724,1474.3933416848004,0
2026-01-05 06:00:00,WELL-007,PUMP-007,156.03494737632334,71.30351281819728,3.6744372493782427,1209.6975640844169,998.7173463739676,1505.9634836992398,0
2026-01-05 07:00:00,WELL-007,PUMP-007,158.4648449439683,76.77420077785149,2.652390759795853,1194.3017295702257,1343.5302269719737,1467.8927200552328,0
2026-01-05 08:00:00,WELL-007,PUMP-007,178.80024287342846,102.12510275462171,8.384835118759906,973.306047658964,1057.2676411970172,1351.6680533643323,1
2026-01-05 09:00:00,WELL-007,PUMP-007,157.4390167667747,77.80129930666493,3.6984936351791826,1265.2688246122027,1140.2256098054288,1403.814887225606,0
2026-01-05 10:00:00,WELL-007,PUMP-007,152.038553746776,83.5803797319926,3.4405276885060263,1288.6795761571434,1234.6276916209629,1398.7265077800869,0
2026-01-05 11:00:00,WELL-007,PUMP-007,150.92619396844432,70.58191546162664,2.8481298955106658,1325.9988333910067,1298.55246949256,1477.4980162544014,0
2026-01-05 12:00:00,WELL-007,PUMP-007,182.23840818675524,93.22701629512666,8.499081190881482,1084.3878094443298,1001.5391809873961,1394.0576740934314,1
2026-01-05 13:00:00,WELL-007,PUMP-007,135.4761446934455,78.47980627651802,4.492064065295506,1199.0244226192356,1171.825083195652,1471.7145730657865,0
2026-01-05 14:00:00,WELL-007,PUMP-007,155.22614882966892,72.45321531938309,3.2954606438070018,1327.7036479033745,1274.1421671427252,1417.2442211772798,0
2026-01-05 15:00:00,WELL-007,PUMP-007,147.31714343563206,72.35197975598854,3.1716952375137395,1238.9874497221858,1299.1475553871148,1442.4401307151438,0
2026-01-05 16:00:00,WELL-007,PUMP-007,149.15480287628046,71.2214849822019,3.3366659694614293,1260.295232185293,1168.4175426503214,1421.858542531957,0
2026-01-05 17:00:00,WELL-007,PUMP-007,151.03010989078746,78.4412047541267,4.104130147209347,1166.3426180830138,1113.440826587865,1433.8368870306256,0
2026-01-05 18:00:00,WELL-007,PUMP-007,146.22806959617026,75.75095418577597,2.980147058070588,1195.9842664549087,1223.564905874621,1399.114181975239,0
2026-01-05 19:00:00,WELL-007,PUMP-007,157.22974688839935,81.69338987116527,3.3166099429465516,1155.0075076117055,1097.3325467507086,1358.094621747058,0
2026-01-05 20:00:00,WELL-007,PUMP-007,150.2499289838236,69.0445908415758,3.3963935977824025,1304.7363525704534,1110.0891849879424,1409.077116334298,0
2026-01-05 21:00:00,WELL-007,PUMP-007,156.54305573365977,77.87082104181926,2.465788772864593,1318.4001307768178,1128.088515263416,1431.294773621804,0
2026-01-05 22:00:00,WELL-007,PUMP-007,148.14815144343123,75.33800148116225,3.115037029366031,1407.7026031611413,1217.7038608214261,1409.7843867775557,0
2026-01-05 23:00:00,WELL-007,PUMP-007,154.69127207975922,70.38292187504823,3.213440029175809,1253.8553741807864,1270.9601850549318,1520.5552504556067,0
2026-01-06 00:00:00,WELL-007,PUMP-007,158.13353490280392,66.06316712466776,3.5448147705393698,1168.3880495234612,1084.9710137481209,1534.6992316888773,0
2026-01-06 01:00:00,WELL-007,PUMP-007,145.0086863852407,70.88998739942546,3.267263705039468,1279.5515888815953,1227.7386818525852,1504.588174545832,0
2026-01-06 02:00:00,WELL-007,PUMP-007,132.95709783318603,83.92491378340411,4.0987666180635784,1264.6170523835212,1148.788446464122,1431.603093652985,0
2026-01-06 03:00:00,WELL-007,PUMP-007,150.6950811190225,80.62916089505876,3.449653460729598,1247.5829818572574,1177.6490216662967,1514.8886906895584,0
2026-01-06 04:00:00,WELL-007,PUMP-007,135.89318758550928,69.94851437707408,3.922116708035902,1192.2059201823029,1110.4346572063719,1519.7680535891648,0
2026-01-06 05:00:00,WELL-007,PUMP-007,152.2227424757748,86.72209693881898,4.247757668599208,1230.1522360294553,1010.660960334697,1454.0821367210579,0
2026-01-06 06:00:00,WELL-007,PUMP-007,152.38895573662606,81.2797298271916,3.655081737963582,1193.4047935821961,1270.8436451457214,1434.3858432935072,0
2026-01-06 07:00:00,WELL-007,PUMP-007,162.13395838027054,78.28956315796381,3.55382634147159,1197.1868730709152,1178.544897127637,1531.9648567603638,0
2026-01-06 08:00:00,WELL-007,PUMP-007,152.34852907115652,71.9067618470302,3.6935545605578657,1273.7719932713662,1253.1992024375477,1472.225704632832,0
2026-01-06 09:00:00,WELL-007,PUMP-007,151.29109639707607,73.72937088404949,3.1711022726359106,1196.6152315623233,1067.6380690290928,1404.4030026594169,0
2026-01-06 10:00:00,WELL-007,PUMP-007,145.7754879018563,70.76352229468117,3.4867368241355683,1218.6426864258115,1216.1327653612623,1469.1363592077842,0
2026-01-06 11:00:00,WELL-007,PUMP-007,162.70064730273893,72.12207273077354,3.366486751845163,1241.5040502580653,1259.5574399042337,1517.2052846877227,0
2026-01-06 12:00:00,WELL-007,PUMP-007,141.39513401915198,76.81990301924823,3.7177906398428657,1330.590730236623,1220.9751468046716,1482.8452211342167,0
2026-01-06 13:00:00,WELL-007,PUMP-007,168.45289697164606,93.58110878364677,7.551918208276101,1022.7302512300205,970.0410455246812,1483.09697920354,0
2026-01-06 14:00:00,WELL-007,PUMP-007,160.79578484209298,70.21766428130195,3.7699453332987365,1183.642581233577,1251.497837868828,1500.5952791874886,0
2026-01-06 15:00:00,WELL-007,PUMP-007,166.19779536652806,73.68983726506842,3.6146737158509623,1270.1750926633947,1226.6039742586233,1537.4269872556322,0
2026-01-06 16:00:00,WELL-007,PUMP-007,153.06552308301863,72.9993196834872,3.7788771616663794,1348.5355440347205,1150.4761638563866,1447.2787849814347,0
2026-01-06 17:00:00,WELL-007,PUMP-007,146.19725965968897,61.70187956028602,2.134581901443287,1276.0061394548216,1090.8820436615097,1452.6892562941634,0
2026-01-06 18:00:00,WELL-007,PUMP-007,154.99936371281885,68.72400942542085,2.9362306512325844,1166.0628184794268,1167.7342523358618,1432.3773648231072,0
2026-01-06 19:00:00,WELL-007,PUMP-007,164.9699913466447,74.97524363269042,2.738223942822647,1173.259984231898,1160.6671349267187,1410.2679862804862,0
2026-01-06 20:00:00,WELL-007,PUMP-007,156.88096313587974,76.50906243037934,4.4805646915859185,1226.0643879864542,1154.6940741025194,1429.6050537728177,0
2026-01-06 21:00:00,WELL-007,PUMP-007,154.09514595889408,65.70569097997216,4.222017190134914,1098.2410151600784,1259.5141150486193,1471.7006108144374,0
2026-01-06 22:00:00,WELL-007,PUMP-007,164.85132414261068,78.80159657879712,3.1488884884404293,1281.381802132044,1223.8370986244322,1400.264136298204,0
2026-01-06 23:00:00,WELL-007,PUMP-007,152.4093835430999,74.71527092680803,3.255315816471678,1138.8000680335792,1225.049019891621,1440.91585694959,0
2026-01-07 00:00:00,WELL-007,PUMP-007,139.13894044040873,74.3660537416703,4.1922611234531395,1255.4921165659428,1245.736226054179,1420.3942939332499,0
2026-01-07 01:00:00,WELL-007,PUMP-007,150.50621615928105,74.47310127761422,3.064029980038942,1206.1966882843915,1290.9754360525098,1488.9867938852644,0
2026-01-07 02:00:00,WELL-007,PUMP-007,142.60355824424548,79.67164373362999,3.2130879816597804,1249.7459314586295,1200.6214834660361,1344.95093947502,0
2026-01-07 03:00:00,WELL-007,PUMP-007,155.13731747990585,71.61436044591063,3.907409645626296,1114.1205934649429,1142.712308515994,1368.6807562747738,0
2026-01-07 04:00:00,WELL-007,PUMP-007,141.4849778860963,84.51214940235599,2.6963047022179785,1240.2352243704781,1059.1214696385894,1529.9785061035295,0
2026-01-07 05:00:00,WELL-007,PUMP-007,150.3175811614527,78.12481536396793,3.9096296485574853,1312.0288401776468,1068.5063454215751,1404.130400736836,0
2026-01-07 06:00:00,WELL-007,PUMP-007,138.7958208717543,82.49025142268297,3.1031275340295377,1328.9789790735406,1192.302755618166,1385.3274738635064,0
2026-01-07 07:00:00,WELL-007,PUMP-007,148.64406423354237,81.42401849935624,3.1565091160729035,1326.3614889541166,1083.4756903088223,1467.8245145891758,0
2026-01-07 08:00:00,WELL-007,PUMP-007,147.00172919969287,77.35905869753073,3.1372519474075125,1319.1073674911027,1120.0371149514992,1494.2618306824988,0
2026-01-07 09:00:00,WELL-007,PUMP-007,141.87826048709698,81.52854451607662,2.0243151612731163,1198.7193165169206,1170.0543823397616,1467.6503906316466,0
2026-01-07 10:00:00,WELL-007,PUMP-007,161.47540253155842,69.31329899694923,3.780985505372727,1267.4366540509923,1154.9828634735738,1482.2266343656524,0
2026-01-07 11:00:00,WELL-007,PUMP-007,152.44934479011567,75.90875270379298,3.099764765596583,1093.5949565822793,1160.9912051060635,1488.3277897979071,0
2026-01-07 12:00:00,WELL-007,PUMP-007,143.77592870106758,69.30344163966225,3.9107749977871347,1230.4877641119326,1160.188487612275,1449.5471868188508,0
2026-01-07 13:00:00,WELL-007,PUMP-007,162.67161733337178,68.41111081035193,3.237645270068168,1444.7116624042833,1131.8107174646752,1530.9869541192156,0
2026-01-07 14:00:00,WELL-007,PUMP-007,143.0303281677359,71.9924424261507,3.813722760148579,1189.0315845289863,1169.12389082474,1369.907235305761,0
2026-01-07 15:00:00,WELL-007,PUMP-007,163.07577518645866,77.97270003709474,4.101583119377725,1118.476349107612,1110.4141903851,1509.2078239661164,0
2026-01-07 16:00:00,WELL-007,PUMP-007,137.89076660430146,76.26224277476831,3.529298674885046,1175.3262986631787,1289.807734318895,1480.3456855143525,0
2026-01-07 17:00:00,WELL-007,PUMP-007,162.91814653474998,74.97022811212578,3.0392401120417714,1253.5457214933429,1137.1042074477186,1437.0842531713208,0
2026-01-07 18:00:00,WELL-007,PUMP-007,155.0740230117714,68.67676363856744,4.054578159384867,1145.9430559526413,1224.7009266240984,1417.586322291367,0
2026-01-07 19:00:00,WELL-007,PUMP-007,146.20236392796147,75.98108555668091,3.759588820777391,1221.9308821787636,1058.9319341843266,1466.8507689300686,0
2026-01-07 20:00:00,WELL-007,PUMP-007,134.8399448512178,80.63738929365965,3.566064551453797,1159.1585563848805,1281.897240022085,1414.933594993092,0
2026-01-07 21:00:00,WELL-007,PUMP-007,141.50182984523988,85.08744259298643,2.647646335406138,1210.122115441268,1263.9358617793653,1392.529226315265,0
2026-01-07 22:00:00,WELL-007,PUMP-007,133.91977901804094,81.35043073840048,3.6342078178973334,1240.4465864086271,1259.2696176992226,1512.3748361784137,0
2026-01-07 23:00:00,WELL-007,PUMP-007,153.8475491062043,78.88326121596221,3.930793484784977,1124.9354076658076,1171.966095299884,1449.1881349018645,0
2026-01-08 00:00:00,WELL-007,PUMP-007,150.22399636155652,69.69557872150207,2.760878867506034,1147.7916140755153,1189.825403470459,1449.6803839970107,0
2026-01-08 01:00:00,WELL-007,PUMP-007,153.3793825774211,69.0940186274681,3.271687252647507,1229.6480344391068,1050.766743788005,1363.282533300559,0
2026-01-08 02:00:00,WELL-007,PUMP-007,146.6821769492294,76.58863350604798,3.6002107868701763,1313.3648081663473,1146.0796419546457,1356.9794248901753,0
2026-01-08 03:00:00,WELL-007,PUMP-007,149.11504737160948,83.82267562039081,2.9478250096015186,1313.110366489937,1179.874378162149,1393.2204960139188,0
2026-01-08 04:00:00,WELL-007,PUMP-007,142.25629728430562,70.21108321548516,3.3494694922505786,1269.0286347222407,1213.8786113376334,1456.2079301923607,0
2026-01-08 05:00:00,WELL-007,PUMP-007,169.76697242839276,96.34359631212922,10.670984955540472,1167.8659371992294,1002.0224215848673,1421.1753331535754,1
2026-01-08 06:00:00,WELL-007,PUMP-007,161.03349583507833,72.74039858450746,3.679988721657546,1443.8135100431216,1120.7457748982586,1459.6358671744867,0
2026-01-08 07:00:00,WELL-007,PUMP-007,134.9691446900548,75.88479624869916,4.910203472092582,1351.664978372553,1258.1594988379659,1462.2801408528958,0
2026-01-08 08:00:00,WELL-007,PUMP-007,164.97551685052576,99.8342936799398,7.370643750422308,1199.258177478211,1021.4959524994287,1489.2577428974867,0
2026-01-08 09:00:00,WELL-007,PUMP-007,149.66364985628553,74.91376855844501,2.60520662928296,1254.7881624475463,1099.791120222553,1453.0797220791844,0
2026-01-08 10:00:00,WELL-007,PUMP-007,144.86840545201707,75.71699421516766,2.537601431147025,1184.207409818229,1219.8275069385434,1379.34110790671,0
2026-01-08 11:00:00,WELL-007,PUMP-007,141.62924052195027,77.00454607310955,2.9486040118662515,1195.7341024487416,1036.553779632583,1556.5914233899514,0
2026-01-08 12:00:00,WELL-007,PUMP-007,148.92760986798248,75.47213612176765,3.1311556303292694,1351.915738357996,1075.3402239061281,1393.086893252095,0
2026-01-08 13:00:00,WELL-007,PUMP-007,154.83114409889288,86.04664177232033,3.329444567257719,1226.3416103303357,1178.2401581717895,1463.0104496979397,0
2026-01-08 14:00:00,WELL-007,PUMP-007,144.40114752273794,70.6916814831363,2.2386167651930355,1261.165052225707,1092.696700552095,1441.587889823474,0
2026-01-08 15:00:00,WELL-007,PUMP-007,155.01585331837467,71.32392810798733,3.280692418231537,1078.1719874939413,1251.5676852432625,1395.680005669919,0
2026-01-08 16:00:00,WELL-007,PUMP-007,142.20131538777122,70.95877253505988,2.895924464404038,1297.9382104531512,1128.2053390039143,1462.7561544061725,0
2026-01-08 17:00:00,WELL-007,PUMP-007,141.87909970974957,75.17624378699226,3.065891181390923,1411.4864259689216,1136.7556368720368,1390.4021756677462,0
2026-01-08 18:00:00,WELL-007,PUMP-007,144.2891667176559,76.48676271413777,3.180586597840295,1327.4899028564669,1070.9150488695636,1483.844141007661,0
2026-01-08 19:00:00,WELL-007,PUMP-007,153.2132233897571,83.60552048301601,3.0210426750565236,1182.8258203059052,1108.300216873287,1433.1006037357058,0
2026-01-08 20:00:00,WELL-007,PUMP-007,157.36600374531096,77.56531671506785,2.8085333191346793,1192.0622948935256,1153.3511802068363,1446.3797426341052,0
2026-01-08 21:00:00,WELL-007,PUMP-007,162.65410962369182,83.50506205268363,4.327880931912747,1196.3952251307728,1307.3039440424898,1413.0561751822195,0
2026-01-08 22:00:00,WELL-007,PUMP-007,154.85057226693053,67.8399018438956,3.1313507118432726,1236.4692031462428,1118.8351979024173,1431.1469591408977,0
2026-01-08 23:00:00,WELL-007,PUMP-007,150.02885882966103,80.22997228479508,3.3514173471054085,1233.3495133964398,1193.2937629607404,1581.2929197658998,0
2026-01-09 00:00:00,WELL-007,PUMP-007,143.4660730710167,66.85230350017392,3.5359657336383012,1229.1609173749318,1234.812863510051,1442.8314867514016,0
2026-01-09 01:00:00,WELL-007,PUMP-007,138.0094006888371,71.78865754344568,3.747485803488893,1237.1217834508184,1211.2675255528925,1555.1425010570345,0
2026-01-09 02:00:00,WELL-007,PUMP-007,146.39901221364886,77.53649992814876,3.055890845236233,1201.6238515922334,1296.400976899484,1511.5456045441067,0
2026-01-09 03:00:00,WELL-007,PUMP-007,151.60932470649212,87.67836820639235,3.066541220034393,1247.0517530001912,1055.0306961152153,1430.8543207215519,0
2026-01-09 04:00:00,WELL-007,PUMP-007,144.56051244193267,69.36433708159078,2.6872402033564144,1166.7695879324872,1202.637569854598,1452.50450742854,0
2026-01-09 05:00:00,WELL-007,PUMP-007,143.82775439076272,64.86116038417507,3.566651850618169,1287.5567063092035,1227.1611341792864,1398.9365966208102,0
2026-01-09 06:00:00,WELL-007,PUMP-007,140.67263997634433,71.56261686798237,3.283165015659251,1303.952384084556,1192.3198076489177,1451.0000661075462,0
2026-01-09 07:00:00,WELL-007,PUMP-007,148.88210494260983,70.4658733494904,2.4468680153594278,1293.2488963169562,1133.60372198525,1363.3454192422073,0
2026-01-09 08:00:00,WELL-007,PUMP-007,155.50215331037364,72.04176300742124,3.300198216808214,1112.1956137695774,1124.2432097387757,1426.9150642206207,0
2026-01-09 09:00:00,WELL-007,PUMP-007,159.8084962691596,76.50623946509276,2.6551230092896687,1148.924118020173,1330.7959185673747,1426.1566598638265,0
2026-01-09 10:00:00,WELL-007,PUMP-007,156.95517740063033,66.28108176627303,4.4074734355083285,1188.1379131911042,1144.339273904584,1414.8611417004,0
2026-01-09 11:00:00,WELL-007,PUMP-007,151.4277405396565,79.73898139416451,2.0909566227164484,1157.5406981119206,1266.652594086965,1469.8812046686185,0
2026-01-09 12:00:00,WELL-007,PUMP-007,159.2348502892194,81.9404501618964,3.4175668403499344,1292.4315444739802,1303.5411597316756,1446.7411616538873,0
2026-01-09 13:00:00,WELL-007,PUMP-007,152.33075568891326,69.25553465969905,3.3838489539778998,1139.1370674875848,1186.0127161954638,1431.0597762957973,0
2026-01-09 14:00:00,WELL-007,PUMP-007,135.78960830747377,67.2702261103848,3.392996967503169,1270.1428196540398,1209.5573249130848,1446.6930223976763,0
2026-01-09 15:00:00,WELL-007,PUMP-007,150.17131251595904,70.07233079200404,4.053134032889379,1335.530354885944,1162.0045075106325,1528.8062978705327,0
2026-01-09 16:00:00,WELL-007,PUMP-007,166.98656410624815,72.47824573029871,3.0952276853859857,1263.6460465181617,1147.2036049517965,1410.3147710248882,0
2026-01-09 17:00:00,WELL-007,PUMP-007,140.11709379701367,73.24851943978,4.985843738831158,1155.8494943654755,1237.4528577604563,1445.373265306907,0
2026-01-09 18:00:00,WELL-007,PUMP-007,143.82898218928312,76.60492984635708,4.375597790960919,1197.8189453004995,1212.1010745964008,1379.7126862054806,0
2026-01-09 19:00:00,WELL-007,PUMP-007,150.44620412088068,70.23097376720673,3.057367365385154,1276.714598962439,1178.2404487159215,1451.9147243626023,0
2026-01-09 20:00:00,WELL-007,PUMP-007,145.91969460388532,72.70547417938253,2.031502914590204,1242.1627414322595,1170.2084923576,1474.4330768630239,0
2026-01-09 21:00:00,WELL-007,PUMP-007,142.63804775278697,71.0170685620704,2.377731456214198,1249.096622178721,1324.7408997510697,1459.8084499233107,0
2026-01-09 22:00:00,WELL-007,PUMP-007,142.59051298860788,78.30569006669019,3.566908534552329,1169.2791815132111,1038.3986689939638,1465.8217841713226,0
2026-01-09 23:00:00,WELL-007,PUMP-007,172.77899082276005,77.01723145006149,3.4868761174731913,1405.1153704508572,1020.1875064393341,1435.6889076070138,0
2026-01-10 00:00:00,WELL-007,PUMP-007,148.84214080865172,76.77024254293774,3.656819445268144,1336.2298461251842,1224.5618864256066,1478.7373464562752,0
2026-01-10 01:00:00,WELL-007,PUMP-007,139.69279893165978,76.0098307130867,3.641880005558626,1160.0554074942918,1242.0199982342385,1348.1293173323172,0
2026-01-10 02:00:00,WELL-007,PUMP-007,146.75573846590035,75.44289064708367,3.8279029721650484,1161.848002160903,1205.098339971546,1451.7330716028594,0
2026-01-10 03:00:00,WELL-007,PUMP-007,164.25740972534595,68.35083584771796,3.337972433266377,1177.227652158348,1231.950862199472,1520.7502876412022,0
2026-01-10 04:00:00,WELL-007,PUMP-007,172.2814111864141,95.80507649910936,10.253472231629956,1018.3245189326033,900.5075157144761,1518.6181972632585,1
2026-01-10 05:00:00,WELL-007,PUMP-007,146.08534099630236,85.66632340780927,2.6787973588879654,1332.0394869013003,1214.9808391089255,1491.8873112777576,0
2026-01-10 06:00:00,WELL-007,PUMP-007,149.60680169969154,81.41999166707564,3.9512084276370465,1282.8891313051183,1218.5809182680757,1504.4321771649404,0
2026-01-10 07:00:00,WELL-007,PUMP-007,147.86230381044282,71.50009549898314,3.9724250829343957,1187.8407030645164,1148.033268706669,1453.6025425093328,0
2026-01-10 08:00:00,WELL-007,PUMP-007,145.02893242601812,79.24577152040104,3.3557449192097875,1278.9788031643989,1159.8355277090882,1508.6972828850696,0
2026-01-10 09:00:00,WELL-007,PUMP-007,136.34207091835705,88.7139830218501,3.3035787854337486,1355.0535829673079,1278.3353589371832,1497.260715612519,0
2026-01-10 10:00:00,WELL-007,PUMP-007,154.11359118691345,68.19936190795856,2.306386479764631,1159.3895270952066,1214.9383053689066,1483.6726554157974,0
2026-01-10 11:00:00,WELL-007,PUMP-007,157.60223426790623,76.61023602162847,3.26026816640195,1335.1420697475576,1147.4871957055705,1528.5195920168908,0
2026-01-10 12:00:00,WELL-007,PUMP-007,162.60196485415275,75.91478831696361,3.596652421356309,1189.6735908213432,1331.691195073921,1499.5407888745353,0
2026-01-10 13:00:00,WELL-007,PUMP-007,154.71426746366078,72.46525654870187,3.6771378446632594,1176.9560652802616,1206.3047493579343,1472.0025330346787,0
2026-01-10 14:00:00,WELL-007,PUMP-007,143.4490374435088,66.72561605572976,3.0224013700283874,1262.163344861222,1228.618507280255,1412.7943017446928,0
2026-01-10 15:00:00,WELL-007,PUMP-007,150.0045733251662,76.69939490657454,3.1720873035748527,1251.5595218621486,1018.8591473905361,1492.3005969210383,0
2026-01-10 16:00:00,WELL-007,PUMP-007,160.97135201523358,81.06225475471743,3.499128440733286,1152.8070684173001,1160.5732492202064,1521.0719087426253,0
2026-01-10 17:00:00,WELL-007,PUMP-007,141.76054335750567,71.65576853565612,3.31757534050801,1175.6540329406698,1125.5465993077805,1453.7267000111121,0
2026-01-10 18:00:00,WELL-007,PUMP-007,145.7156641338632,78.77229861665151,2.7189153591617923,1264.394424944907,1213.6892118254802,1478.9803675068965,0
2026-01-10 19:00:00,WELL-007,PUMP-007,145.64367055235962,78.07073847018867,2.997826376180702,1355.900965026823,1124.0604659400474,1467.6374804312757,0
2026-01-10 20:00:00,WELL-007,PUMP-007,136.25749014332277,72.14945074499752,3.42892996612073,1360.952706724774,1307.377079991388,1443.5179645377198,0
2026-01-10 21:00:00,WELL-007,PUMP-007,160.06190774002928,71.40700798826234,3.2753270511791723,1212.806953955518,1086.6597498185301,1402.5584064188329,0
2026-01-10 22:00:00,WELL-007,PUMP-007,146.44550247330469,77.36746217710014,2.2994567309270826,1326.267860418885,1346.6196959160068,1455.6944410932415,0
2026-01-10 23:00:00,WELL-007,PUMP-007,139.23814038320137,83.0821277874502,2.4223012044988512,1292.4244945799683,1218.8620238285064,1388.016478032376,0
2026-01-11 00:00:00,WELL-007,PUMP-007,122.46736602251855,69.15933037903824,4.348117883057508,1232.2625204950573,1192.8750528390117,1443.5540145996904,0
2026-01-11 01:00:00,WELL-007,PUMP-007,141.88462701373132,72.34994347979307,2.9420440340785032,1152.0020794376153,1138.441040110892,1453.7256192548166,0
2026-01-11 02:00:00,WELL-007,PUMP-007,147.71661183235827,72.40521458678262,3.317507210527279,1210.9292984355673,1206.2561300213692,1504.984311001998,0
2026-01-11 03:00:00,WELL-007,PUMP-007,152.12679718806626,76.64329749086157,3.8755031945214258,1286.5313221846357,1182.0110084729913,1569.5726331426047,0
2026-01-11 04:00:00,WELL-007,PUMP-007,152.4628275490136,67.59382144179517,3.632462731053019,1323.19605268314,1164.3287674173043,1482.8269691068012,0
2026-01-11 05:00:00,WELL-007,PUMP-007,160.73967911525367,80.85498246602133,2.773826531461772,1300.4532327910138,1176.9872047434387,1419.6708990440468,0
2026-01-11 06:00:00,WELL-007,PUMP-007,159.7475924809531,71.9757174633593,3.738553023710719,1269.2581287565424,1266.848031560034,1348.9808864850877,0
2026-01-11 07:00:00,WELL-007,PUMP-007,144.22133100919837,77.20527056407822,3.792190824595318,1303.9155512280247,1240.5782289001568,1381.891771403939,0
2026-01-11 08:00:00,WELL-007,PUMP-007,132.75451392307696,70.47539871590759,3.416067234393206,1267.4127835571671,1049.2341376141758,1502.1454697792446,0
2026-01-11 09:00:00,WELL-007,PUMP-007,156.19650643505966,75.58975085446271,3.386334333484293,1228.387191471026,1135.3355893478708,1514.7598088450384,0
2026-01-11 10:00:00,WELL-007,PUMP-007,167.4465203976335,75.23803582223078,3.5541523354067937,1360.3568733041343,1098.4829821745034,1476.9480140518783,0
2026-01-11 11:00:00,WELL-007,PUMP-007,147.40453934601211,85.00787872564874,3.3821184652690848,1310.3755000246863,1230.3239686042343,1390.9988042950747,0
2026-01-11 12:00:00,WELL-007,PUMP-007,140.21653796283283,68.55613992405769,2.5556579454810375,1188.6360069045118,1246.3292829946658,1515.8095585158214,0
2026-01-11 13:00:00,WELL-007,PUMP-007,136.72211710894743,68.71856979296537,3.224181114515648,1230.7794528132463,1117.4378302517644,1392.0672451338542,0
2026-01-11 14:00:00,WELL-007,PUMP-007,145.83583136059497,81.83200484754718,4.3427070850540375,1383.1796586178164,1207.5277611465128,1417.2457902862225,0
2026-01-11 15:00:00,WELL-007,PUMP-007,165.5831278384141,75.34929898490881,4.18318336981228,1036.3865653302762,1288.65980365637,1413.7058169139598,0
2026-01-11 16:00:00,WELL-007,PUMP-007,153.51251460682187,77.61607745966394,3.8419933430791273,1223.5408330810321,1161.0278349442256,1381.9592086831485,0
2026-01-11 17:00:00,WELL-007,PUMP-007,141.30460946799556,84.06731928649276,3.8160585302028065,1403.779118025077,1240.4540937405234,1383.820280399328,0
2026-01-11 18:00:00,WELL-007,PUMP-007,132.35724130655473,80.43604730885698,3.591968208326364,1096.2929214695823,1201.2857852222892,1454.748074457656,0
2026-01-11 19:00:00,WELL-007,PUMP-007,148.59523092269637,84.06445109970463,3.262258813958499,1242.6863710424705,1249.3561999285994,1429.9632100691824,0
2026-01-11 20:00:00,WELL-007,PUMP-007,136.14987945626152,73.5425814361914,3.3726461469958338,1241.2460748962187,1111.588020806661,1557.0873193975267,0
2026-01-11 21:00:00,WELL-007,PUMP-007,161.20517349485925,76.09876477563775,3.9840644214274334,1309.6815675788696,1024.7235128781308,1449.422366051172,0
2026-01-11 22:00:00,WELL-007,PUMP-007,164.77257320235518,68.48591192873405,3.060729796664914,1474.8494339396989,1226.9492421187024,1318.3428477988982,0
2026-01-11 23:00:00,WELL-007,PUMP-007,147.39502973480003,71.97161393621411,3.913704096997435,1380.8945040845679,1366.2923056230484,1413.0185475765707,0
2026-01-12 00:00:00,WELL-007,PUMP-007,145.14160900179834,73.54446711202563,3.631199373555134,1319.4717783750027,1156.0611210347836,1543.9186601734555,0
2026-01-12 01:00:00,WELL-007,PUMP-007,145.123404481815,75.57717953700656,3.301668087579867,1303.0475217072276,1247.8837444602443,1502.4041832285943,0
2026-01-12 02:00:00,WELL-007,PUMP-007,148.0874953633005,78.28985590399955,4.725112452117859,1333.5677957902776,1225.6401019096925,1514.7658380802468,0
2026-01-12 03:00:00,WELL-007,PUMP-007,151.2054868630709,71.5124171468194,3.989190131124743,1266.5327758795593,1127.116162452416,1447.166922879338,0
2026-01-12 04:00:00,WELL-007,PUMP-007,147.6155163142864,74.72777954525988,3.7875449719127543,1134.1243054142878,1205.8050198314822,1415.4279312304272,0
2026-01-12 05:00:00,WELL-007,PUMP-007,155.89858092540433,72.06274362572147,2.8651629696256897,1206.4848186422726,1316.7559723583706,1464.0847956913676,0
2026-01-12 06:00:00,WELL-007,PUMP-007,140.40418753128088,82.13079150358098,4.752078682661148,1187.1593450566709,1202.932627083933,1385.013531494227,0
2026-01-12 07:00:00,WELL-007,PUMP-007,146.53029674647183,73.23672256567963,3.0372624233293894,1340.0581943498853,1237.0491218357386,1406.1532709062737,0
2026-01-12 08:00:00,WELL-007,PUMP-007,155.14007248978047,73.0719790210421,2.854662981643279,1355.0208527204834,1294.8817536630706,1423.7546151296822,0
2026-01-12 09:00:00,WELL-007,PUMP-007,166.88846382907911,72.85268005236196,4.865513529126119,1316.385581399335,1082.4877388803823,1460.7016918905515,0
2026-01-12 10:00:00,WELL-007,PUMP-007,162.03446402161902,75.85902245358002,2.9641656171902557,1399.7856672575776,1137.5751574632523,1394.0105062332277,0
2026-01-12 11:00:00,WELL-007,PUMP-007,146.6672476347827,75.5674717311287,3.1659111454057602,1180.4696606001655,1233.1839601388092,1468.5306985973928,0
2026-01-12 12:00:00,WELL-007,PUMP-007,152.1193466978069,68.56153093067294,3.383281151482871,1359.887048746994,1165.858829695081,1392.4559828361935,0
2026-01-12 13:00:00,WELL-007,PUMP-007,147.75490016549236,62.681579380472186,3.818381098246706,1235.3848186654943,1262.7327516940354,1460.776598989704,0
2026-01-12 14:00:00,WELL-007,PUMP-007,149.6714357601306,85.63749638551285,2.9950994770764137,1224.631097539916,1296.1045254331607,1430.5044403460006,0
2026-01-12 15:00:00,WELL-007,PUMP-007,155.91777989189941,64.10109404017874,3.2424354662760932,1322.6648832969472,1149.3594703623867,1414.103902452571,0
2026-01-12 16:00:00,WELL-007,PUMP-007,146.26159218494453,70.3400011123496,4.216089389157778,1240.2737985798142,1171.9334037979559,1483.9944837353041,0
2026-01-12 17:00:00,WELL-007,PUMP-007,147.8214031200419,73.65665691795479,3.5084478790787506,1302.2749896537653,1176.3555521160526,1381.9181725910094,0
2026-01-12 18:00:00,WELL-007,PUMP-007,151.75612492930148,75.98585421992233,4.136806623051699,1266.0979944816768,1352.8009425563869,1461.5638167880772,0
2026-01-12 19:00:00,WELL-007,PUMP-007,144.0165310249765,74.3460714074878,4.243313620435024,1130.1897707144394,1152.5632432274974,1432.8517581776628,0
2026-01-12 20:00:00,WELL-007,PUMP-007,145.47349502706032,73.18339770347193,3.999628833158196,1288.6828699148534,1169.8821845686125,1478.04195990441,0
2026-01-12 21:00:00,WELL-007,PUMP-007,142.87844341422127,71.43540794878567,3.761630644865564,1325.120790281747,1145.926223693165,1477.2220666834505,0
2026-01-12 22:00:00,WELL-007,PUMP-007,157.06072660863381,76.65835550429298,4.081533679515696,1286.701023677934,1306.3473766156949,1439.1810080910882,0
2026-01-12 23:00:00,WELL-007,PUMP-007,190.04068902024054,91.08308571684496,10.071662890200326,1214.998329800002,1070.0467509234827,1324.0584522540908,1
2026-01-13 00:00:00,WELL-007,PUMP-007,155.8762337473959,83.27521110734367,2.991396830470979,1138.2355981482422,1181.4002253879225,1448.5672169482368,0
2026-01-13 01:00:00,WELL-007,PUMP-007,140.62064349862473,81.90672634105604,4.935096631785209,1125.9103940899522,1138.9762644852801,1480.6223862608301,0
2026-01-13 02:00:00,WELL-007,PUMP-007,140.15619153458198,77.07133449895696,2.835544972639574,1258.3204338518856,1323.0061402794522,1432.620618852759,0
2026-01-13 03:00:00,WELL-007,PUMP-007,152.9486375902952,70.09103824863566,2.9733636417879206,1060.5252451430374,1138.5510767331052,1503.2789722242783,0
2026-01-13 04:00:00,WELL-007,PUMP-007,147.63467510331657,76.91783565853532,4.12377939758067,1167.0789895393127,1250.763669573992,1480.8842806405648,0
2026-01-13 05:00:00,WELL-007,PUMP-007,143.05798348250056,73.28683928494905,2.407933815312405,1278.808171685822,1172.7960529165723,1416.4036337704224,0
2026-01-13 06:00:00,WELL-007,PUMP-007,145.5150009249984,74.48584246840355,4.147989901780521,1154.6194072804967,1151.1490411365728,1412.4128217656405,0
2026-01-13 07:00:00,WELL-007,PUMP-007,138.31470907552037,74.37191210286954,3.3924020198703984,1183.9508735758875,1217.2080621153004,1344.609573918377,0
2026-01-13 08:00:00,WELL-007,PUMP-007,151.69889643046463,73.58693804995681,3.4690247455344982,1215.6150461734896,1216.8849971728746,1455.0404427129686,0
2026-01-13 09:00:00,WELL-007,PUMP-007,150.5067834211609,68.83828203834614,3.209796440087831,1054.6681130007553,1180.270615438247,1379.2053631466779,0
2026-01-13 10:00:00,WELL-007,PUMP-007,154.62622815420977,82.5141354262479,2.575185406993113,1328.0378364536907,1189.180689376423,1427.4666423587687,0
2026-01-13 11:00:00,WELL-007,PUMP-007,158.1819240255044,89.06844136661435,10.142041801183952,1137.2483106136215,989.4009578893476,1431.8632115905536,0
2026-01-13 12:00:00,WELL-007,PUMP-007,149.7912077095894,82.4287546983152,3.3644891066766585,1247.3807866584361,1108.3117722160564,1459.2843654421138,0
2026-01-13 13:00:00,WELL-007,PUMP-007,156.71096688542423,69.16643363634479,4.242109224412484,1374.0063059168874,1116.0858183357784,1404.3200087198468,0
2026-01-13 14:00:00,WELL-007,PUMP-007,159.54142022193196,77.07222725166093,4.323869505119892,1148.5903848237965,1130.0161273684903,1454.6861773163369,0
2026-01-13 15:00:00,WELL-007,PUMP-007,150.40994809322416,74.24705830295683,3.4180657344781187,1248.0957033523414,1114.7763303807635,1464.1108877485321,0
2026-01-13 16:00:00,WELL-007,PUMP-007,143.79922084963692,68.33879727277589,2.1516181342254552,1240.6725262315417,1071.1777558613135,1465.6833848799042,0
2026-01-13 17:00:00,WELL-007,PUMP-007,146.760650474372,77.59565323474715,4.81888371168769,1259.316158216588,1041.2161570260344,1497.6847566317888,0
2026-01-13 18:00:00,WELL-007,PUMP-007,149.37626086426562,73.5863499260305,3.2611780365586753,1252.166243059939,1331.5557552204223,1455.3678658793617,0
2026-01-13 19:00:00,WELL-007,PUMP-007,136.9839846177476,81.31312926174525,3.7697150528961267,1126.2206722037427,1183.9027172444942,1501.7413056927928,0
2026-01-13 20:00:00,WELL-007,PUMP-007,140.03340349500874,67.07470282532981,4.100987251796215,1166.6778666016046,1100.8213559267651,1424.250773781748,0
2026-01-13 21:00:00,WELL-007,PUMP-007,153.5616870313125,78.30590495296359,3.900521656876479,1228.2928667819192,1197.8174010725863,1417.4883456885357,0
2026-01-13 22:00:00,WELL-007,PUMP-007,160.81064437686123,80.29458017947641,3.049254967539377,1302.7222901194064,1265.0244691844557,1542.7899121287326,0
2026-01-13 23:00:00,WELL-007,PUMP-007,160.10691267960735,79.03709591191215,3.830228282091813,1115.2620161975874,1173.769962437407,1422.1053870048172,0
2026-01-14 00:00:00,WELL-007,PUMP-007,153.51188615970892,76.3462528665365,3.942769344651068,1140.072600232673,1171.8419615828223,1426.4899776295872,0
2026-01-14 01:00:00,WELL-007,PUMP-007,155.24834853762368,68.84903941651763,4.247435046561798,1327.9519484241057,1161.223904526215,1599.9367052751231,0
2026-01-14 02:00:00,WELL-007,PUMP-007,152.53761789724678,83.9481534831986,2.8330547506329755,1158.2512262431692,1021.0324304610655,1380.4609698283366,0
2026-01-14 03:00:00,WELL-007,PUMP-007,153.10545834179322,62.05820418224276,3.51015187950005,1190.3103189931971,1278.1653857415158,1597.137632300272,0
2026-01-14 04:00:00,WELL-007,PUMP-007,149.40053904301433,74.96449938892133,3.1495641617393058,1233.5621785893668,1208.1852492933642,1530.4523892751265,0
2026-01-14 05:00:00,WELL-007,PUMP-007,156.92299976477253,72.0665295939367,3.906659939708482,1271.2005087254643,1196.8926242309574,1372.0885075716064,0
2026-01-14 06:00:00,WELL-007,PUMP-007,139.83437376283536,73.48883814091658,3.619694599174455,1294.5163602205714,1194.055853978499,1402.5943015774903,0
2026-01-14 07:00:00,WELL-007,PUMP-007,141.56715650403453,64.70659656897354,4.593137189555613,1181.3530360523537,1129.4488586934813,1506.7269165504038,0
2026-01-14 08:00:00,WELL-007,PUMP-007,149.66794724743926,73.65651288483586,2.5478388415129167,1301.8149374808643,1239.6875269432473,1392.483478326416,0
2026-01-14 09:00:00,WELL-007,PUMP-007,161.43287356169986,94.33475894205284,8.608651360898078,1075.7796481329892,968.6943951060623,1443.9034793209,1
2026-01-14 10:00:00,WELL-007,PUMP-007,160.73628264780584,74.88593152976038,3.8022024640773036,1310.6464008237872,1238.1353632043445,1402.3237637081681,0
2026-01-14 11:00:00,WELL-007,PUMP-007,151.92852320988067,67.7009253963297,3.2831140810767736,1261.572111323236,1201.0110583512933,1501.658857068449,0
2026-01-14 12:00:00,WELL-007,PUMP-007,153.83350024629567,78.61580056327476,2.440687226650519,1312.3715081889213,1155.0651284910662,1383.8608512636881,0
2026-01-14 13:00:00,WELL-007,PUMP-007,151.6462515021794,64.41926880006936,3.762226997077287,1212.2124506837538,1175.612836624373,1391.5564009729417,0
2026-01-14 14:00:00,WELL-007,PUMP-007,132.0408856483326,73.79020894226092,4.216036661838723,1243.1248422002536,1287.053145758419,1472.647079656891,0
2026-01-14 15:00:00,WELL-007,PUMP-007,156.01599622865876,72.71787633744249,4.39517296499343,1395.5987891583277,1243.7254766174563,1470.3464794464423,0
2026-01-14 16:00:00,WELL-007,PUMP-007,148.65594554840345,67.68561081596286,3.524897651733716,1279.2232261967124,1095.7439661861654,1516.331081974997,0
2026-01-14 17:00:00,WELL-007,PUMP-007,142.702225323231,84.70004704620467,3.8800848396653507,1308.1295371242584,1259.0606635013114,1397.667279033738,0
2026-01-14 18:00:00,WELL-007,PUMP-007,143.176895648906,66.34171238013673,3.331737031300315,1313.1377999248377,1115.099991012512,1383.494980860006,0
2026-01-14 19:00:00,WELL-007,PUMP-007,140.72495639507244,75.73389506364494,3.1714511560321714,1300.6745781535008,1111.646543817336,1462.7673443872563,0
2026-01-14 20:00:00,WELL-007,PUMP-007,160.38530521155124,74.08482757503155,3.9581136007428936,1326.7900369027911,1098.978853334383,1494.1128754804038,0
2026-01-14 21:00:00,WELL-007,PUMP-007,147.66469342448994,70.69173393547865,2.970511180971692,1224.639882475068,1163.6879704530302,1409.3222173926195,0
2026-01-14 22:00:00,WELL-007,PUMP-007,165.71199388790748,80.55926684398312,4.744198505260253,1220.382877551367,1187.1700064854606,1476.367737337618,0
2026-01-14 23:00:00,WELL-007,PUMP-007,151.92642109652604,74.9826284599831,4.351190603863689,1113.8822849031037,1153.3734486460241,1485.691769652956,0
2026-01-15 00:00:00,WELL-007,PUMP-007,153.14857608923674,74.52420324257193,4.062323762349012,1216.0070871933726,1139.3120835017126,1471.1776698017736,0
2026-01-15 01:00:00,WELL-007,PUMP-007,145.45776497397267,69.18532238404782,3.3456298167957037,1335.138705150713,1290.7966489935475,1512.49076439299,0
2026-01-15 02:00:00,WELL-007,PUMP-007,162.53583077895993,90.68343024161136,4.358871812472713,1324.053355832629,1088.1252553862487,1390.6888869244478,0
2026-01-15 03:00:00,WELL-007,PUMP-007,133.3397269404971,78.63706676259034,2.110733404664332,1329.4280865473816,1306.6609625025028,1536.3888018723042,0
2026-01-15 04:00:00,WELL-007,PUMP-007,160.68561115963772,73.24256117398151,3.897157738840405,1218.7286863831678,1200.1942890986372,1487.9569599460056,0
2026-01-15 05:00:00,WELL-007,PUMP-007,154.22404230557643,86.8050246850018,3.213173497469642,1187.7619814210318,1096.7608438908858,1471.648295875743,0
2026-01-15 06:00:00,WELL-007,PUMP-007,158.84645842730237,73.59428136992733,3.008836457355266,1162.1020658574826,1227.205744995387,1449.2679323098341,0
2026-01-15 07:00:00,WELL-007,PUMP-007,142.09510738491804,84.55061346632647,3.502931444558116,1199.8558257942439,1133.9922183510325,1518.5255779642237,0
2026-01-15 08:00:00,WELL-007,PUMP-007,152.70208255948248,71.76528590205916,3.758008028014151,1284.5065749082437,1110.9156431737367,1404.9423828682957,0
2026-01-15 09:00:00,WELL-007,PUMP-007,159.78612484677848,71.93207088854841,3.394637747157717,1274.7572301246944,1142.7675645263816,1487.8453860996597,0
2026-01-15 10:00:00,WELL-007,PUMP-007,150.26763296161187,67.88419861425717,3.5596570749374203,1347.346943313955,1155.25781607996,1423.1897859729918,0
2026-01-15 11:00:00,WELL-007,PUMP-007,163.23427403572185,83.94701782153263,3.572000445868977,1233.9934672312993,1181.6060861609421,1494.6525492568678,0
2026-01-15 12:00:00,WELL-007,PUMP-007,151.89787900504814,78.44331147573207,4.2139518296286,1324.9519355443285,1217.6659350418147,1372.0650097303046,0
2026-01-15 13:00:00,WELL-007,PUMP-007,154.7922673382697,73.46280959454913,2.7773478604843795,1400.9822849764548,1086.2376614757563,1534.0629379891586,0
2026-01-15 14:00:00,WELL-007,PUMP-007,157.48279855419787,74.79389628315941,4.776202723335797,1260.4069549009391,1135.1640042950814,1470.9937311395884,0
2026-01-15 15:00:00,WELL-007,PUMP-007,155.14384365867994,75.70770610420115,3.6716941303397275,1167.9302782720838,1090.5307684038085,1453.5313914349172,0
2026-01-15 16:00:00,WELL-007,PUMP-007,145.16891159957555,75.42834169177088,3.6386354726497725,1272.4968423964701,1184.70313728458,1419.508939163635,0
2026-01-15 17:00:00,WELL-007,PUMP-007,139.86002467272394,68.57868295023913,3.7368253685618575,1183.75829601549,1126.9565829703988,1463.9393569112183,0
2026-01-15 18:00:00,WELL-007,PUMP-007,149.35061111746566,85.4583271763504,4.099380701189972,1294.0594153226039,1247.38794419368,1527.0283305670657,0
2026-01-15 19:00:00,WELL-007,PUMP-007,148.16251425439432,79.14033492291773,3.754404457040189,1215.1307371188768,1278.6361483484936,1472.8699318918104,0
2026-01-15 20:00:00,WELL-007,PUMP-007,149.4453303348056,78.47272775979091,4.217243899353764,1339.2099452395976,1205.2579885881257,1490.9673453191272,0
2026-01-15 21:00:00,WELL-007,PUMP-007,157.97852864947095,79.17885361922072,3.3818763529021676,1196.8341428946674,1349.362597756838,1447.908190514288,0
2026-01-15 22:00:00,WELL-007,PUMP-007,159.2513421719795,71.24953171255846,2.5965742025724152,1263.4944687528407,1206.6124171323813,1454.6916472692785,0
2026-01-15 23:00:00,WELL-007,PUMP-007,144.72289556384067,75.05354704719709,4.115384657987772,1128.3656118284705,1214.5717886996645,1486.565639119782,0
2026-01-16 00:00:00,WELL-007,PUMP-007,147.84873859027994,77.78893361943082,3.399847199846431,1380.4922012022403,1186.0801843069528,1455.8207113945336,0
2026-01-16 01:00:00,WELL-007,PUMP-007,155.2009729170409,69.47596870576521,4.031174309254305,1319.6689671143638,1158.8961727668748,1450.123383128602,0
2026-01-16 02:00:00,WELL-007,PUMP-007,156.98388513074056,72.80909440401325,2.6717909877596373,1216.7988958562744,1208.9344144985178,1479.8600185315713,0
2026-01-16 03:00:00,WELL-007,PUMP-007,142.19876200771088,77.80958804737504,2.600276990615895,1135.1027357142484,1213.7874885667154,1433.1931630375293,0
2026-01-16 04:00:00,WELL-007,PUMP-007,142.4131671470266,70.9536204030638,2.4321060948059396,1267.1481766621596,1128.7502768620484,1533.1515689105925,0
2026-01-16 05:00:00,WELL-007,PUMP-007,149.66558201798696,75.38688163809735,2.519080858067032,1136.9518686613947,1126.736595398612,1415.1491217881853,0
2026-01-16 06:00:00,WELL-007,PUMP-007,153.01675781953875,77.57132796207429,3.224820561618963,1404.8121814612255,1057.7289443438735,1452.908194948613,0
2026-01-16 07:00:00,WELL-007,PUMP-007,149.5646097929134,64.58910461135828,3.04154867944178,1141.020463157997,1115.1406178612967,1437.0655523972548,0
2026-01-16 08:00:00,WELL-007,PUMP-007,148.42370511778537,74.45689101055245,3.1864985948703093,1233.0074060945435,1120.2530184327554,1526.1972904581642,0
2026-01-16 09:00:00,WELL-007,PUMP-007,147.3755946182165,72.76012266115208,2.6519106381233124,1304.1264336110992,1201.855641840456,1419.96037343784,0
2026-01-16 10:00:00,WELL-007,PUMP-007,166.4415419407257,70.6257936138339,3.736377934240763,1253.5959165616568,1226.8040830692812,1484.8396480248036,0
2026-01-16 11:00:00,WELL-007,PUMP-007,143.11366236998379,72.34019271302881,4.360214139102473,1240.4128770491166,1228.0888580715484,1436.526954560025,0
2026-01-16 12:00:00,WELL-007,PUMP-007,161.7571510932674,74.11485272042592,3.6243955005161848,1225.8523284677794,1123.1175967667075,1402.3515870333797,0
2026-01-16 13:00:00,WELL-007,PUMP-007,151.368796698439,79.38550501262979,4.220262120003819,1301.7159181790253,1231.4036227786005,1422.9953146873304,0
2026-01-16 14:00:00,WELL-007,PUMP-007,146.10932898205584,69.73787019878664,3.0225469537631544,1190.426807806807,1121.1823764766934,1421.3695862197446,0
2026-01-16 15:00:00,WELL-007,PUMP-007,164.68464350284867,79.94575020071287,4.213696240730096,1194.8674995094918,1194.0207595358104,1397.8552653197141,0
2026-01-16 16:00:00,WELL-007,PUMP-007,133.9575008254715,76.56967536155082,3.654353628217602,1265.2806107436375,1128.556289455695,1477.4763337214822,0
2026-01-16 17:00:00,WELL-007,PUMP-007,149.0383381216343,79.01482841903756,3.4118087428269663,1298.236622877071,1235.5864077416522,1440.377355911954,0
2026-01-16 18:00:00,WELL-007,PUMP-007,146.8166994110557,68.83081706872902,3.665647403328893,1345.1513102890344,1200.9405681070211,1465.9071157348187,0
2026-01-16 19:00:00,WELL-007,PUMP-007,144.10711253193986,74.79003074385699,2.827619578877784,1142.3194182709321,1222.479447398784,1489.8884460652387,0
2026-01-16 20:00:00,WELL-007,PUMP-007,154.53453545649649,68.75382240213683,3.5162929455334986,1233.8400002353105,1145.280052126528,1457.1375793673215,0
2026-01-16 21:00:00,WELL-007,PUMP-007,146.98887196182798,67.94466322079785,3.210252291662965,1303.9385434002766,1114.7587215567482,1435.9971339407766,0
2026-01-16 22:00:00,WELL-007,PUMP-007,155.34979604217983,68.34390005746434,3.1766527000336353,1143.5544920383882,1210.4227500884247,1482.4423770312326,0
2026-01-16 23:00:00,WELL-007,PUMP-007,162.81940116501124,81.70838780524994,3.455743735236568,1179.3453944414737,1163.7535271684121,1365.5045570095228,0
2026-01-17 00:00:00,WELL-007,PUMP-007,138.0916428877444,71.96295376161932,3.1215846045934548,1421.224702386925,1296.5975356359727,1486.546771705079,0
2026-01-17 01:00:00,WELL-007,PUMP-007,163.38566008511395,70.83631548207511,3.149014338225088,1107.26538822406,1122.348115838151,1521.7152076290326,0
2026-01-17 02:00:00,WELL-007,PUMP-007,139.87931521521412,79.88982506499961,3.4488542425163247,1298.1424482638934,1307.4620614091584,1413.8872963801853,0
2026-01-17 03:00:00,WELL-007,PUMP-007,138.12376058835537,74.36566609981057,3.0705771003670987,1337.1070212318768,1211.3298424662319,1394.7697522922313,0
2026-01-17 04:00:00,WELL-007,PUMP-007,150.6274760575808,76.39618877137676,2.9955123190641304,1244.3332873979796,1036.101015823065,1457.2503158680684,0
2026-01-17 05:00:00,WELL-007,PUMP-007,141.60716283298632,77.11141564751681,3.7696831025570616,1366.8420234780508,1164.0071659874359,1485.070459733765,0
2026-01-17 06:00:00,WELL-007,PUMP-007,153.23763290128352,75.3241194937772,4.296999083830611,1277.7928382156083,1130.6203400198285,1454.9357526160502,0
2026-01-17 07:00:00,WELL-007,PUMP-007,156.57120242284887,68.07438304657697,3.284027897958805,1171.5380063878683,1171.4959708626911,1512.3240000638789,0
2026-01-17 08:00:00,WELL-007,PUMP-007,136.9885539286674,77.07835987048288,2.4956612429907272,1170.930315006872,1154.6365879207597,1527.1975302380572,0
2026-01-17 09:00:00,WELL-007,PUMP-007,152.88901949311585,72.25768468045271,4.0074807134122015,1266.220901526101,1224.2188842728317,1413.591754993085,0
2026-01-17 10:00:00,WELL-007,PUMP-007,156.91445647081233,68.95438514301931,3.715815262590228,1317.8928761737777,1113.0449797228187,1421.0120061637988,0
2026-01-17 11:00:00,WELL-007,PUMP-007,146.65507460320384,62.65223085914597,3.8451182393909233,1170.1289324299787,1187.5640775556353,1408.9894140019499,0
2026-01-17 12:00:00,WELL-007,PUMP-007,146.48839383600944,68.75351537132427,2.703629577273112,1155.8383689581844,1165.552065979162,1456.049771718175,0
2026-01-17 13:00:00,WELL-007,PUMP-007,183.5862474950435,92.96135650677641,10.724830867122364,1065.4692029038197,929.9533372190422,1441.6079181743557,1
2026-01-17 14:00:00,WELL-007,PUMP-007,158.93756931473436,74.94128423989217,3.420743013826251,1277.1606214698236,1294.4850208056448,1419.7407361234766,0
2026-01-17 15:00:00,WELL-007,PUMP-007,148.76352944089808,75.46031147773282,2.8678180315721677,1255.2442980120222,1108.4031149149112,1406.2109362473623,0
2026-01-17 16:00:00,WELL-007,PUMP-007,154.24165611284064,72.36585513687398,3.4966769874719867,1366.6078782776997,1127.815611147634,1413.6735865803143,0
2026-01-17 17:00:00,WELL-007,PUMP-007,150.12787013377758,73.7478639128162,3.8069154032707324,1256.4997660991842,1141.5475628801723,1496.2881225228489,0
2026-01-17 18:00:00,WELL-007,PUMP-007,149.94612683390102,78.53178381197644,2.8648148175287202,1106.4016078621341,1102.373573310697,1418.0340085103735,0
2026-01-17 19:00:00,WELL-007,PUMP-007,138.61025745036852,86.90972491707812,2.6844265691479015,1382.041672247038,1167.9458484794518,1423.7585439280513,0
2026-01-17 20:00:00,WELL-007,PUMP-007,137.58912623282737,81.5151131505212,3.798375909279931,1156.9690631901815,1201.4439987559301,1490.583368148,0
2026-01-17 21:00:00,WELL-007,PUMP-007,164.4657920731932,75.89294299416825,3.633086688998577,1275.737709761264,1170.025780379141,1492.4043579400463,0
2026-01-17 22:00:00,WELL-007,PUMP-007,157.59626614311983,76.55968812770314,3.5633374380428533,1225.3569673887187,1159.0918541108624,1465.9509759032587,0
2026-01-17 23:00:00,WELL-007,PUMP-007,145.59717129744143,79.21691726495365,4.354178709091108,1094.7655819593313,1140.2495796924009,1451.1810301207324,0
2026-01-18 00:00:00,WELL-007,PUMP-007,147.79311038075025,72.68193331098199,3.992315725032377,1181.1293522333135,1284.7338848379247,1470.6155097016767,0
2026-01-18 01:00:00,WELL-007,PUMP-007,133.74541154942287,74.14761925509151,3.7779682050742327,1312.4171177760193,1202.3389140148327,1538.0701274968058,0
2026-01-18 02:00:00,WELL-007,PUMP-007,174.93078426414417,77.77485764550069,3.587762006217102,1218.8763943954432,1241.3669374686883,1431.669595262355,0
2026-01-18 03:00:00,WELL-007,PUMP-007,147.49305094971942,77.93214250829507,3.738460384313451,1170.4278856023034,1114.4262797191893,1448.6115634829325,0
2026-01-18 04:00:00,WELL-007,PUMP-007,158.7103490650443,75.94254642216822,4.276858058847356,1402.9406241047918,1075.576746621652,1331.2452363774903,0
2026-01-18 05:00:00,WELL-007,PUMP-007,148.6824316203366,69.464001010705,3.0072279225678975,1402.834850570673,1110.769689319979,1399.5866121066827,0
2026-01-18 06:00:00,WELL-007,PUMP-007,156.84594754845457,73.20301482053102,2.529276292547304,1252.6032081029798,1120.4193814575483,1437.5326149753264,0
2026-01-18 07:00:00,WELL-007,PUMP-007,176.42741690378898,89.39473338670477,8.875714251952289,990.8422807156991,1024.5728125719124,1442.5234817728365,0
2026-01-18 08:00:00,WELL-007,PUMP-007,156.8019641549511,72.6444348820435,4.279691598909057,1247.7036742639716,1086.3507539728837,1367.3807971772871,0
2026-01-18 09:00:00,WELL-007,PUMP-007,149.65123172439348,76.08197437123974,3.300343899974596,1349.731464502908,1268.364065771816,1441.2589778301292,0
2026-01-18 10:00:00,WELL-007,PUMP-007,144.41847084763037,69.73377419933064,3.1703745388359637,1349.4553615315886,1082.4912867627368,1417.914948478874,0
2026-01-18 11:00:00,WELL-007,PUMP-007,146.80863048684517,75.51079315474875,2.4907369431963167,1264.5818087379369,1157.2801934783172,1354.6347293975434,0
2026-01-18 12:00:00,WELL-007,PUMP-007,152.51610995042157,75.75836592900701,3.7645512966850156,1229.6224968011286,1146.2839784261798,1409.235983530444,0
2026-01-18 13:00:00,WELL-007,PUMP-007,140.7094271201002,70.93920816560407,4.713173692157089,1185.7350097341987,1143.4760352086425,1438.2844834551504,0
2026-01-18 14:00:00,WELL-007,PUMP-007,168.17259567123648,66.75875140643485,4.085366765877093,1241.0827133776468,1234.9532916038968,1455.4476858635403,0
2026-01-18 15:00:00,WELL-007,PUMP-007,142.4451232756368,68.22513614643279,5.055872610617696,1403.0777246965058,1106.2355151759011,1485.827357636723,0
2026-01-18 16:00:00,WELL-007,PUMP-007,155.52494017716495,80.44752229781528,3.6521409368827076,1249.250275318339,1117.448831257111,1439.1896541108338,0
2026-01-18 17:00:00,WELL-007,PUMP-007,155.50130099036014,70.36048167120467,3.2678682193170756,1164.4018436300887,1172.4822203985825,1443.0127292766251,0
2026-01-18 18:00:00,WELL-007,PUMP-007,155.2042919118208,77.76497078835683,3.337429595973834,1342.942656108463,1185.444903938398,1505.1138263292676,0
2026-01-18 19:00:00,WELL-007,PUMP-007,142.71408102728455,78.47733320569307,3.2956272496126546,1361.8424772027888,1112.6815869481904,1414.4607250699266,0
2026-01-18 20:00:00,WELL-007,PUMP-007,155.6841126969749,76.49705969008744,4.610692437211469,1291.9469828460838,1257.995264919552,1470.0942331563774,0
2026-01-18 21:00:00,WELL-007,PUMP-007,164.13606901307833,80.98701305699275,3.8112406615258902,1138.4421314981346,1062.14230210927,1480.635316480965,0
2026-01-18 22:00:00,WELL-007,PUMP-007,159.14018255603315,77.66759996571199,3.9058568631925534,1321.7281035882445,1163.1487486779147,1466.4984962495093,0
2026-01-18 23:00:00,WELL-007,PUMP-007,159.2727886548934,77.07457427858101,3.792853399800527,1256.919185392475,1225.6014885209258,1497.9465344284727,0
2026-01-19 00:00:00,WELL-007,PUMP-007,171.54680052719303,86.79186064877877,10.901262365611508,994.9474146418157,1112.4344683767538,1481.3102780816123,0
2026-01-19 01:00:00,WELL-007,PUMP-007,151.34481169009277,71.38526241382475,4.162732714994715,1289.573721555842,1055.9628207036174,1423.7169841378072,0
2026-01-19 02:00:00,WELL-007,PUMP-007,155.8587882704477,75.16422905640043,3.813558291838018,1377.4998075235223,1163.283997517097,1438.5182301998752,0
2026-01-19 03:00:00,WELL-007,PUMP-007,157.3564843749026,79.18926897383902,3.3261577478885833,1234.113494128654,1230.838475631674,1439.9668428444097,0
2026-01-19 04:00:00,WELL-007,PUMP-007,140.72654315175424,69.08782110115354,3.451964564071694,1161.9973857618088,1090.67491226206,1450.3058033504221,0
2026-01-19 05:00:00,WELL-007,PUMP-007,149.517611875725,75.18076263962914,3.663216137977296,1273.1377552733295,1361.120886014422,1391.2070114706378,0
2026-01-19 06:00:00,WELL-007,PUMP-007,147.07046689081093,82.8130791233539,4.411129133866762,1270.271692279138,1265.5991843044083,1410.9357673039585,0
2026-01-19 07:00:00,WELL-007,PUMP-007,137.9055620425728,69.43949053025996,3.181017097923815,1283.3919422029223,1164.4585894733984,1425.480037371879,0
2026-01-19 08:00:00,WELL-007,PUMP-007,138.27110736100758,78.81152232790153,2.6384440057539775,1228.3397206755442,1181.719405316725,1417.4755402708781,0
2026-01-19 09:00:00,WELL-007,PUMP-007,155.24764497775038,75.31498892789273,3.457455135751545,1185.6365908244734,1225.8485855739686,1533.9092689449456,0
2026-01-19 10:00:00,WELL-007,PUMP-007,139.12079635816494,69.77451023083887,4.3426983668567605,1125.482920653251,1214.6626308594034,1419.6859375575336,0
2026-01-19 11:00:00,WELL-007,PUMP-007,150.07025237716368,66.20889185065211,3.357098274574417,1139.0896742227374,1095.5242879504597,1479.0279529203249,0
2026-01-19 12:00:00,WELL-007,PUMP-007,156.93258899058657,76.63670756813525,4.08291305906138,1209.6730536695861,1083.0731424874957,1415.8994273289975,0
2026-01-19 13:00:00,WELL-007,PUMP-007,151.69674435340877,74.9106964951254,4.457663909187754,1269.635009806303,1179.8871129323843,1438.07545714746,0
2026-01-19 14:00:00,WELL-007,PUMP-007,145.74101106663687,77.20162332785365,2.470510610583096,1112.5634248616789,1170.616335758188,1403.3549703901845,0
2026-01-19 15:00:00,WELL-007,PUMP-007,145.2470111202755,66.19640343375677,4.408124861361378,1295.5222516785168,1235.72069790041,1498.0844025964686,0
2026-01-19 16:00:00,WELL-007,PUMP-007,150.43238511855867,71.50894761878875,3.3996173468996123,1259.329963200901,1132.8181416911048,1531.4934577375539,0
2026-01-19 17:00:00,WELL-007,PUMP-007,149.72892925748863,78.8882021898797,3.965601715960836,1343.458607921557,1218.5767888316886,1479.8302806796028,0
2026-01-19 18:00:00,WELL-007,PUMP-007,143.80595115949785,70.599985529958,3.786142055350931,1289.104645952268,1368.5861274736558,1442.2265047498186,0
2026-01-19 19:00:00,WELL-007,PUMP-007,147.63088336133032,74.38310544828248,4.020596084633369,1247.0800578043068,1140.9202324892815,1510.7887378203986,0
2026-01-19 20:00:00,WELL-007,PUMP-007,158.4356085974314,77.15812993029233,2.999964573234731,1396.7774579596949,1116.4834101088568,1413.1335974490107,0
2026-01-19 21:00:00,WELL-007,PUMP-007,138.0579905927518,80.15899377299701,2.828032837653672,1271.6947364035102,1170.7613370888523,1458.1221952602039,0
2026-01-19 22:00:00,WELL-007,PUMP-007,169.87796036556745,76.43583972070347,3.980896512577721,1220.377954209405,1306.3967022225108,1424.876070465313,0
2026-01-19 23:00:00,WELL-007,PUMP-007,152.27971932130157,70.55211757522488,4.056589693225773,1259.439806091525,1163.6309749406107,1426.188805964752,0
2026-01-20 00:00:00,WELL-007,PUMP-007,162.91438286551852,80.97542444816992,3.0888798618268556,1193.4927697787202,1118.550753538617,1442.4673050704228,0
2026-01-20 01:00:00,WELL-007,PUMP-007,151.18164656610406,70.8343110990522,2.5533480633198815,1187.4607622220371,1108.0558257460302,1417.6656573468304,0
2026-01-20 02:00:00,WELL-007,PUMP-007,155.1543247448197,70.1698885145359,3.8008815645219554,1323.99047142898,1141.5449797826766,1414.1273463779062,0
2026-01-20 03:00:00,WELL-007,PUMP-007,155.6288309446299,66.20148700674768,3.4515650370122346,1224.117675075104,1221.9392470962425,1378.7494008288825,0
2026-01-20 04:00:00,WELL-007,PUMP-007,128.66248329675855,78.16815914062072,4.243069764549121,1204.1886851410652,1058.5564766344044,1411.7806151072257,0
2026-01-20 05:00:00,WELL-007,PUMP-007,151.4599944889016,77.80227126474904,2.8523764924156074,1122.8999720217578,1185.9154064029753,1388.5323380892942,0
2026-01-20 06:00:00,WELL-007,PUMP-007,151.5647794296088,74.49401514189194,4.086611992173987,1282.3240912916244,1309.7480108394298,1548.133204895457,0
2026-01-20 07:00:00,WELL-007,PUMP-007,140.22016619745955,77.63848251650062,4.406415759402904,1261.8078055066524,1137.9694326472957,1378.6975479152145,0
2026-01-20 08:00:00,WELL-007,PUMP-007,153.35114567320605,82.53078307076484,3.268631433874553,1135.1838499078876,1223.904412801537,1476.812757353304,0
2026-01-20 09:00:00,WELL-007,PUMP-007,144.51242196876203,76.37241453814211,3.5250808700513074,1217.2425553137555,1178.9123288884437,1538.157605732499,0
2026-01-20 10:00:00,WELL-007,PUMP-007,159.84817640552447,79.39109303317592,2.84605830266188,1179.0454393148038,1090.2451667879723,1471.5630685570018,0
2026-01-20 11:00:00,WELL-007,PUMP-007,137.63357058939508,75.6488786616381,3.823425554637566,1262.128645491565,1172.3602990607972,1433.4707330770834,0
2026-01-20 12:00:00,WELL-007,PUMP-007,152.34698275655384,88.95374171449365,3.578490963953063,1266.0948295517953,1178.7877762405042,1467.7925804575473,0
2026-01-20 13:00:00,WELL-007,PUMP-007,138.85653889929105,72.02254796596573,3.4718394044986365,1125.9106353120696,1215.446777694164,1401.8119479544234,0
2026-01-20 14:00:00,WELL-007,PUMP-007,146.55247513764954,65.15492218589344,2.818744675654805,1260.8034682370967,1225.6648450348011,1467.6963677863403,0
2026-01-20 15:00:00,WELL-007,PUMP-007,154.43854971871136,71.59651790419105,2.6853055960200236,1299.771277896051,1218.6664035106542,1435.7515245605905,0
2026-01-20 16:00:00,WELL-007,PUMP-007,150.0678907256927,81.70410807634062,3.6119580450361655,1223.0715543973517,1150.9826241508913,1535.0947218707645,0
2026-01-20 17:00:00,WELL-007,PUMP-007,149.04867478818727,68.40672045391067,3.3836869062216297,1292.5790189481213,1233.3757428884865,1528.0970368593391,0
2026-01-20 18:00:00,WELL-007,PUMP-007,153.88720004949636,71.21506837905955,4.05857548328893,1341.6037755945897,1130.6913759573956,1416.3011167829966,0
2026-01-20 19:00:00,WELL-007,PUMP-007,154.3236544383134,69.75226770259096,2.042424219395907,1237.191806904636,1198.0470293678493,1444.2464597558444,0
2026-01-20 20:00:00,WELL-007,PUMP-007,154.95796151489114,75.42248297128327,3.7114354172470443,1259.474691684984,1253.4555917912353,1422.1872517928389,0
2026-01-20 21:00:00,WELL-007,PUMP-007,145.0070382170645,67.17834836775454,3.1991683465536256,1272.6107085007914,1148.8710364178537,1464.5863583533685,0
2026-01-20 22:00:00,WELL-007,PUMP-007,182.76796274844565,76.90874777740473,9.387304047883681,1033.4764455128015,977.4532180950655,1323.0559051675918,0
2026-01-20 23:00:00,WELL-007,PUMP-007,153.80965336001506,68.53040611300348,2.7531721181739277,1261.0418276071275,1228.3872906206345,1396.2262144118322,0
2026-01-21 00:00:00,WELL-007,PUMP-007,143.0606853660874,73.14701784112324,2.390637273577247,1320.717747414282,1261.0780796544618,1492.2887531792182,0
2026-01-21 01:00:00,WELL-007,PUMP-007,150.55056691678024,66.04818346564932,3.7400412088041426,1230.2945536317386,1177.0850307259172,1529.3022428394697,0
2026-01-21 02:00:00,WELL-007,PUMP-007,134.3005638981716,77.67560504399766,3.558564884676649,1177.7904166903013,1070.1421805204375,1527.001109296218,0
2026-01-21 03:00:00,WELL-007,PUMP-007,162.9331047075642,105.08204967948814,11.03078855739412,1070.722532027004,1011.3516777965208,1467.559267878039,1
2026-01-21 04:00:00,WELL-007,PUMP-007,144.75798968311608,78.19369639738565,3.202261663707183,1272.9176069146815,1256.0600333451366,1530.0064549720232,0
2026-01-21 05:00:00,WELL-007,PUMP-007,144.49417390688856,75.40297912014874,2.9877281719831754,1370.3290270160637,1293.6013189129847,1484.8111841281425,0
2026-01-21 06:00:00,WELL-007,PUMP-007,156.00902265135633,79.02233045343138,4.596786949493342,1221.484278334068,1144.3763136699502,1511.1228047802047,0
2026-01-21 07:00:00,WELL-007,PUMP-007,148.5957754992236,64.51542910387411,2.905389598336671,1180.0570434239692,1140.195038234191,1491.021907208177,0
2026-01-21 08:00:00,WELL-007,PUMP-007,176.5365045551186,93.6904896375972,8.677865320367472,1109.7728803745267,990.7939352569048,1424.6174164128834,1
2026-01-21 09:00:00,WELL-007,PUMP-007,141.48920295205764,72.11595492900553,4.303752429869377,1342.2944879487998,1185.0884695173113,1453.1931334438254,0
2026-01-21 10:00:00,WELL-007,PUMP-007,147.12639929786675,75.75959431878404,3.5060309433405195,1248.9960844307084,1132.9578246347046,1387.8733942638646,0
2026-01-21 11:00:00,WELL-007,PUMP-007,154.75362985188835,71.71150141410952,3.287005759723892,1117.3010998526709,1211.5574691336155,1405.871989463129,0
2026-01-21 12:00:00,WELL-007,PUMP-007,159.73035108077826,72.04609711312887,3.9705728754366243,1164.9623682417496,1160.688823092842,1440.9122094609904,0
2026-01-21 13:00:00,WELL-007,PUMP-007,142.69346884422816,66.19246301109338,3.9633368608493535,1304.1755198826552,1213.3882513065278,1308.0935258585196,0
2026-01-21 14:00:00,WELL-007,PUMP-007,146.4235645122715,74.40589578635459,3.750572909823047,1369.995207402905,1083.8866718734469,1482.988737932089,0
2026-01-21 15:00:00,WELL-007,PUMP-007,144.16507719491244,69.2128735179512,2.9325704448623533,1275.9936501096206,1082.848577597884,1435.2946114538024,0
2026-01-21 16:00:00,WELL-007,PUMP-007,148.958887464959,72.94472096360762,3.932098059660961,1268.322636847851,1196.1648734827759,1458.0310912540726,0
2026-01-21 17:00:00,WELL-007,PUMP-007,148.49569988128317,78.97638405019502,2.8591499362355677,1401.1239754223745,1280.6075410528222,1338.5141692582922,0
2026-01-21 18:00:00,WELL-007,PUMP-007,154.41094159426112,81.03888245887798,2.866017071176687,1309.63691637964,1183.9776843504515,1458.329324957793,0
2026-01-21 19:00:00,WELL-007,PUMP-007,144.3932561157099,77.69019181962459,3.5276214860675994,1191.6407911390875,1086.4113103666914,1461.5036341572727,0
2026-01-01 00:00:00,WELL-008,PUMP-008,149.29676670556248,75.91129221791022,4.139369155824986,1156.502327074534,1199.9840860239417,1373.5492487792606,0
2026-01-01 01:00:00,WELL-008,PUMP-008,149.39249890263372,77.60820705865137,3.8718536744398158,1259.3833494371402,1152.6979569339505,1505.3066497733312,0
2026-01-01 02:00:00,WELL-008,PUMP-008,139.38231780474797,66.61452720763917,3.6502115650706326,1156.1040951397013,1085.6167946303624,1460.138380081169,0
2026-01-01 03:00:00,WELL-008,PUMP-008,156.83139537622947,74.80485361875247,2.8627780002347083,1267.5336170952346,1088.3182348607738,1459.7523540276109,0
2026-01-01 04:00:00,WELL-008,PUMP-008,149.2721108956861,76.52701340946713,2.3351491598680143,1121.2398300886616,1243.6621420748295,1416.8126776700528,0
2026-01-01 05:00:00,WELL-008,PUMP-008,161.42053087323944,67.44001343445825,3.3652810173391656,1201.1811754310695,1172.5575353331028,1520.5230913178991,0
2026-01-01 06:00:00,WELL-008,PUMP-008,155.8758532478235,75.64385659176556,3.479953447941244,1277.9783745661093,1264.9518293611575,1461.8048647107537,0
2026-01-01 07:00:00,WELL-008,PUMP-008,152.13241155192927,80.24329514106675,3.2697180680831175,1266.4795442933303,1127.0644818812275,1503.1931732038943,0
2026-01-01 08:00:00,WELL-008,PUMP-008,135.73699986982933,75.36199799712227,4.2140027438686065,1377.304704894774,1172.4894239596283,1452.1793831970892,0
2026-01-01 09:00:00,WELL-008,PUMP-008,148.7475439460036,79.20613753365971,3.1952677553838433,1358.883647812794,1186.9429285701692,1494.3977122603008,0
2026-01-01 10:00:00,WELL-008,PUMP-008,151.97835242789466,71.19528509716514,3.4417569079108676,1259.1503808562109,1124.862589250299,1435.3841427115456,0
2026-01-01 11:00:00,WELL-008,PUMP-008,149.8531054632348,72.53533421359467,3.3772241117911066,1109.8698664296608,1181.8526262730973,1444.6235096095957,0
2026-01-01 12:00:00,WELL-008,PUMP-008,176.05426603459853,86.44424737755358,9.219552588719365,1154.6074809684746,966.4208190213418,1499.3662867726537,0
2026-01-01 13:00:00,WELL-008,PUMP-008,141.86660499183108,82.37566828516461,2.602342705163333,970.3963822009116,1233.8570730626302,1495.5350485512315,0
2026-01-01 14:00:00,WELL-008,PUMP-008,147.62620789605188,75.29387975460727,4.345313184900723,1206.7045213959502,1259.994949509019,1432.890143288937,0
2026-01-01 15:00:00,WELL-008,PUMP-008,141.62667153094648,76.580522265532,4.216428190197545,1280.5153220255231,1266.8782860746762,1478.1857361214466,0
2026-01-01 16:00:00,WELL-008,PUMP-008,146.33928875792398,78.441803045988,3.7148856066824907,1319.0316841788233,1186.9075948354562,1479.8383789989532,0
2026-01-01 17:00:00,WELL-008,PUMP-008,145.61299504292504,67.2114144173518,3.551484259954033,1142.0839724225623,1075.7708748153452,1448.9634235992153,0
2026-01-01 18:00:00,WELL-008,PUMP-008,139.05815912571012,66.27149698539935,2.8161649585034914,1182.0988900503594,1111.7252698212792,1426.6431058067255,0
2026-01-01 19:00:00,WELL-008,PUMP-008,148.69005802167027,76.20205606834328,3.0042980273664934,1284.0326903534867,1084.7049490126608,1394.3911300801856,0
2026-01-01 20:00:00,WELL-008,PUMP-008,183.69127965009224,86.68237294638526,6.2472194694787895,1080.742570093687,1015.6505005317514,1475.125584221877,0
2026-01-01 21:00:00,WELL-008,PUMP-008,160.157425928081,79.68753018322849,3.22529464703488,1199.7389221533783,1214.936678554704,1402.4182839842574,0
2026-01-01 22:00:00,WELL-008,PUMP-008,145.0601095113599,75.25776108716381,3.3788518398313556,1267.713364937941,1136.9684137123845,1439.9591382729175,0
2026-01-01 23:00:00,WELL-008,PUMP-008,159.9752954259454,80.36737317609465,3.8386240061781227,1403.2501044139717,1180.7008388672955,1481.5628959953608,0
2026-01-02 00:00:00,WELL-008,PUMP-008,146.8693567581691,73.7686279429123,2.36157360168631,1289.4870788699354,1078.5993267221131,1455.9212272995696,0
2026-01-02 01:00:00,WELL-008,PUMP-008,143.70120730575596,78.71682615252966,4.378302901237241,1321.344994535575,1123.199404206424,1483.4077314986157,0
2026-01-02 02:00:00,WELL-008,PUMP-008,138.7839950125751,73.04679842390271,4.166184305448874,1260.3969497255293,1071.2874149341285,1393.7636180290028,0
2026-01-02 03:00:00,WELL-008,PUMP-008,152.19370254574125,79.54024230253093,3.184745576432533,1347.0140650336855,1060.8317522133034,1408.1051820583934,0
2026-01-02 04:00:00,WELL-008,PUMP-008,148.753324079944,87.25812685918152,2.541826354580497,1235.1179469435028,1271.8348602731876,1487.4543929150047,0
2026-01-02 05:00:00,WELL-008,PUMP-008,147.9984529226083,69.44056701763063,3.6023772472463285,1236.8090305865794,1049.0030710198334,1505.469677179392,0
2026-01-02 06:00:00,WELL-008,PUMP-008,142.40629215394654,76.12662589770252,3.970267670185378,1300.3718410743916,1098.0869047190351,1457.3431604728207,0
2026-01-02 07:00:00,WELL-008,PUMP-008,141.75241697713102,71.42830759264064,3.987223414278694,1245.4743889061463,1219.1827012921412,1436.0173946396246,0
2026-01-02 08:00:00,WELL-008,PUMP-008,151.9520485051424,72.4410199317401,3.1488359660773124,1170.9996481426947,1152.3675265765285,1407.21605167371,0
2026-01-02 09:00:00,WELL-008,PUMP-008,157.16578185738896,80.23931901173204,4.154885449287067,1337.5940657572496,1155.2177762234342,1483.2696485027914,0
2026-01-02 10:00:00,WELL-008,PUMP-008,143.2344734418804,78.75960499813958,3.5439979569503817,1319.492579258845,1250.1961914024057,1413.7024049850377,0
2026-01-02 11:00:00,WELL-008,PUMP-008,143.90118102662387,76.64555724836615,3.5673078678653325,1112.1612808280981,1157.5760853290128,1467.863920587015,0
2026-01-02 12:00:00,WELL-008,PUMP-008,150.10515830847814,70.98611162565702,3.905127458248103,1169.591399932959,1211.8433870191277,1474.111468002758,0
2026-01-02 13:00:00,WELL-008,PUMP-008,147.80341762246837,70.05427634096506,4.441852809636683,1311.466249668291,1175.2066186441257,1480.8579836575211,0
2026-01-02 14:00:00,WELL-008,PUMP-008,152.11958880957496,75.48644364269646,4.072250155637083,1299.6069271599563,1119.0713325462805,1441.6686445972803,0
2026-01-02 15:00:00,WELL-008,PUMP-008,149.9576101646379,76.87615631655471,4.255770793501336,1249.3347069583688,1114.8057109215729,1455.6655289151613,0
2026-01-02 16:00:00,WELL-008,PUMP-008,146.26175503865423,78.0189453536588,2.5314990412965885,1142.3295668191963,1180.748804498766,1497.5461059260583,0
2026-01-02 17:00:00,WELL-008,PUMP-008,152.12664419705465,84.75392851773016,3.4975007505046265,1335.4088576081663,1225.2592769739617,1420.5288888611121,0
2026-01-02 18:00:00,WELL-008,PUMP-008,149.7945979171641,68.61043446721764,2.6001711134548646,1248.321603406844,1010.5847769978207,1424.0917355086049,0
2026-01-02 19:00:00,WELL-008,PUMP-008,163.37341285311507,78.16618294395975,2.9136141310099974,1379.1861767961907,1179.887521576656,1393.2684165856622,0
2026-01-02 20:00:00,WELL-008,PUMP-008,138.84417137520785,74.28339465717823,2.9882430066224965,1338.655831714071,1222.4152466027213,1434.3121527367186,0
2026-01-02 21:00:00,WELL-008,PUMP-008,164.4505487507005,76.48213677995766,3.217004519082122,1241.50294531375,1199.986621082375,1440.3273283828607,0
2026-01-02 22:00:00,WELL-008,PUMP-008,151.85610470726422,81.57140921514763,2.3006974804404683,1234.9425932784795,1295.1347152351473,1497.8086717780322,0
2026-01-02 23:00:00,WELL-008,PUMP-008,146.43070589801692,77.27034103036864,4.248356511616685,1161.3485662021371,1153.870587233398,1371.4057286680434,0
2026-01-03 00:00:00,WELL-008,PUMP-008,154.06552523881345,75.71225879526031,4.07733062083969,1326.2149403926537,1105.388812966061,1463.6822993734895,0
2026-01-03 01:00:00,WELL-008,PUMP-008,142.95249587780262,71.18861316818108,3.6246146743407937,1437.997958894938,1174.957059835051,1518.7027677163005,0
2026-01-03 02:00:00,WELL-008,PUMP-008,136.78205146447218,73.83679281658928,3.2351758317818424,1239.2587461248463,1140.8474615767022,1374.6159580921899,0
2026-01-03 03:00:00,WELL-008,PUMP-008,184.56087373473608,76.98616257626213,6.941416804524414,1129.6379911307047,944.6399900496178,1560.1828396444705,0
2026-01-03 04:00:00,WELL-008,PUMP-008,162.39020239443877,72.06735278795215,3.718671377873096,1179.9528413947985,1057.788441209588,1487.1218444650667,0
2026-01-03 05:00:00,WELL-008,PUMP-008,154.2851007077213,64.65280370392874,4.349950294006815,1274.2713900158226,1190.7122226946806,1368.474356117947,0
2026-01-03 06:00:00,WELL-008,PUMP-008,153.7217126507598,68.84808393943888,2.339408878096715,1297.0847247263328,1097.8327372483145,1528.6695314998203,0
2026-01-03 07:00:00,WELL-008,PUMP-008,146.39664890745877,75.76840881588451,3.293030410871315,1103.8471756827214,1233.061916513233,1387.5806093936474,0
2026-01-03 08:00:00,WELL-008,PUMP-008,156.2895075302562,72.78217609691711,3.861572739728567,1250.6361642699242,1221.7480099768918,1446.1142226494098,0
2026-01-03 09:00:00,WELL-008,PUMP-008,161.14796237638018,75.68770914736096,3.9691102145498,1366.4263147905758,1275.002897288199,1430.7355298194395,0
2026-01-03 10:00:00,WELL-008,PUMP-008,150.1787641091372,74.3765430438399,3.722778802740886,1321.0003196318132,1189.2551684848454,1455.0339870380494,0
2026-01-03 11:00:00,WELL-008,PUMP-008,152.04190364831146,76.47166522568256,3.404700583650855,1229.8620527513986,1303.422245056087,1473.8763955555592,0
2026-01-03 12:00:00,WELL-008,PUMP-008,147.77551836693632,72.00691421137071,3.7639788150431333,1275.2767238275658,1164.7305268818413,1487.1775796537806,0
2026-01-03 13:00:00,WELL-008,PUMP-008,136.1681951983617,68.50592570867771,2.791480436119514,1360.8189903686512,1176.7674551138512,1431.836823043164,0
2026-01-03 14:00:00,WELL-008,PUMP-008,149.76318815112458,72.60812439125073,3.362936298961152,1136.2900151491851,1229.9639641896335,1373.5187909046174,0
2026-01-03 15:00:00,WELL-008,PUMP-008,166.5159551187494,78.31901789353182,3.3741211037872816,1305.8498884325086,1143.4919775310702,1409.9661128560406,0
2026-01-03 16:00:00,WELL-008,PUMP-008,153.48459186300343,71.21669854282472,3.5892366241786444,1241.1113066978007,1100.489421135957,1389.8654308488283,0
2026-01-03 17:00:00,WELL-008,PUMP-008,163.68526938072787,71.67332098283279,4.3093222823292425,1343.9946594102432,1303.9617545362307,1458.7028019671511,0
2026-01-03 18:00:00,WELL-008,PUMP-008,147.28456889066356,74.81834530185097,3.0152941388061416,1223.5010284593714,1091.9715978302015,1435.5371453053185,0
2026-01-03 19:00:00,WELL-008,PUMP-008,147.70012664076103,79.83889430832481,3.8742159261057147,1251.2467658055727,1191.9611470122888,1450.612771531577,0
2026-01-03 20:00:00,WELL-008,PUMP-008,149.92986173088357,80.67705542728878,3.4401865426229836,1281.772835251736,1109.810310202472,1479.3111337427881,0
2026-01-03 21:00:00,WELL-008,PUMP-008,145.47894902566074,81.43590523353046,3.935623275866216,1163.8461505052524,1210.6248807485917,1430.4708843675714,0
2026-01-03 22:00:00,WELL-008,PUMP-008,137.4895851597045,70.858585660884,3.0417040591178384,1272.0506374306985,1034.6543078778086,1436.2654596291336,0
2026-01-03 23:00:00,WELL-008,PUMP-008,148.92429875583724,74.49632868534984,3.68154220096147,1251.0403811186648,1176.9708767727218,1424.079901237261,0
2026-01-04 00:00:00,WELL-008,PUMP-008,139.86570096180898,68.95774553167715,3.0591100283321477,1315.4116580862712,1091.1560621083543,1357.250424259422,0
2026-01-04 01:00:00,WELL-008,PUMP-008,157.10442283236205,72.21464903188841,3.7402913151448685,1201.7552136481634,1224.7206687220194,1432.4124599095665,0
2026-01-04 02:00:00,WELL-008,PUMP-008,152.10828746605216,68.69870977143158,2.32702460326274,1335.1990873625487,1116.1292977142414,1445.142289768372,0
2026-01-04 03:00:00,WELL-008,PUMP-008,140.43794560493086,72.69970378889917,3.9797113094441583,1247.4830220403708,1201.0200824111253,1435.8492236147795,0
2026-01-04 04:00:00,WELL-008,PUMP-008,143.03958304392816,67.19152746600253,3.9381127131126807,1171.6847952050514,1061.0012512728563,1402.7380347358849,0
2026-01-04 05:00:00,WELL-008,PUMP-008,153.42109060441894,73.82105840869649,3.08439219243224,1287.9752979588004,1157.2988680275857,1453.7749004499701,0
2026-01-04 06:00:00,WELL-008,PUMP-008,156.77482954719346,78.41809875525267,3.759569389735734,1161.628318654267,1134.4243809276372,1464.07873580663,0
2026-01-04 07:00:00,WELL-008,PUMP-008,147.62044196284614,85.42035636826245,2.9592201754278116,1327.724136877477,1107.7811176162168,1475.2172087314661,0
2026-01-04 08:00:00,WELL-008,PUMP-008,150.96892688024525,77.16213640417794,3.792744853914725,1188.5817828949444,1050.5671870161127,1464.6249636858893,0
2026-01-04 09:00:00,WELL-008,PUMP-008,152.2778844565547,73.71973104802375,3.4399753773616397,1335.6281468291008,982.5813447599536,1420.1025327491095,0
2026-01-04 10:00:00,WELL-008,PUMP-008,153.43939077359838,63.84200635801291,3.0482971706074986,1437.5669456043495,1158.459072718251,1483.4705448722038,0
2026-01-04 11:00:00,WELL-008,PUMP-008,158.30638729415682,70.9007794072005,3.181210508404452,1290.4120856363722,1202.1512731007551,1454.2310024196775,0
2026-01-04 12:00:00,WELL-008,PUMP-008,145.444483289704,70.03625349506162,3.2082769265374793,1334.814853305946,1243.4787137858966,1486.5402414969085,0
2026-01-04 13:00:00,WELL-008,PUMP-008,144.5488006984031,80.26992741688537,4.684791417333086,1263.683525513932,1143.1088108831684,1411.3630598524987,0
2026-01-04 14:00:00,WELL-008,PUMP-008,149.2552857701169,85.79707185654655,3.447370096124957,1365.586840994137,1204.3101856739986,1478.0684317052164,0
2026-01-04 15:00:00,WELL-008,PUMP-008,163.07096222622565,69.89699013609341,2.876341422259598,1253.19855473841,1246.92900240187,1393.3090403123024,0
2026-01-04 16:00:00,WELL-008,PUMP-008,155.64983384407066,76.43037917814554,3.616676729530258,1259.0814922882012,1167.7658808916985,1408.4667003636723,0
2026-01-04 17:00:00,WELL-008,PUMP-008,142.50287581055167,75.31844977713445,2.3372160113069884,1205.2724342316048,1203.6180749227262,1361.4122610484053,0
2026-01-04 18:00:00,WELL-008,PUMP-008,142.9781692092655,74.80784719619206,3.4479381143998924,1363.0651866722787,1210.0561852784379,1471.2247255273494,0
2026-01-04 19:00:00,WELL-008,PUMP-008,146.76440254024712,76.34230949933367,3.5154532105539578,1212.3200463397618,1200.5902118722374,1488.6630610710072,0
2026-01-04 20:00:00,WELL-008,PUMP-008,141.3658761831533,67.63120996090512,2.732405858070832,1244.0897398946715,1066.910192171972,1547.4829876175702,0
2026-01-04 21:00:00,WELL-008,PUMP-008,150.8409687722435,78.50164585303101,2.944085740195439,1279.5398754680766,1198.7334736793866,1440.7609583678604,0
2026-01-04 22:00:00,WELL-008,PUMP-008,152.37006269885978,68.44763302943761,3.38605477575719,1292.66126039834,1014.6923127004248,1394.7344442744316,0
2026-01-04 23:00:00,WELL-008,PUMP-008,146.77861952046237,74.58389210298485,2.7192048295850917,1232.5973777301333,1158.2661504981188,1398.120406425517,0
2026-01-05 00:00:00,WELL-008,PUMP-008,140.8807822903305,73.33338451353873,3.190346419562981,1268.5082909239884,1286.0166971349488,1462.9783575292481,0
2026-01-05 01:00:00,WELL-008,PUMP-008,145.2019660947295,76.48645813852703,3.6408306397052934,1216.638225393731,1161.1412567167133,1377.3196777445237,0
2026-01-05 02:00:00,WELL-008,PUMP-008,152.83982562955,76.63823019476492,3.697677048693791,1329.5412908627195,1126.9312965007175,1515.5606364379041,0
2026-01-05 03:00:00,WELL-008,PUMP-008,155.21158440696885,67.02483891521892,3.142706004506428,1223.2363176861102,1044.8256955576192,1494.4975048038043,0
2026-01-05 04:00:00,WELL-008,PUMP-008,163.00178196230385,86.28407201262603,3.4020799054478186,1167.782531515992,1139.5584006036058,1498.7557260560354,0
2026-01-05 05:00:00,WELL-008,PUMP-008,159.060979662174,74.90369621963318,3.0623948846221625,1272.7085831863087,1190.7103761225067,1458.4129551177296,0
2026-01-05 06:00:00,WELL-008,PUMP-008,162.83618356977442,73.94269724988749,4.530995354087942,1237.6502367835726,1258.8656094127134,1442.8794819920317,0
2026-01-05 07:00:00,WELL-008,PUMP-008,150.90393414062396,70.33934392443234,2.9207046854011787,1283.7987697547417,1116.4834780383453,1446.888447151375,0
2026-01-05 08:00:00,WELL-008,PUMP-008,153.52799955764127,78.29483936507687,4.124216543702924,1293.0165320409933,1185.604057375775,1516.228490909652,0
2026-01-05 09:00:00,WELL-008,PUMP-008,156.73726269103915,83.50144321148996,2.621708849509375,1346.4891671355626,1295.1066199990871,1349.135551136051,0
2026-01-05 10:00:00,WELL-008,PUMP-008,146.35724771804118,76.56963223314669,4.211766962739135,1087.4738140551106,1188.8328210077518,1452.8701988509656,0
2026-01-05 11:00:00,WELL-008,PUMP-008,151.06787596331608,72.41801257669614,2.893639975609366,1338.766259320076,1169.258510421118,1507.5351637333365,0
2026-01-05 12:00:00,WELL-008,PUMP-008,155.35662744404067,72.5742786728593,3.434755782185638,1295.9110023655328,1185.9767617304494,1465.8118625510601,0
2026-01-05 13:00:00,WELL-008,PUMP-008,144.9841298098269,79.63795760587107,4.005113977637889,1149.2429788068514,1109.832864876846,1434.9245330149936,0
2026-01-05 14:00:00,WELL-008,PUMP-008,155.23392603826568,80.35266786778944,4.03476982127895,1234.1277610892369,1294.0921508015085,1415.4549152322797,0
2026-01-05 15:00:00,WELL-008,PUMP-008,150.3225696859167,81.18565353894348,3.00494421599899,1388.1068248365268,1089.8943773647134,1489.075586281121,0
2026-01-05 16:00:00,WELL-008,PUMP-008,178.57852441977258,96.21881659466581,8.232935478486455,1075.889312117025,1093.2719258610357,1453.995755225394,1
2026-01-05 17:00:00,WELL-008,PUMP-008,129.9102986521179,73.43501708926523,4.1971971605489,1267.7656893334354,1088.8098585268485,1361.3077033130212,0
2026-01-05 18:00:00,WELL-008,PUMP-008,161.84393722135263,78.20373190499328,3.304722480954548,1349.7277051430922,1211.2802081477207,1461.633004598721,0
2026-01-05 19:00:00,WELL-008,PUMP-008,157.5144426450503,81.99935939359551,2.6977242925392546,1260.6449572304396,1177.1729352153748,1396.811040427478,0
2026-01-05 20:00:00,WELL-008,PUMP-008,164.90309519635855,79.92242501217328,3.1737993536748035,1252.4033091617027,1089.2493137090503,1401.5440327850847,0
2026-01-05 21:00:00,WELL-008,PUMP-008,161.3320663804056,81.29743962712996,3.1294127846732804,1305.057245400036,973.315926774283,1399.7940839743783,0
2026-01-05 22:00:00,WELL-008,PUMP-008,137.29387885246777,65.65544296764674,4.1773815208412515,1242.1831288107767,1161.4187535242147,1440.5797091924626,0
2026-01-05 23:00:00,WELL-008,PUMP-008,168.06369631981386,88.2505744958082,8.483249028089094,967.0399172869913,1047.171682498627,1406.424682045998,0
2026-01-06 00:00:00,WELL-008,PUMP-008,155.5233953251386,77.58310023397196,3.1171710983940915,1296.7302657167359,1235.4445184948277,1472.0845541193014,0
2026-01-06 01:00:00,WELL-008,PUMP-008,153.84844579313435,74.86851899567179,2.669338637656198,1215.2740942592475,1332.7587466786845,1460.1390181402498,0
2026-01-06 02:00:00,WELL-008,PUMP-008,134.50076259444242,82.76118346957172,3.8753175462202742,1252.7378655752213,1062.3711101857853,1449.9425222830062,0
2026-01-06 03:00:00,WELL-008,PUMP-008,158.3127233758139,72.33142619977653,3.401541649332562,1215.3342224514693,1100.4527454487368,1528.485979371043,0
2026-01-06 04:00:00,WELL-008,PUMP-008,134.95328959215652,75.7538333209559,3.984424486289787,1365.0424709536371,1218.6868276915934,1507.6567439339592,0
2026-01-06 05:00:00,WELL-008,PUMP-008,141.81625692105547,83.0322918398932,3.988272046953258,1244.3081150247172,1268.5362532752029,1370.9006177648232,0
2026-01-06 06:00:00,WELL-008,PUMP-008,168.6114409532029,92.69445672564697,9.232359767721114,1221.0393802066362,1029.4276562190907,1429.8296118965245,1
2026-01-06 07:00:00,WELL-008,PUMP-008,145.16453951073544,71.73377388151674,3.3607148880631303,1218.1155822678988,1184.30264365453,1530.4173052864307,0
2026-01-06 08:00:00,WELL-008,PUMP-008,175.8959025554326,95.08784222408907,8.67057728933877,1025.6647705897562,1080.2232758164212,1492.6583409842094,1
2026-01-06 09:00:00,WELL-008,PUMP-008,140.60517630146148,79.39922961978445,2.5511147431746912,1143.2862765825842,1135.6769141615557,1463.29160849277,0
2026-01-06 10:00:00,WELL-008,PUMP-008,148.48924435997304,74.2777958196081,3.783921666843657,1146.6063724510232,1240.1729057565883,1512.2490556407195,0
2026-01-06 11:00:00,WELL-008,PUMP-008,178.12466301147978,89.35008443665575,9.555910569500623,1191.1915601978822,909.1900763420357,1397.374554459698,0
2026-01-06 12:00:00,WELL-008,PUMP-008,144.87379780730737,77.12969055474295,4.260276885634844,1138.495644328028,1108.4055231308573,1449.4415691360234,0
2026-01-06 13:00:00,WELL-008,PUMP-008,145.7520252035311,77.17206575217075,3.7266575481206896,1220.0544064596625,1283.8538020565734,1529.4405206903725,0
2026-01-06 14:00:00,WELL-008,PUMP-008,165.68553148592252,81.6462781479004,3.873490000736937,1410.6390485176125,1159.6919244500414,1408.3697794004884,0
2026-01-06 15:00:00,WELL-008,PUMP-008,152.89408886209375,74.32452700208344,3.3455476533864354,1394.7085225378246,1278.1836067329207,1454.1228514948791,0
2026-01-06 16:00:00,WELL-008,PUMP-008,151.5263194934943,66.92205650765962,2.411670517718293,1416.6247992166811,1142.7724407338146,1419.1624327924035,0
2026-01-06 17:00:00,WELL-008,PUMP-008,159.08035502220022,80.56982910815458,4.565265145806809,1304.2679224105134,1176.8654543511582,1459.3945899870562,0
2026-01-06 18:00:00,WELL-008,PUMP-008,157.7498765873743,73.079545408946,3.417494753341534,1162.480863523891,1061.4849002318012,1448.4219143683856,0
2026-01-06 19:00:00,WELL-008,PUMP-008,155.51592157393057,72.75719989129313,3.2255487292903866,1161.154302786096,1277.1907076808563,1530.5617878962753,0
2026-01-06 20:00:00,WELL-008,PUMP-008,152.50019852658608,80.51748750636163,4.020291877424359,1257.7546900584591,1201.2383269418078,1466.5537945495246,0
2026-01-06 21:00:00,WELL-008,PUMP-008,142.2989629762135,79.90791166298628,4.2710556942484805,1162.150950223134,1121.2679674865713,1447.7764460104777,0
2026-01-06 22:00:00,WELL-008,PUMP-008,143.44601989817065,80.86964123677404,4.450843785827072,1253.6373220986554,1132.4106445742584,1475.6409781829113,0
2026-01-06 23:00:00,WELL-008,PUMP-008,162.167997193115,77.8688688621401,3.277958808656135,1168.8537689086224,1123.0802712779516,1445.5589675287065,0
2026-01-07 00:00:00,WELL-008,PUMP-008,143.95727344218218,71.13657688312985,5.101329654933953,1234.3038671936733,1275.5540825058556,1534.1996668759534,0
2026-01-07 01:00:00,WELL-008,PUMP-008,155.09624848482983,75.95150894934181,2.9167365763700186,1186.0355841609003,1297.360359686615,1610.8491793395094,0
2026-01-07 02:00:00,WELL-008,PUMP-008,146.60069169113123,84.45790169196795,3.358056236783229,1406.07431976545,1146.6526022705118,1545.6100210304467,0
2026-01-07 03:00:00,WELL-008,PUMP-008,154.9015817361927,77.95538117710058,3.4337422875585415,1129.6229381578885,1122.0809350139928,1485.5987470207465,0
2026-01-07 04:00:00,WELL-008,PUMP-008,162.96089284005149,79.27675603500543,4.368607994282671,1275.0898168387416,1182.7523549744483,1471.1972019535317,0
2026-01-07 05:00:00,WELL-008,PUMP-008,151.73749845824386,69.8486602140907,3.598931580082164,1365.7130390206223,1302.1986867004168,1398.9420122183233,0
2026-01-07 06:00:00,WELL-008,PUMP-008,157.21214398590533,76.64946298690604,3.826208539326016,1337.909663027519,1145.3060628332491,1489.671482985124,0
2026-01-07 07:00:00,WELL-008,PUMP-008,164.02212708938936,81.48616335034481,3.182481404557131,1187.0222296287675,1232.2359013603862,1371.918906338306,0
2026-01-07 08:00:00,WELL-008,PUMP-008,159.16001182817587,73.26911775202895,3.4195691382817937,1266.9203409870547,1119.671980399448,1413.8465077492035,0
2026-01-07 09:00:00,WELL-008,PUMP-008,181.05611666423988,103.33760859069316,9.81405279525923,1249.4642099496937,906.8275090902581,1412.5669689426043,1
2026-01-07 10:00:00,WELL-008,PUMP-008,141.47090078295324,61.69738502303365,3.834552443404809,1328.5459018306713,1149.4704174436736,1422.3939959205707,0
2026-01-07 11:00:00,WELL-008,PUMP-008,146.99621910238048,71.67301117840962,2.952654648809255,1314.5129409809408,1172.0320529876321,1512.6139972757946,0
2026-01-07 12:00:00,WELL-008,PUMP-008,163.11539153363694,71.57312433941254,3.3576719735803926,1250.6467678277095,1193.8151709611247,1527.1172591433924,0
2026-01-07 13:00:00,WELL-008,PUMP-008,152.65647296759272,76.17776105644045,2.2067823973652496,1284.2357952470823,1191.8067432013504,1429.628940089773,0
2026-01-07 14:00:00,WELL-008,PUMP-008,151.2684257382569,72.87297945225355,3.3150018680295807,1249.27824955413,1203.3930852609233,1417.3637443436191,0
2026-01-07 15:00:00,WELL-008,PUMP-008,146.76879133291035,78.9171559332194,3.606058219983324,1227.6071541463614,1045.182243786497,1462.1654112644376,0
2026-01-07 16:00:00,WELL-008,PUMP-008,161.19937701616752,70.61043458194868,4.380527076607523,1349.4865376427833,1218.1010430381598,1510.7746334243543,0
2026-01-07 17:00:00,WELL-008,PUMP-008,142.5789187928999,73.65796187962519,3.9241413683761524,1310.5232629749923,1220.056570886119,1429.9855759335455,0
2026-01-07 18:00:00,WELL-008,PUMP-008,147.02479951783724,74.91786213634512,4.423780800668743,1147.3286418433331,1173.9675640251523,1406.279721846776,0
2026-01-07 19:00:00,WELL-008,PUMP-008,153.0538131743031,83.81768751221176,3.1429683762254608,1253.4466993761696,1134.650608321461,1464.7349180412814,0
2026-01-07 20:00:00,WELL-008,PUMP-008,150.66842868195212,68.25522597828684,3.8961766686076142,1171.1706124729544,1155.2304864506757,1451.6590520605198,0
2026-01-07 21:00:00,WELL-008,PUMP-008,153.75601984951876,72.7515793835134,2.684192547388346,1152.2970395467617,1089.306016236962,1543.902101772469,0
2026-01-07 22:00:00,WELL-008,PUMP-008,141.42496807336502,79.91239213386007,3.313450868380247,1205.430080185611,1166.7031973230214,1444.5240782016183,0
2026-01-07 23:00:00,WELL-008,PUMP-008,145.12560484394896,81.58127608127576,3.48203393176535,1134.202686618084,1341.732149231126,1392.9919430317052,0
2026-01-08 00:00:00,WELL-008,PUMP-008,141.414916586615,73.06241108545724,3.1419800144965135,1335.6087074391899,1247.803155704422,1410.9496196961989,0
2026-01-08 01:00:00,WELL-008,PUMP-008,142.74803104738828,75.03515898924775,3.6146370903687823,1238.1076297094926,1177.255033025297,1397.4638402402838,0
2026-01-08 02:00:00,WELL-008,PUMP-008,141.56043485143505,76.04053372952555,3.625684338705816,1234.9001733989303,1310.1380363248816,1462.206351044304,0
2026-01-08 03:00:00,WELL-008,PUMP-008,153.3697779154819,75.14340347849433,4.227943301998592,1155.4350340898836,1216.5431875371296,1471.515478225331,0
2026-01-08 04:00:00,WELL-008,PUMP-008,146.21738863325368,71.88499342053488,3.3464096452546097,1289.8509752223733,1139.918333451448,1492.6459171061813,0
2026-01-08 05:00:00,WELL-008,PUMP-008,145.08242541593867,77.51442342559386,3.375358551590509,1132.1594833032364,1053.9253726697411,1489.45287340416,0
2026-01-08 06:00:00,WELL-008,PUMP-008,179.72521181202572,108.58595981312072,9.220205314301515,1153.6497886075415,1024.7366609624692,1497.1134219337255,1
2026-01-08 07:00:00,WELL-008,PUMP-008,153.42162188206862,70.43596764381168,3.335324155765369,1121.9239607103268,951.4617963985867,1390.0222947846285,0
2026-01-08 08:00:00,WELL-008,PUMP-008,145.38727259611352,83.35805846330183,2.7750491295214905,1340.9284709226533,1138.8790289603185,1383.810227770157,0
2026-01-08 09:00:00,WELL-008,PUMP-008,159.23482016683886,81.82676362298373,3.286252172969865,1286.8115108613358,1125.3359397031356,1463.3856854913888,0
2026-01-08 10:00:00,WELL-008,PUMP-008,138.88847584749556,77.05476665354016,4.194889733395726,1219.330494061755,1165.159097536582,1393.092467745848,0
2026-01-08 11:00:00,WELL-008,PUMP-008,164.28829055279417,75.16298523318166,3.2147773093519008,1291.9633339665309,1229.0038432487909,1411.8580967487253,0
2026-01-08 12:00:00,WELL-008,PUMP-008,148.62404011654485,72.86914046217157,4.20034825606742,1221.2041068149404,1232.2152557166646,1443.157841257095,0
2026-01-08 13:00:00,WELL-008,PUMP-008,155.3289347010804,80.61933247845963,3.107377908815375,1236.929198555974,1046.5983956015705,1500.393417709576,0
2026-01-08 14:00:00,WELL-008,PUMP-008,147.0167087672432,84.62564441766796,3.1492028727954544,1365.7963865876964,1170.846543197784,1390.9424804449159,0
2026-01-08 15:00:00,WELL-008,PUMP-008,145.37571460020334,77.96162364102608,3.910684225501853,1236.0863349921187,1155.0269232571018,1422.7192454425422,0
2026-01-08 16:00:00,WELL-008,PUMP-008,134.76956906014988,82.56398034407363,3.626610218133369,1195.0977275505518,1195.5230422503373,1408.225980317897,0
2026-01-08 17:00:00,WELL-008,PUMP-008,143.90992607094006,74.94428036197124,2.9258380731817555,1405.184199189448,1299.0854101880318,1371.604009273841,0
2026-01-08 18:00:00,WELL-008,PUMP-008,156.0257202879916,69.42461480795093,4.405984392786206,1285.9826094355483,1225.8447113846073,1472.3085472221624,0
2026-01-08 19:00:00,WELL-008,PUMP-008,158.11238232756028,72.62680765328297,3.360146694789203,1123.9821917434674,1085.3193163119897,1428.3133516344333,0
2026-01-08 20:00:00,WELL-008,PUMP-008,161.5734893558984,69.18380085624855,4.15534366514045,1205.9884081321281,1191.474816740336,1461.2993730052153,0
2026-01-08 21:00:00,WELL-008,PUMP-008,157.57488618411216,76.59385015574064,2.8919556444357846,1300.1514255587438,1124.88096519708,1460.5444949973576,0
2026-01-08 22:00:00,WELL-008,PUMP-008,141.12590017674174,73.5508005366135,3.6099413594210543,1269.9740022390229,1253.9217321598187,1515.365455948579,0
2026-01-08 23:00:00,WELL-008,PUMP-008,151.52161680259832,75.55160823573877,2.337544773278105,1407.1425697896773,1177.3074926647682,1475.090476247715,0
2026-01-09 00:00:00,WELL-008,PUMP-008,161.6356556536667,68.22853536836531,3.988169921870873,1364.925468138147,1046.4946650294455,1456.9475286527547,0
2026-01-09 01:00:00,WELL-008,PUMP-008,151.7958940715221,77.91875071831505,3.563030469359471,1295.8483932944648,1280.886336978878,1440.5672715245923,0
2026-01-09 02:00:00,WELL-008,PUMP-008,144.82528258331658,63.62068404989651,2.9452922757506186,1134.191464617989,1256.4097277457142,1419.6565991977773,0
2026-01-09 03:00:00,WELL-008,PUMP-008,145.71799417111026,74.05665732809851,4.756790871863691,1336.0136585827188,1195.949917235842,1463.049346516016,0
2026-01-09 04:00:00,WELL-008,PUMP-008,150.0635241841859,75.10748452844976,2.622419057760845,1244.313109377175,1202.5081247522598,1516.6783411099173,0
2026-01-09 05:00:00,WELL-008,PUMP-008,136.70757913246436,73.7339507589672,4.46496989515825,1303.0161017064509,1186.2351364795813,1333.73837380261,0
2026-01-09 06:00:00,WELL-008,PUMP-008,151.19934162446282,69.17694863137014,4.292865644141205,1170.9786330580425,1239.1318777786391,1517.602118433257,0
2026-01-09 07:00:00,WELL-008,PUMP-008,171.7271796243635,83.8895696522806,2.892531801208131,1344.945281873764,1128.4357458460204,1391.2844081752337,0
2026-01-09 08:00:00,WELL-008,PUMP-008,152.62055341481013,67.55031925073715,3.444428704887716,1332.409428007237,1101.6753006116787,1450.8263207067275,0
2026-01-09 09:00:00,WELL-008,PUMP-008,137.36015260804496,68.98070789303598,3.542555018421692,1302.6208726835732,1116.2721621466562,1479.45430374873,0
2026-01-09 10:00:00,WELL-008,PUMP-008,146.91915698524437,71.33681908976193,2.8607349562696487,1303.1114500876909,1240.5161106038076,1469.9468597083724,0
2026-01-09 11:00:00,WELL-008,PUMP-008,151.53171281782454,70.04757100376172,2.521739524203538,1161.4180116028324,1214.1173597376594,1439.7019718755416,0
2026-01-09 12:00:00,WELL-008,PUMP-008,149.41801121238572,69.44936029508851,4.180008796161975,1115.1240639144598,1076.171170668609,1444.650861402276,0
2026-01-09 13:00:00,WELL-008,PUMP-008,159.68734437852004,68.46665384511769,4.410382386953431,1179.4778152998256,1187.6675420475744,1554.281429436779,0
2026-01-09 14:00:00,WELL-008,PUMP-008,141.89620323344033,74.48496062115679,3.1600006367546225,1193.2646981989021,1190.5597405764784,1434.4147892896126,0
2026-01-09 15:00:00,WELL-008,PUMP-008,146.0351447413355,84.5257853008804,3.1233345793198275,1213.5759671976,1250.2768278373665,1444.5761340786194,0
2026-01-09 16:00:00,WELL-008,PUMP-008,154.15067636224794,75.38579012815835,2.9714303540014666,1410.9624022057478,1238.0388740135118,1477.6359872324933,0
2026-01-09 17:00:00,WELL-008,PUMP-008,150.3409952353782,80.43085053655626,4.998964027573456,1252.3668341383259,1272.654111798845,1475.7421096436724,0
2026-01-09 18:00:00,WELL-008,PUMP-008,155.56833928877188,79.92810456668299,4.279239163647945,1231.073273279692,1272.2642902886173,1467.1497557035652,0
2026-01-09 19:00:00,WELL-008,PUMP-008,148.56913516847249,75.22090246824682,4.047115486914035,1309.7717699874374,1244.8752408513164,1488.850148125864,0
2026-01-09 20:00:00,WELL-008,PUMP-008,155.565493688609,75.63032858920249,4.160644632135861,1457.0264398208399,1098.1752848724645,1409.813368853836,0
2026-01-09 21:00:00,WELL-008,PUMP-008,137.8783690482112,77.30660312443594,3.564277871183751,1313.2373266531608,998.2235656931412,1503.470688236586,0
2026-01-09 22:00:00,WELL-008,PUMP-008,147.19418297145708,78.66432488409639,4.233436062590345,1379.6746228266493,1233.6702797834196,1575.966639562181,0
2026-01-09 23:00:00,WELL-008,PUMP-008,151.5855087542752,66.01180096381623,3.301976130192027,1362.328274816408,1119.801790911197,1541.4331064014702,0
2026-01-10 00:00:00,WELL-008,PUMP-008,141.4837326371063,78.17565519490115,2.333717091864292,1257.233994237234,1216.365692167581,1445.4729380125812,0
2026-01-10 01:00:00,WELL-008,PUMP-008,139.03730028799757,80.40563737059975,3.6667500775513897,1182.1349682951452,1173.3202214685825,1491.8464217606672,0
2026-01-10 02:00:00,WELL-008,PUMP-008,138.8400888113548,83.9454449146653,2.6414848496405705,1304.6450169119237,1111.4930970584621,1346.5340824576158,0
2026-01-10 03:00:00,WELL-008,PUMP-008,160.10182155362043,67.91407291102611,3.0864899051742416,1186.1380179757452,1266.6898425897534,1485.0383663068706,0
2026-01-10 04:00:00,WELL-008,PUMP-008,155.20474095970994,73.6925376771199,3.749177288752352,1195.1789353223642,1257.9586974869517,1505.663003230107,0
2026-01-10 05:00:00,WELL-008,PUMP-008,142.5548793042023,80.35095230820873,2.781845680768296,1121.0922463958311,1194.5365899218675,1427.8375935494876,0
2026-01-10 06:00:00,WELL-008,PUMP-008,151.47866310687274,80.95269492186394,2.933908292711358,1336.1869509822695,1124.6699899955372,1511.9847265032122,0
2026-01-10 07:00:00,WELL-008,PUMP-008,146.04815496276385,70.48739580493029,4.42542258346333,1249.4495679918377,1124.8109056764133,1483.9040003681325,0
2026-01-10 08:00:00,WELL-008,PUMP-008,148.72363776092317,65.37424093686865,2.081163096142914,1354.1300510504311,1122.3152632812596,1542.7632054788182,0
2026-01-10 09:00:00,WELL-008,PUMP-008,155.89131036045262,68.09009550643404,2.5975606448758564,1311.355435296176,1055.3878261786174,1391.568565857149,0
2026-01-10 10:00:00,WELL-008,PUMP-008,131.0141621371949,72.62287155437916,3.3789931834933338,1146.4463222730644,1107.1660431227917,1438.97007394096,0
2026-01-10 11:00:00,WELL-008,PUMP-008,160.72106697711686,79.78455785470483,4.859089121757005,1297.5791096474486,1271.113180465474,1428.9233692987516,0
2026-01-10 12:00:00,WELL-008,PUMP-008,149.33096252128863,74.17987278869931,3.7943958084352327,1103.2249319638204,1101.9749571452799,1410.1112560985814,0
2026-01-10 13:00:00,WELL-008,PUMP-008,157.97808210416247,67.2394910043457,3.5330983170468118,1285.8278986119246,1142.8755827377247,1451.8663475492983,0
2026-01-10 14:00:00,WELL-008,PUMP-008,139.89719807881255,75.73652606984223,3.5873155269241845,1248.864154418827,1104.062280032415,1404.1401277178725,0
2026-01-10 15:00:00,WELL-008,PUMP-008,143.59223598764024,75.94709432759068,3.5849665494126333,1257.188460419405,1117.1737953385136,1456.4895709696295,0
2026-01-10 16:00:00,WELL-008,PUMP-008,172.2261936081283,95.26638312896021,10.405055693783588,1114.9412788321706,1039.0947919614564,1379.8220827763369,1
2026-01-10 17:00:00,WELL-008,PUMP-008,157.0372879789515,78.73454993628161,2.958700183097144,1330.710890941341,1214.8468936489317,1544.498932220113,0
2026-01-10 18:00:00,WELL-008,PUMP-008,148.55214017645287,76.85653459283866,2.711927588566679,1229.2130223999143,1156.0513781247826,1428.7797338534567,0
2026-01-10 19:00:00,WELL-008,PUMP-008,148.08790231050497,77.88125696011058,3.90530580529551,1101.2147859090137,1229.4484626057256,1437.6713043439254,0
2026-01-10 20:00:00,WELL-008,PUMP-008,175.12056893995032,70.50574267502759,3.696184450971406,1365.4557589504186,1145.770533150966,1433.0389854327286,0
2026-01-10 21:00:00,WELL-008,PUMP-008,152.7558275267762,81.11272076466494,3.314186738425473,1250.959685515087,1135.0034539833464,1479.897430699637,0
2026-01-10 22:00:00,WELL-008,PUMP-008,144.22497172113933,72.5579678342643,2.408250716325375,1237.2531671076852,1180.5226424415603,1452.3028021411903,0
2026-01-10 23:00:00,WELL-008,PUMP-008,146.37127931662548,68.06702496721417,3.701955223341237,1211.4317985624862,1262.2276792769621,1410.6426702235049,0
2026-01-11 00:00:00,WELL-008,PUMP-008,151.09047220497206,77.09928279079391,3.5499667202001617,1181.8187047215729,1208.4213537775859,1428.5033992909669,0
2026-01-11 01:00:00,WELL-008,PUMP-008,150.77827732101008,70.63608286073162,4.1865228787424815,1333.5637262514547,1151.2608567919453,1443.7855770258502,0
2026-01-11 02:00:00,WELL-008,PUMP-008,141.2812241150542,78.26361552797913,3.159104842997773,1300.275934370256,1180.328107316019,1435.7906311576414,0
2026-01-11 03:00:00,WELL-008,PUMP-008,160.08302814512035,71.19336325769436,2.750882790605439,1231.2592434239111,1198.3878420562785,1424.4634158991794,0
2026-01-11 04:00:00,WELL-008,PUMP-008,150.67152971226966,79.30364933355378,2.7196716028057915,1145.5714065839454,1198.0602270105023,1399.3063842769018,0
2026-01-11 05:00:00,WELL-008,PUMP-008,145.39605251925752,77.8889331531592,3.168635305746413,1227.0501616881118,1137.5957209571013,1363.7828159801757,0
2026-01-11 06:00:00,WELL-008,PUMP-008,159.34700987149776,78.161102193518,2.9798122208920725,1215.9555942553316,1119.4842282389247,1406.8192217944124,0
2026-01-11 07:00:00,WELL-008,PUMP-008,157.25343225362244,72.98915421302819,4.0935716458364535,1353.0504420663324,1224.810740965,1409.4013353635844,0
2026-01-11 08:00:00,WELL-008,PUMP-008,144.26604472152252,64.30791038296744,3.42184281421466,1202.6148369506814,1190.3100398818203,1432.5543946685195,0
2026-01-11 09:00:00,WELL-008,PUMP-008,153.50804924567083,78.18943028713203,3.6081034132981693,1274.169044583714,1195.4717661805732,1449.9969377186223,0
2026-01-11 10:00:00,WELL-008,PUMP-008,153.1142298521739,78.65978138745021,3.7093910199764037,1233.879288210521,1221.324073831399,1461.8311760907047,0
2026-01-11 11:00:00,WELL-008,PUMP-008,149.50873159307073,78.61939843300273,3.2261170904296934,1219.0196756720838,1222.1436766247086,1433.4113303127629,0
2026-01-11 12:00:00,WELL-008,PUMP-008,155.32805131284746,76.04408678302714,4.2488746938633914,1253.7899547212248,1194.1668451391547,1431.043165244271,0
2026-01-11 13:00:00,WELL-008,PUMP-008,163.56182709966674,86.58462006584519,10.074621473214757,995.9783984029013,1145.6734438536478,1559.7506014563874,0
2026-01-11 14:00:00,WELL-008,PUMP-008,167.50865113593215,83.92925445594136,4.1827859675635,1339.8642024891085,1238.261692037788,1447.6354677145732,0
2026-01-11 15:00:00,WELL-008,PUMP-008,143.41872395049018,75.78512408617395,2.41388470678162,1185.3295882614593,1119.8932894585935,1534.017497693412,0
2026-01-11 16:00:00,WELL-008,PUMP-008,153.80672301475173,68.61371165780034,3.1944004097090897,1266.4949362947605,1197.8749921921785,1461.4633420547707,0
2026-01-11 17:00:00,WELL-008,PUMP-008,178.3372992280801,104.18244074540482,8.751980071544523,1168.9356965836034,1001.5354456357966,1474.0384264915851,1
2026-01-11 18:00:00,WELL-008,PUMP-008,154.76669835232735,78.65402413912973,3.006827536603041,1180.9715582798815,1246.5590519538166,1423.3481856726019,0
2026-01-11 19:00:00,WELL-008,PUMP-008,145.85202130700523,72.53473751764832,2.560240779742556,1290.9659855328928,1205.9118744374236,1471.3221358130472,0
2026-01-11 20:00:00,WELL-008,PUMP-008,160.70452741583222,79.34713189084783,4.095478517046806,1326.7942296076517,1143.9787713260491,1404.00732255542,0
2026-01-11 21:00:00,WELL-008,PUMP-008,147.63171448604518,77.67056704105893,2.5938021383514194,1162.91862227728,1110.7157494491307,1360.1841817587251,0
2026-01-11 22:00:00,WELL-008,PUMP-008,143.6872905959049,75.62247547715319,2.809115192899048,1302.9558538130464,1183.1548450397236,1347.8564547039532,0
2026-01-11 23:00:00,WELL-008,PUMP-008,158.02803889933134,61.85739429801021,2.9487755143111234,1294.9261507132844,1183.5313209942121,1487.6017079598435,0
2026-01-12 00:00:00,WELL-008,PUMP-008,151.3952699884887,78.02456913591784,5.0821681019476035,1207.074345128437,1134.3163365592798,1473.4537995936491,0
2026-01-12 01:00:00,WELL-008,PUMP-008,150.62771114758732,77.69066274676717,3.9961008307237447,1283.5061348563606,1127.403391362941,1539.2255383862255,0
2026-01-12 02:00:00,WELL-008,PUMP-008,141.99450673784972,75.27931567446763,3.680689180428171,1360.724510186121,1147.1860721895061,1470.0939493312983,0
2026-01-12 03:00:00,WELL-008,PUMP-008,155.28174244108664,72.53344808522046,3.2313252745556156,1210.7560923675862,1210.7323684286712,1373.2311863212155,0
2026-01-12 04:00:00,WELL-008,PUMP-008,160.19044284224768,63.748052533710705,3.188115903108941,1190.7449629817252,1162.2236926067014,1398.4001147535178,0
2026-01-12 05:00:00,WELL-008,PUMP-008,156.12504270537292,72.61035865611393,3.1834016089125994,1161.0750126009386,1232.7729746091545,1440.4297691857992,0
2026-01-12 06:00:00,WELL-008,PUMP-008,145.07556133041814,69.91463774486037,4.249563568510087,1245.4217419179035,1110.1311789435308,1375.1453700684133,0
2026-01-12 07:00:00,WELL-008,PUMP-008,146.5856688368118,71.37188290681429,3.483268710715035,1162.5538598657008,1152.850183333344,1447.6002734200333,0
2026-01-12 08:00:00,WELL-008,PUMP-008,161.04628629357614,79.88243256389403,4.03801969355424,1245.1317053806395,1208.0716659766242,1321.2480577816043,0
2026-01-12 09:00:00,WELL-008,PUMP-008,139.0117870273797,75.45451928603815,3.1330142670770535,1228.045437842204,1318.948381774665,1388.861828838806,0
2026-01-12 10:00:00,WELL-008,PUMP-008,156.5959871148151,76.37027878065058,2.8122157592033346,1196.4631423911133,1202.4754353531,1482.8701730989324,0
2026-01-12 11:00:00,WELL-008,PUMP-008,163.66149373722698,70.49324028688189,4.646998331274664,1345.9597960580122,1275.8547357304437,1465.4216190464801,0
2026-01-12 12:00:00,WELL-008,PUMP-008,160.30716394575558,72.56438184635567,3.0046202364486225,1173.1114472459408,1173.629482497907,1374.7153063915628,0
2026-01-12 13:00:00,WELL-008,PUMP-008,140.60756975761387,77.4676715565575,3.3852988828596584,1199.7359564666797,1365.0037337837011,1501.9087238347117,0
2026-01-12 14:00:00,WELL-008,PUMP-008,137.24963687848495,76.52522843182773,3.3550675397278518,1262.4017493712201,1224.4721599750314,1409.9710976573583,0
2026-01-12 15:00:00,WELL-008,PUMP-008,133.52516576179858,74.61110184495217,2.197325373466131,1257.9074806711606,1239.7849175498368,1463.9707767301816,0
2026-01-12 16:00:00,WELL-008,PUMP-008,192.95234694512015,95.66879515145277,10.22121353995993,1086.238634154491,1055.9349823519892,1463.7976104267148,1
2026-01-12 17:00:00,WELL-008,PUMP-008,141.43676005768833,77.0382282777944,2.4247650351302723,1259.4047755559793,1294.4242284436712,1470.754332892722,0
2026-01-12 18:00:00,WELL-008,PUMP-008,169.01779434008614,76.5927430597097,3.5837224814498234,1244.9574060771765,1086.0536366664487,1454.2912920006504,0
2026-01-12 19:00:00,WELL-008,PUMP-008,132.4626886079949,78.65996215804783,4.69146772962384,1357.3044699873828,1200.7661528561237,1397.7763730810557,0
2026-01-12 20:00:00,WELL-008,PUMP-008,145.49613828898453,77.97420510616129,3.3856776261638113,1154.873303412388,1252.5371048500979,1467.6754009633246,0
2026-01-12 21:00:00,WELL-008,PUMP-008,167.44727055494778,73.49477752278572,2.4206843667398794,1079.0733691996652,1356.4075536175517,1354.532852427385,0
2026-01-12 22:00:00,WELL-008,PUMP-008,152.1591608130628,98.77524674066632,6.615139817411615,1080.406443027975,1111.600121549779,1438.219687831806,0
2026-01-12 23:00:00,WELL-008,PUMP-008,153.78968643926058,77.53413455688909,4.261972093373061,1153.339380670318,1244.331096376383,1450.8230811219023,0
2026-01-13 00:00:00,WELL-008,PUMP-008,146.4190122757897,77.1278955778948,2.761154730296419,1215.3401520209586,1252.6256336706306,1508.940948659103,0
2026-01-13 01:00:00,WELL-008,PUMP-008,157.83981632287464,81.95717162575325,3.068597133664981,1311.0186436905597,1099.9049531404526,1438.3258548712693,0
2026-01-13 02:00:00,WELL-008,PUMP-008,158.43675251430255,80.55675933496656,2.890684679224738,1338.9716548349236,1097.378667035394,1522.2314223315245,0
2026-01-13 03:00:00,WELL-008,PUMP-008,158.7079748602329,66.72499800136578,3.7206727334393617,1268.1100162272053,1040.6918283925745,1405.728982195251,0
2026-01-13 04:00:00,WELL-008,PUMP-008,159.16822171447393,68.43675372354896,4.053110222257298,1261.2986209976693,1178.9851937419385,1402.749629177598,0
2026-01-13 05:00:00,WELL-008,PUMP-008,150.26963049806008,79.70199784473066,2.9051925513844767,1268.2838215897539,1209.6423744120993,1422.7215924853076,0
2026-01-13 06:00:00,WELL-008,PUMP-008,153.87109038919053,72.8065994569361,4.0156786491509155,1299.684752824589,1043.2107197994847,1460.5658514712773,0
2026-01-13 07:00:00,WELL-008,PUMP-008,138.76082641966286,80.9111760951083,3.351936121117461,1263.134065823798,1259.7503362361401,1449.679439131408,0
2026-01-13 08:00:00,WELL-008,PUMP-008,140.11768261287332,75.32167020408062,3.0316174265376445,1296.881899524411,1177.851866643113,1353.640228137077,0
2026-01-13 09:00:00,WELL-008,PUMP-008,144.53046128312567,78.53293222646131,3.469523578863265,1163.1386941390317,1213.8137500156013,1407.3439515462092,0
2026-01-13 10:00:00,WELL-008,PUMP-008,149.29060973069718,75.24486636599012,4.215511988023953,1157.2948379930062,1190.1931297135625,1412.1873259436502,0
2026-01-13 11:00:00,WELL-008,PUMP-008,166.9768756578684,80.67933758197762,3.792564420536673,1175.0411301193212,1169.7178327268607,1473.9437485026226,0
2026-01-13 12:00:00,WELL-008,PUMP-008,139.28154039471727,69.87787186235111,3.8196238426112448,1210.4029673185373,1118.8525295427214,1401.1323633084155,0
2026-01-13 13:00:00,WELL-008,PUMP-008,143.56050906263383,66.00011714790473,4.152823301457028,1214.449097191555,1105.2044657493643,1412.257072339873,0
2026-01-13 14:00:00,WELL-008,PUMP-008,149.3070451349208,75.19024753109456,2.6089665954866863,1152.5766447692627,1232.0756868466547,1388.4786103376396,0
2026-01-13 15:00:00,WELL-008,PUMP-008,150.80703251690878,87.41338881087161,3.074653565005647,1181.2911803083505,1287.363183784873,1502.8988516034067,0
2026-01-13 16:00:00,WELL-008,PUMP-008,151.44568924756615,75.21627620095866,3.489113761787654,1185.8452060980521,1109.2702929503464,1432.7634512689324,0
2026-01-13 17:00:00,WELL-008,PUMP-008,150.32242079598865,71.09325599214618,1.6943953143900958,1179.4631846279894,1143.0585100392505,1392.2177445353475,0
2026-01-13 18:00:00,WELL-008,PUMP-008,143.4639519402887,78.1948719588881,2.6156528022031047,1312.4646048069537,1217.0782375705105,1552.7707870322565,0
2026-01-13 19:00:00,WELL-008,PUMP-008,143.15284957015064,83.78464529099705,3.838755140724842,1313.2210654705002,1253.183075032625,1455.6339673124535,0
2026-01-13 20:00:00,WELL-008,PUMP-008,143.93427409553135,75.27970108998541,2.3315533330068723,1321.034603583873,1327.1854908336295,1478.6628185789357,0
2026-01-13 21:00:00,WELL-008,PUMP-008,159.58533334498463,80.79885981188848,3.449494804795326,1241.4654092405583,1093.92519371604,1537.4020625855524,0
2026-01-13 22:00:00,WELL-008,PUMP-008,163.8209896831651,85.10568364365102,8.82965987106715,1254.8167527088501,998.5090215646569,1372.7070515107011,0
2026-01-13 23:00:00,WELL-008,PUMP-008,141.2995818367133,73.1794789555576,3.6757837293213003,1187.73220722871,1177.2301112809344,1464.6209273717557,0
2026-01-14 00:00:00,WELL-008,PUMP-008,147.62126763907582,73.852503081092,2.948764018996733,1365.7527955856367,1259.7740128231032,1389.3485085520977,0
2026-01-14 01:00:00,WELL-008,PUMP-008,136.11189939138544,78.14049131773722,3.0892634540139676,1332.8303969216129,1150.4553133943566,1451.5487763284514,0
2026-01-14 02:00:00,WELL-008,PUMP-008,140.4103661465764,77.34351483624705,3.079455089970332,1182.802970370224,1277.7103188216468,1560.5479605636438,0
2026-01-14 03:00:00,WELL-008,PUMP-008,173.51223088319728,87.59656284174821,8.717257727711694,1010.1157092298419,1167.167797909395,1535.884390664002,0
2026-01-14 04:00:00,WELL-008,PUMP-008,140.17210049879134,68.97331803340094,3.2094498677370438,1290.5748470700937,1282.8111838824632,1462.5400407823026,0
2026-01-14 05:00:00,WELL-008,PUMP-008,165.49751897225832,104.33003758286716,9.927743197197746,1084.4806052483545,971.7451493800224,1458.9478205643222,1
2026-01-14 06:00:00,WELL-008,PUMP-008,187.22627040099258,81.49818339546694,9.880514447693894,1114.3108038539401,1022.896353163139,1475.4223551898888,0
2026-01-14 07:00:00,WELL-008,PUMP-008,146.0334221053484,79.87749779631153,4.282983464509857,1341.4937473584378,1318.586322221862,1445.4633858854443,0
2026-01-14 08:00:00,WELL-008,PUMP-008,161.2956960475973,62.176460974250546,3.404714525378596,1210.0234521211169,1119.9718612628121,1373.5675517402653,0
2026-01-14 09:00:00,WELL-008,PUMP-008,155.58091579772645,73.89611698199435,4.163843789834694,1230.8735435502958,1043.1557057305813,1461.2696291005636,0
2026-01-14 10:00:00,WELL-008,PUMP-008,137.35718841651538,72.51121468491199,2.9719105840079645,1202.759921522891,1259.7085875474236,1374.9451414981481,0
2026-01-14 11:00:00,WELL-008,PUMP-008,144.57484362886484,63.84616173426301,3.2834489761944456,1160.0215153577956,1118.052266089503,1485.5171240676243,0
2026-01-14 12:00:00,WELL-008,PUMP-008,159.20024918832004,72.7691357993974,3.7677338915469742,1259.6470608134582,1172.300202381013,1425.066775831885,0
2026-01-14 13:00:00,WELL-008,PUMP-008,141.0800839808239,75.23724265318103,3.353420356841591,1223.8179876848642,1111.2070315011415,1379.720795846128,0
2026-01-14 14:00:00,WELL-008,PUMP-008,150.38639355148305,85.0359310849297,3.140658838613349,1336.4372928056987,1282.854131693637,1406.92066764434,0
2026-01-14 15:00:00,WELL-008,PUMP-008,157.50624718767764,78.67680413321013,3.0148926843501975,1340.6073047137497,1233.5519036608162,1484.5420784928667,0
2026-01-14 16:00:00,WELL-008,PUMP-008,162.723965927803,76.12545164585413,3.181026743246697,1332.8186203763637,1217.535324762823,1475.7318162033346,0
2026-01-14 17:00:00,WELL-008,PUMP-008,143.14819128697943,77.96384742761627,3.594099299921714,1181.5047916326305,1181.8106557201809,1515.2540796069209,0
2026-01-14 18:00:00,WELL-008,PUMP-008,154.66732787682946,77.2867180710923,3.1724328721613535,1177.8611973559473,1236.4669110221926,1407.1566690133684,0
2026-01-14 19:00:00,WELL-008,PUMP-008,151.28186262045023,74.32820211378024,3.914461993751172,1280.3089666193869,1159.701625401199,1398.2384578590095,0
2026-01-14 20:00:00,WELL-008,PUMP-008,143.82233069625929,73.85984141854799,2.3046591250792297,1340.703993575635,1184.227814213768,1443.285453401008,0
2026-01-14 21:00:00,WELL-008,PUMP-008,149.5623322299682,81.3275174470015,2.2925908944074838,1400.1776439813211,1228.474980001321,1455.1401642509966,0
2026-01-14 22:00:00,WELL-008,PUMP-008,149.016092339698,76.61855075900226,3.725482396538257,1214.48816101596,1134.749575005735,1482.0580561443826,0
2026-01-14 23:00:00,WELL-008,PUMP-008,168.48243948881722,100.1785870138247,8.960023514234628,1099.5983010065509,1086.706321548927,1451.6568731095056,1
2026-01-15 00:00:00,WELL-008,PUMP-008,141.0559063357152,73.43369281127981,5.395365070753198,1229.0825149967254,1171.47519398926,1480.917596490396,0
2026-01-15 01:00:00,WELL-008,PUMP-008,147.28025196112716,78.66687593181642,4.185597369749445,1311.9098003930185,1113.2845548190328,1425.93988772214,0
2026-01-15 02:00:00,WELL-008,PUMP-008,139.41969654706233,70.94529597327647,3.50127532529475,1287.390365578143,1156.9658000039103,1469.249959461976,0
2026-01-15 03:00:00,WELL-008,PUMP-008,154.61350417425248,77.75023317158532,3.3098861521147587,1055.4518448032065,1273.8629721378225,1471.6000115263926,0
2026-01-15 04:00:00,WELL-008,PUMP-008,151.1095634100794,78.26625472670645,3.787292713387896,1212.3157143692085,1272.158204083588,1460.083312374339,0
2026-01-15 05:00:00,WELL-008,PUMP-008,151.5946308455585,71.15138884564057,3.903647116572121,1247.96653723034,1113.3049551336564,1417.0480489361644,0
2026-01-15 06:00:00,WELL-008,PUMP-008,153.58931764035214,70.77500045454187,3.8579260319138347,1109.3316777286057,1089.135117412001,1541.2862273584258,0
2026-01-15 07:00:00,WELL-008,PUMP-008,147.67251950920948,70.06852019565248,4.668073295594807,1167.2781352540696,1120.5370990052654,1440.2249262033754,0
2026-01-15 08:00:00,WELL-008,PUMP-008,135.66510607781828,70.22092908704225,2.625084509409808,1228.0696642327994,1149.4785371273485,1425.9621746636483,0
2026-01-15 09:00:00,WELL-008,PUMP-008,161.69760067237166,82.02803012228667,4.337255303720039,1155.1555906289423,1208.2665967988944,1428.8577150808617,0
2026-01-15 10:00:00,WELL-008,PUMP-008,149.1360059877948,64.74734387216847,4.283659227659445,1415.6366652283257,1167.6272072645631,1405.1023974066698,0
2026-01-15 11:00:00,WELL-008,PUMP-008,151.95406133980345,80.00938192136528,2.927242294580439,1264.2233017416931,1135.268584483621,1411.2831355282422,0
2026-01-15 12:00:00,WELL-008,PUMP-008,147.67099297045417,83.57470943774622,3.398786803537664,1166.7972377702235,1214.7679933513136,1416.6400600752943,0
2026-01-15 13:00:00,WELL-008,PUMP-008,165.49661389585725,74.12537168855172,3.1154516309634834,1257.28035164342,1284.3908346314051,1475.8165532549733,0
2026-01-15 14:00:00,WELL-008,PUMP-008,156.26302042551018,74.89363575184453,3.586602402349822,1249.3281586132525,1214.0906481421478,1410.0249170772154,0
2026-01-15 15:00:00,WELL-008,PUMP-008,144.60405035201558,72.98476213098166,3.427875107955022,1306.7701713629485,1161.5807105325605,1476.2415872357174,0
2026-01-15 16:00:00,WELL-008,PUMP-008,156.1536371911133,66.9472339937698,3.2867546566517163,1335.6466135740611,1168.2248259527719,1463.6408366138921,0
2026-01-15 17:00:00,WELL-008,PUMP-008,142.7725512443252,79.7105273518453,3.4578559694131488,1230.2760436055783,1115.6326070858543,1490.2235291489562,0
2026-01-15 18:00:00,WELL-008,PUMP-008,152.1414695562708,81.83450345008646,4.140539672394774,1305.4709363039215,1104.4931506755277,1436.2583296725873,0
2026-01-15 19:00:00,WELL-008,PUMP-008,160.20545796020036,74.09795072405639,2.6343902671564066,1224.5906469299737,1217.2457674865948,1414.117092221869,0
2026-01-15 20:00:00,WELL-008,PUMP-008,148.305782965857,62.18616069069401,2.5614899585966677,1273.8369244931564,1076.7642781252762,1406.7218586801794,0
2026-01-15 21:00:00,WELL-008,PUMP-008,139.5602093529181,75.01123053515626,2.5525814656663486,1132.5258718879259,1194.4914356573581,1419.126566350127,0
2026-01-15 22:00:00,WELL-008,PUMP-008,159.57221429346308,73.17786574194469,3.1423245325718985,1216.863599907368,1102.4269024443076,1385.562905219016,0
2026-01-15 23:00:00,WELL-008,PUMP-008,140.07661986028597,66.13254073080691,2.903294230895793,1315.680468794604,1179.4180051272401,1430.6062080835206,0
2026-01-16 00:00:00,WELL-008,PUMP-008,137.27668370591343,75.29742469998581,3.470987806857797,1254.4708510153644,1177.1491744878372,1431.3644847690125,0
2026-01-16 01:00:00,WELL-008,PUMP-008,138.65276542337912,81.50424769898805,3.493126821966991,1220.5842042175602,1220.7789172096666,1392.1335865466922,0
2026-01-16 02:00:00,WELL-008,PUMP-008,148.09606938155196,74.35195027358158,3.8002563074533358,1369.4593247577684,1145.9592372646816,1484.6325658475168,0
2026-01-16 03:00:00,WELL-008,PUMP-008,147.12580709308745,71.70978038123287,4.116558071569256,1289.5253869183725,1252.1809326113357,1419.1063111788942,0
2026-01-16 04:00:00,WELL-008,PUMP-008,156.78751717163254,73.29448236041647,4.819514089036814,1260.9527992602716,966.100373559906,1435.882681381135,0
2026-01-16 05:00:00,WELL-008,PUMP-008,150.16423121412217,75.11993763087764,2.81836436673761,1211.4444064240386,1140.9416177406138,1461.6256678193033,0
2026-01-16 06:00:00,WELL-008,PUMP-008,151.47806917482936,71.0925456638244,3.544661138305437,1228.215539920767,1169.3443721724122,1552.547018989905,0
2026-01-16 07:00:00,WELL-008,PUMP-008,147.5770544434257,71.76700186230356,4.79181283338072,1207.8585755452734,1147.979418526107,1537.7194680136417,0
2026-01-16 08:00:00,WELL-008,PUMP-008,153.48648445477218,77.62101630608534,3.4971657419283675,1251.4260303146627,1114.298848884177,1330.0075643272157,0
2026-01-16 09:00:00,WELL-008,PUMP-008,141.16315515987122,77.09501886933224,3.5920629826214823,1336.8986627365596,1095.766420948984,1539.3395242719837,0
2026-01-16 10:00:00,WELL-008,PUMP-008,143.33328741966199,78.72316523299499,3.8928009350431574,1173.867774110623,1069.5379992095216,1456.3289653361464,0
2026-01-16 11:00:00,WELL-008,PUMP-008,165.16294123279843,72.99806945009905,4.3722776312433504,1300.0621211864493,1169.6099786484547,1498.296977742985,0
2026-01-16 12:00:00,WELL-008,PUMP-008,147.6386512162738,71.40293125249406,3.2898539990552815,1353.9379539477036,1142.0723857110074,1432.9530409721617,0
2026-01-16 13:00:00,WELL-008,PUMP-008,163.66963787530528,92.63729582544555,8.336462382105449,1176.1239619120195,867.991788535856,1462.417384200098,1
2026-01-16 14:00:00,WELL-008,PUMP-008,142.18041866691985,68.8751862173486,3.07547964987055,1185.1600207265167,1165.6083198268263,1428.668780981105,0
2026-01-16 15:00:00,WELL-008,PUMP-008,155.973937942487,76.87472004279847,3.4358884339502307,1173.8960962802785,1232.9812685824324,1403.6831266343174,0
2026-01-16 16:00:00,WELL-008,PUMP-008,142.40060284962996,69.57416839448054,2.5587190189492115,1118.584841424371,1143.6611800195653,1469.6453916667317,0
2026-01-16 17:00:00,WELL-008,PUMP-008,158.76483469783,84.6659711075882,3.595908451753212,1237.4397865234466,1101.358009498841,1377.8205775293618,0
2026-01-16 18:00:00,WELL-008,PUMP-008,154.89987368238252,65.5498036819749,2.6325200586521946,1196.4617288241961,1160.0504590774387,1480.073866378332,0
2026-01-16 19:00:00,WELL-008,PUMP-008,143.44015155708357,65.33103359849127,3.964612217012127,1185.1726970952582,1181.0986929293076,1500.1288200287338,0
2026-01-16 20:00:00,WELL-008,PUMP-008,147.42217461774868,76.39222668709503,3.299816672016859,1420.8123110396202,1270.254061864957,1555.375346911916,0
2026-01-16 21:00:00,WELL-008,PUMP-008,156.087476619309,76.76979069989441,3.367754370070397,1324.3574849039674,1204.1721336202768,1401.9510469576383,0
2026-01-16 22:00:00,WELL-008,PUMP-008,150.84563470973154,71.12165600432687,4.199282852461575,1342.1024220057145,1252.9546164574301,1464.6018988500039,0
2026-01-16 23:00:00,WELL-008,PUMP-008,135.78229233935357,75.12829924549361,3.7937885973049976,1273.653530799581,1250.6528973523596,1482.776698824575,0
2026-01-17 00:00:00,WELL-008,PUMP-008,155.74125032263717,72.91847362710723,2.6859265829742336,1296.8992675194027,1317.5228574924076,1462.7699554027463,0
2026-01-17 01:00:00,WELL-008,PUMP-008,147.21083927266295,75.58978651601645,4.1392508234910546,1153.8232761904035,1151.0030140868632,1423.8563593313029,0
2026-01-17 02:00:00,WELL-008,PUMP-008,149.89812675122386,85.26474219729988,3.1276346947207894,1159.4915297878472,1099.1236415354922,1462.4576229236513,0
2026-01-17 03:00:00,WELL-008,PUMP-008,144.86746477160375,62.47482705259239,4.335640471253016,1221.533669807719,1123.496569517486,1466.4133522728575,0
2026-01-17 04:00:00,WELL-008,PUMP-008,156.82105781365723,66.70515521053677,3.954418118725329,1261.441832699751,1211.4327640084764,1468.2483690129225,0
2026-01-17 05:00:00,WELL-008,PUMP-008,145.26349062174015,80.3367735495809,3.713624266392852,1136.893496663172,1115.030767430515,1527.5549899598468,0
2026-01-17 06:00:00,WELL-008,PUMP-008,150.63487574120228,77.63347050733346,4.2234244837300015,1237.7890367103796,1213.3947140596576,1485.5348416994402,0
2026-01-17 07:00:00,WELL-008,PUMP-008,147.5554896428573,78.99951795750576,4.337019884072413,1361.1963054144808,1139.0944128444921,1407.1305950050437,0
2026-01-17 08:00:00,WELL-008,PUMP-008,146.46172883230673,72.85524470155508,2.960570795695261,1246.4047939117506,1071.0766421805258,1506.6006511710877,0
2026-01-17 09:00:00,WELL-008,PUMP-008,151.38237569061428,92.54622556057937,10.576916410704047,1005.4028271224781,1106.4312960815953,1493.5788251149079,1
2026-01-17 10:00:00,WELL-008,PUMP-008,143.9051716479166,72.7510919698692,2.832226849964397,1132.8438355900148,1220.5014774440772,1469.609215502084,0
2026-01-17 11:00:00,WELL-008,PUMP-008,159.89950842051744,78.4083092112884,3.395922626459389,1386.4776782622225,1092.9191891078558,1402.9961719032015,0
2026-01-17 12:00:00,WELL-008,PUMP-008,150.7333710627021,77.59732220306753,3.765712096303092,1279.503704636664,1221.9238903331902,1459.037194746411,0
2026-01-17 13:00:00,WELL-008,PUMP-008,143.95487277538524,71.55165649136528,4.028620852183272,1259.68179803018,1191.8505957338248,1415.3246087328948,0
2026-01-17 14:00:00,WELL-008,PUMP-008,138.95721343218034,70.91387418013925,3.161568774952292,1204.8189248959482,1200.513513217291,1401.182412447087,0
2026-01-17 15:00:00,WELL-008,PUMP-008,152.37535845528106,84.31195984101893,3.4306742976348645,1288.0387414171066,1203.0169557129582,1473.6272758776206,0
2026-01-17 16:00:00,WELL-008,PUMP-008,152.54034205615207,71.57971179709304,3.2493545797750523,1191.0857612987786,1321.5522401180024,1450.2049218725263,0
2026-01-17 17:00:00,WELL-008,PUMP-008,163.6338199559437,79.63506722424918,4.167702046129674,1159.6927268787863,1258.2757023706763,1440.2551803745757,0
2026-01-17 18:00:00,WELL-008,PUMP-008,130.0256150630473,69.12433461957015,3.323835704601424,1087.5373601500087,1222.0619114188983,1465.6479062718124,0
2026-01-17 19:00:00,WELL-008,PUMP-008,147.7670837509605,70.84387972768025,2.1869766246989255,1356.9027250800307,1196.7109829849253,1477.3028868781912,0
2026-01-17 20:00:00,WELL-008,PUMP-008,155.57307872456846,68.05062133597818,3.586894312879628,1225.4285992609646,1282.3450317168138,1458.719781868895,0
2026-01-17 21:00:00,WELL-008,PUMP-008,155.17605319929046,71.86729442794692,3.860765108677853,1220.6303205210424,1123.1440052245969,1477.5489827151755,0
2026-01-17 22:00:00,WELL-008,PUMP-008,159.8196887382363,76.01620936939221,3.936069487136103,1210.5382623095934,1203.436020379761,1515.1680451464829,0
2026-01-17 23:00:00,WELL-008,PUMP-008,149.065709281071,72.9802650324043,3.091921991066129,1213.2173750588329,1068.0600526425073,1389.19520475129,0
2026-01-18 00:00:00,WELL-008,PUMP-008,156.29438873693798,75.93418118765739,3.5185111691062776,1368.8930915972126,1021.7579792150694,1440.1897551588447,0
2026-01-18 01:00:00,WELL-008,PUMP-008,147.62039025873815,74.78837045178507,3.506217867865929,1181.6046750597977,1209.0999326588565,1423.911702707213,0
2026-01-18 02:00:00,WELL-008,PUMP-008,148.28923321646937,73.37630822639528,3.3078314296963445,1242.120447509637,1150.7065025540073,1407.437315121792,0
2026-01-18 03:00:00,WELL-008,PUMP-008,153.64862157977714,76.99559341032345,3.3387461755770365,1232.4718012643152,1261.7277211537908,1475.710407632437,0
2026-01-18 04:00:00,WELL-008,PUMP-008,156.03985555288597,77.68835169919203,3.6067849005123525,1215.4946519534806,1151.5288516635014,1439.9101448499196,0
2026-01-18 05:00:00,WELL-008,PUMP-008,153.91038913122435,71.47491812123661,3.9133975677466073,1288.8761336766377,1164.18255796105,1365.666721564858,0
2026-01-18 06:00:00,WELL-008,PUMP-008,155.53211765145736,63.68595018654604,2.7451119630908054,1257.2896823466815,1109.5286856237128,1551.9601022361223,0
2026-01-18 07:00:00,WELL-008,PUMP-008,144.5414177714535,76.67372013411148,4.638157426981574,1241.5752720532682,1181.190110809091,1373.392598397528,0
2026-01-18 08:00:00,WELL-008,PUMP-008,135.39491930386401,83.5739246683298,3.3723962859862895,1466.7421318776828,1225.6774987446536,1439.502246163397,0
2026-01-18 09:00:00,WELL-008,PUMP-008,169.17682879093894,81.48011884358175,2.2658023163897925,1451.6626698315604,1226.4806019505795,1436.7660584650832,0
2026-01-18 10:00:00,WELL-008,PUMP-008,166.84780539332428,76.91441061297782,4.785075094529317,1263.634598150773,1211.599667315736,1466.4117783080128,0
2026-01-18 11:00:00,WELL-008,PUMP-008,145.2154835418769,78.8616019088674,3.062613440632353,1273.5355138537009,1078.0927200394585,1501.775940173049,0
2026-01-18 12:00:00,WELL-008,PUMP-008,136.1494725135119,68.21358090144221,4.096500827780791,1172.4354125347022,1207.8491090864495,1435.260624837596,0
2026-01-18 13:00:00,WELL-008,PUMP-008,147.73676910718203,78.58539514532849,3.5053908347718674,1229.2498794714368,1107.1558069218004,1453.3926120904775,0
2026-01-18 14:00:00,WELL-008,PUMP-008,175.05860920646768,69.60574519335705,3.4669858712489905,1251.7959135764343,1179.83634715298,1363.0644139734736,0
2026-01-18 15:00:00,WELL-008,PUMP-008,149.48073851831748,74.6335592083201,2.8364136927709707,1369.667087990725,1244.3725167140406,1450.445993592363,0
2026-01-18 16:00:00,WELL-008,PUMP-008,132.7649303492742,70.80324020853683,3.081073950597783,1367.2581130391548,1177.1585714616672,1514.6203450455778,0
2026-01-18 17:00:00,WELL-008,PUMP-008,143.05269224323797,71.3299736663055,3.647959749145558,1120.4406118146246,1126.3075055037696,1427.319496373447,0
2026-01-18 18:00:00,WELL-008,PUMP-008,152.0966673176012,78.88656443642927,3.628950972284837,1412.0956781755174,1192.3219345674256,1499.591335716906,0
2026-01-18 19:00:00,WELL-008,PUMP-008,143.27685388688926,64.65465148087537,3.61336004618856,1291.3383215300641,1204.2805476456597,1475.266854245085,0
2026-01-18 20:00:00,WELL-008,PUMP-008,143.03048036972265,78.12663131647753,4.268966666915512,1219.2324129267874,1260.919611757062,1469.8808417026596,0
2026-01-18 21:00:00,WELL-008,PUMP-008,143.84516670668424,78.22742741948025,2.159687981793442,1371.8111913338537,1103.6808435005748,1458.4471587320218,0
2026-01-18 22:00:00,WELL-008,PUMP-008,155.3976033216179,84.61972972964959,3.8929490592125156,1486.9026957561082,1083.5441876408813,1384.9407933735718,0
2026-01-18 23:00:00,WELL-008,PUMP-008,147.72134483798422,72.07644298142647,3.0623413379601065,1193.2230698665014,1089.4119167695067,1527.4935852079632,0
2026-01-19 00:00:00,WELL-008,PUMP-008,147.56445543328545,80.05007858610658,2.959616151213128,1192.3776012703281,1220.7169081395305,1490.0697161891692,0
2026-01-19 01:00:00,WELL-008,PUMP-008,141.1986167127605,76.61408419063376,3.6759464281873813,1155.9687549424723,1225.231541032172,1436.8851349029296,0
2026-01-19 02:00:00,WELL-008,PUMP-008,127.47351604418165,74.76449146053227,2.9864710961734207,1370.1090003856186,1222.995184083868,1461.711770540528,0
2026-01-19 03:00:00,WELL-008,PUMP-008,154.33917107711915,72.36097467792882,3.4061019820471294,1151.5826229217148,1197.4221966201128,1409.6707161264112,0
2026-01-19 04:00:00,WELL-008,PUMP-008,161.75958204952673,80.31523741991415,2.6058133867075055,1319.1325689827243,1193.1366672599356,1511.1730069758073,0
2026-01-19 05:00:00,WELL-008,PUMP-008,165.79156721137883,76.51735728352921,3.296976690329429,1180.3990784145808,1136.6148927067748,1485.515416497189,0
2026-01-19 06:00:00,WELL-008,PUMP-008,161.67448650683008,80.5687086611656,3.891261571140319,1282.5444950104713,1288.6784345602757,1409.7494504342642,0
2026-01-19 07:00:00,WELL-008,PUMP-008,146.69913140521666,78.58555047433455,4.213426432537281,1326.4605189009299,1255.4471508271297,1439.8488761013234,0
2026-01-19 08:00:00,WELL-008,PUMP-008,140.72762765976515,78.2832226226859,2.648275072537472,1091.6142907519452,1230.8776772126607,1521.7222584817246,0
2026-01-19 09:00:00,WELL-008,PUMP-008,147.84019947392815,65.36884024138752,4.035090906842283,1319.3430220469659,1107.804253912648,1448.7269444617755,0
2026-01-19 10:00:00,WELL-008,PUMP-008,156.5240657930967,71.44071922810443,3.4132390771266907,1144.467311863024,1192.9777961863558,1453.4048743601547,0
2026-01-19 11:00:00,WELL-008,PUMP-008,156.71167096923492,78.9881494776954,2.2221390424799035,1139.199141119694,1323.2397159402356,1424.6895641223048,0
2026-01-19 12:00:00,WELL-008,PUMP-008,148.9841085257607,80.37279304222993,3.0611015498320837,1193.560597433348,1120.9103593414084,1478.3810987557943,0
2026-01-19 13:00:00,WELL-008,PUMP-008,143.27583391764784,72.36630404559045,2.3845021776853086,1343.7247208376182,1082.798613845661,1441.3786719081027,0
2026-01-19 14:00:00,WELL-008,PUMP-008,141.20574999887077,68.52488637020713,3.24907189267694,1123.5875530486849,1315.9665774004068,1330.7627691415507,0
2026-01-19 15:00:00,WELL-008,PUMP-008,151.7526665229058,79.05243123814635,3.564860757875099,1214.478912379449,1198.174531572285,1424.6755912594178,0
2026-01-19 16:00:00,WELL-008,PUMP-008,141.04898388712178,63.2438802932584,2.720900089728007,1280.919581985097,1171.7452934315795,1487.606645399106,0
2026-01-19 17:00:00,WELL-008,PUMP-008,144.01416527388466,78.49981533161721,3.618465185740316,1160.4438225125384,1232.4622377783578,1542.3834551059279,0
2026-01-19 18:00:00,WELL-008,PUMP-008,149.4913328406276,69.90319256507168,3.620911802689246,1245.1304662227017,1173.4446900263251,1439.5450461550374,0
2026-01-19 19:00:00,WELL-008,PUMP-008,150.90069807925647,71.10975683731384,4.256010643652822,1217.1474637809229,1093.937745069395,1448.0598580872575,0
2026-01-19 20:00:00,WELL-008,PUMP-008,154.49712498376627,79.4082823025623,4.111781894401591,1237.1266618676143,1151.0355590387037,1418.7230819867666,0
2026-01-19 21:00:00,WELL-008,PUMP-008,154.75505896619114,74.31336186425816,3.455571395488482,1321.1052652542091,1161.728305038659,1435.4912230301047,0
2026-01-19 22:00:00,WELL-008,PUMP-008,156.64456810737127,83.86046375412624,4.077552928390535,1192.3849590659165,1176.4839220787044,1527.021447584373,0
2026-01-19 23:00:00,WELL-008,PUMP-008,151.91716459911729,77.97296420809045,3.870156506412095,1136.975185604625,1300.5500258099335,1389.576275237419,0
2026-01-20 00:00:00,WELL-008,PUMP-008,163.82451038913464,74.46784745209305,3.068356776133754,1265.5820377512732,1167.3888723347404,1429.9216518207204,0
2026-01-20 01:00:00,WELL-008,PUMP-008,156.99630407546803,68.51061006639266,3.871394197552295,1176.0412547753601,1149.2646056929211,1465.962255650626,0
2026-01-20 02:00:00,WELL-008,PUMP-008,151.64320618081527,78.96382571822188,3.148258655360162,1259.5189137116006,1169.8176887511054,1533.1183334805241,0
2026-01-20 03:00:00,WELL-008,PUMP-008,150.84864396925022,81.89140406873291,3.1089719762643124,1215.6195670038037,1181.4594720176672,1449.0354721210672,0
2026-01-20 04:00:00,WELL-008,PUMP-008,137.49269221806688,69.56115688851216,3.4591895072565304,1339.1484622552368,1138.6632801112403,1430.0030636447866,0
2026-01-20 05:00:00,WELL-008,PUMP-008,143.56582146617703,77.65251218887227,3.679621376618108,1172.7172028337636,1171.6117737771574,1371.8446888250755,0
2026-01-20 06:00:00,WELL-008,PUMP-008,153.5549837153424,84.71278794517696,2.709337973272254,1319.198574805298,1240.8106279321778,1418.0892613610363,0
2026-01-20 07:00:00,WELL-008,PUMP-008,164.8684192930027,80.78179560279814,3.7862866030348217,1363.8534024142332,1185.220330642529,1451.5033193822596,0
2026-01-20 08:00:00,WELL-008,PUMP-008,151.31202794911647,72.61829367159743,2.7621026569075475,1209.268436045048,1198.861947453864,1471.7898638185097,0
2026-01-20 09:00:00,WELL-008,PUMP-008,157.892214959353,70.48882030823572,3.8062896558966135,1313.6787406811893,1092.7606501714579,1482.0619488842021,0
2026-01-20 10:00:00,WELL-008,PUMP-008,150.91879566465533,83.2994855046369,5.158669398671233,1287.0477092593887,1217.4887897167914,1486.2854183498707,0
2026-01-20 11:00:00,WELL-008,PUMP-008,168.81399975887916,75.68701914654599,3.2514428871737757,1293.8988665193835,1326.1404337174106,1401.5677556813928,0
2026-01-20 12:00:00,WELL-008,PUMP-008,144.09785815476718,69.35039867502687,3.896859709629951,1121.9010942706427,1200.9748831210663,1492.1775204584446,0
2026-01-20 13:00:00,WELL-008,PUMP-008,152.76363608950047,79.75820031162307,3.137598213720219,1151.8327396900372,1227.591678616143,1491.254891311204,0
2026-01-20 14:00:00,WELL-008,PUMP-008,152.7107767715329,73.01559927561107,4.124512124037895,1190.995122067375,1089.1265589462885,1490.616059557299,0
2026-01-20 15:00:00,WELL-008,PUMP-008,147.03526948852453,72.34974652778531,3.7210711999793067,1163.8335842520005,1286.4842531656054,1537.1913922103863,0
2026-01-20 16:00:00,WELL-008,PUMP-008,153.7301700781859,67.83857204033444,3.3874851782597903,1422.540359089895,1149.5064894873142,1525.7072237386137,0
2026-01-20 17:00:00,WELL-008,PUMP-008,145.17986717510564,70.79855318966173,4.442794628272028,1250.7963479234556,1252.084839538466,1470.5726412600507,0
2026-01-20 18:00:00,WELL-008,PUMP-008,136.6573798846633,68.07217868050316,3.6229185848514125,1288.1691782254024,1274.9605208014596,1481.9462233374281,0
2026-01-20 19:00:00,WELL-008,PUMP-008,146.18254497856086,70.50184321445651,3.294216460672304,1253.2996548474168,1288.8762561102233,1430.9534683479276,0
2026-01-20 20:00:00,WELL-008,PUMP-008,140.8025477875366,77.08439756001825,3.835694677525337,1336.701064820878,1101.3606516045177,1374.7382890822726,0
2026-01-20 21:00:00,WELL-008,PUMP-008,150.27153746132734,81.31716817109826,4.098624541970922,1261.867444844503,1264.8945524143182,1521.6347766811027,0
2026-01-20 22:00:00,WELL-008,PUMP-008,149.36683978983362,74.60843158285283,3.556665995299193,1267.6970023933795,1058.2521047857736,1491.8511503185466,0
2026-01-20 23:00:00,WELL-008,PUMP-008,155.1967779959936,81.82167593872086,3.5776884673462064,1460.7220186577356,1121.3993217712336,1412.8905109488019,0
2026-01-21 00:00:00,WELL-008,PUMP-008,156.42073091534533,75.58131338707086,3.616495757416998,1176.5957665326453,1208.9020650366945,1491.911197819497,0
2026-01-21 01:00:00,WELL-008,PUMP-008,146.63712299629807,75.50788483870895,4.032389425977885,1329.9286996296812,1244.159565594214,1452.4848796501337,0
2026-01-21 02:00:00,WELL-008,PUMP-008,146.15793369980668,68.90809698629587,3.715631646392302,1211.7976117601038,1234.8577364325456,1450.37693152288,0
2026-01-21 03:00:00,WELL-008,PUMP-008,145.79141861359741,76.00878134630246,2.760222260827165,1277.2425984169577,1176.8201859649419,1443.538708514507,0
2026-01-21 04:00:00,WELL-008,PUMP-008,145.64418326579312,81.22347263511926,3.1574357603044043,1148.276779977742,1189.2034195747667,1451.4590330338838,0
2026-01-21 05:00:00,WELL-008,PUMP-008,152.4467496102354,78.05148389168895,3.2841504984389354,1272.222602120351,1154.5483965551534,1472.3879622838645,0
2026-01-21 06:00:00,WELL-008,PUMP-008,173.0923844937226,80.25626105137111,3.810217137914523,1156.8550580482233,1246.3411078913875,1424.9435744850337,0
2026-01-21 07:00:00,WELL-008,PUMP-008,147.01494510047002,74.89137501977882,3.611450820714612,1192.0382655076357,1222.649449917533,1402.0678913449972,0
2026-01-21 08:00:00,WELL-008,PUMP-008,155.2065519739436,74.67616771520147,3.2559757907802727,1273.1116114852314,1237.498582617019,1450.2431127466796,0
2026-01-21 09:00:00,WELL-008,PUMP-008,149.87642326114064,81.27017724657571,3.6770501073481796,1311.8644698499345,1230.1698121075124,1520.355697933699,0
2026-01-21 10:00:00,WELL-008,PUMP-008,150.553931020801,105.04462732047425,9.43196968165801,993.3932633343342,938.5232689300258,1469.260271642009,1
2026-01-21 11:00:00,WELL-008,PUMP-008,169.36228160734137,90.75588574091756,7.520773008169941,1034.7753446248275,1076.1111987144313,1442.121369938848,0
2026-01-21 12:00:00,WELL-008,PUMP-008,155.70538593700482,74.88794378548118,2.72888814208655,1327.170500415363,1159.0979888319623,1388.921225466924,0
2026-01-21 13:00:00,WELL-008,PUMP-008,137.9505891763789,78.26002152984002,3.3114373426989347,1266.7496091125204,1322.8662942080844,1499.9394735983306,0
2026-01-21 14:00:00,WELL-008,PUMP-008,153.2423243610752,80.72324722109532,3.4793708418224822,1427.6281435301194,1198.7842667205925,1478.3387340618606,0
2026-01-21 15:00:00,WELL-008,PUMP-008,156.96412127445575,73.98214910291007,3.333936539493164,1152.2739706364123,1233.2250987281002,1458.524158459812,0
2026-01-21 16:00:00,WELL-008,PUMP-008,150.97557578777298,75.59272945795868,2.7917389880688566,1301.4039875744472,1060.995453715742,1459.2119040298842,0
2026-01-21 17:00:00,WELL-008,PUMP-008,141.95174269573312,78.28671932646968,3.8852548171939048,1378.7750061347456,1071.4963329908794,1494.880775843181,0
2026-01-21 18:00:00,WELL-008,PUMP-008,160.0372483594135,83.98073689158379,2.741188378945827,1169.7031384220338,1169.934927050448,1341.4452985278742,0
2026-01-21 19:00:00,WELL-008,PUMP-008,154.597058282978,77.15290915745712,5.507284814958817,1307.8801735235013,1226.1702430235046,1405.886970044803,0
2026-01-01 00:00:00,WELL-009,PUMP-009,145.4416651029356,82.59496543874292,3.1415269575132636,1311.6940644267304,1197.636193285389,1443.0863666742848,0
2026-01-01 01:00:00,WELL-009,PUMP-009,155.1389054509694,67.2218357308484,3.001652559111129,1324.496933499062,1150.3050928325135,1460.1322658549152,0
2026-01-01 02:00:00,WELL-009,PUMP-009,156.0845636562124,75.16701934104168,2.6354981727374116,1079.176419993625,1200.8528022822331,1408.5263100561149,0
2026-01-01 03:00:00,WELL-009,PUMP-009,144.6313024127756,72.84649713346845,4.038038337605522,1294.4884150563519,1248.1362114570609,1537.8752440885887,0
2026-01-01 04:00:00,WELL-009,PUMP-009,160.77837520150263,75.12023884559532,3.9934165634689287,1257.3320062080913,1282.8713957203609,1446.3718967371863,0
2026-01-01 05:00:00,WELL-009,PUMP-009,159.2081790256086,73.93179876586882,3.5937367398854145,1174.4650651290654,1245.1034002706601,1492.0300679008433,0
2026-01-01 06:00:00,WELL-009,PUMP-009,136.78612045019236,73.20699392384095,3.35835810223098,1309.3820186565613,1131.5151842429382,1389.9313128242604,0
2026-01-01 07:00:00,WELL-009,PUMP-009,148.22459879841063,74.56288843065052,3.1735733362421223,1191.0614490205116,1145.9204451419407,1423.3834606159705,0
2026-01-01 08:00:00,WELL-009,PUMP-009,136.36041261795486,67.0914941313755,3.465915561970725,1289.7862744292177,1165.8428329304706,1471.5221351904534,0
2026-01-01 09:00:00,WELL-009,PUMP-009,181.78070767353012,85.84239925358719,6.59668746475214,1184.6880120295546,957.7145294121663,1522.9588173838042,0
2026-01-01 10:00:00,WELL-009,PUMP-009,164.5700884810825,95.63225122852799,7.120441204330206,1121.167043899356,951.8535472020885,1464.6749820358452,0
2026-01-01 11:00:00,WELL-009,PUMP-009,149.186260625317,65.58527072652981,4.42045497316038,1140.588934056812,1136.7293412202719,1410.582793687984,0
2026-01-01 12:00:00,WELL-009,PUMP-009,154.39217669697533,77.95533468167531,3.362170496352939,1372.7429580242926,1129.2447544095448,1523.5682851626584,0
2026-01-01 13:00:00,WELL-009,PUMP-009,141.1581264267803,73.27375866739345,2.5693615759889887,1183.142307517641,1061.8771657150874,1510.4257763623668,0
2026-01-01 14:00:00,WELL-009,PUMP-009,156.69322697476764,75.12112930530235,3.6624891698297577,1202.796530297811,1204.6965600233193,1456.7487144275433,0
2026-01-01 15:00:00,WELL-009,PUMP-009,142.82871942341396,72.33815821886691,3.508406124781929,1110.867184431115,1144.5453162281738,1489.6475351923173,0
2026-01-01 16:00:00,WELL-009,PUMP-009,145.96429533162348,73.55975263997468,2.85480235716824,1184.8855111522146,1233.6624837814948,1459.2671551683457,0
2026-01-01 17:00:00,WELL-009,PUMP-009,160.4591105640338,72.62612146076268,3.4505319768397724,1349.5870119450594,1216.6011813898288,1379.8542238752518,0
2026-01-01 18:00:00,WELL-009,PUMP-009,156.14133245480227,71.94610551179152,3.4299446267991707,1081.0847762302203,1248.0952869864418,1485.48368701257,0
2026-01-01 19:00:00,WELL-009,PUMP-009,161.89453970376167,80.67411952996875,3.0518324954443385,1133.944755751852,1135.9964028405932,1458.424228583263,0
2026-01-01 20:00:00,WELL-009,PUMP-009,156.84369491353198,63.0302946682796,4.589574617739316,1240.9970348644324,1244.1266081412002,1446.9881381154205,0
2026-01-01 21:00:00,WELL-009,PUMP-009,148.85449951979157,75.03656389571182,3.967039922708261,1217.8047333725256,1096.4094434185658,1409.7398949585377,0
2026-01-01 22:00:00,WELL-009,PUMP-009,150.4913991510129,70.90628837069248,2.9567484492959375,1128.3444581346625,1223.309183533499,1505.6507221967818,0
2026-01-01 23:00:00,WELL-009,PUMP-009,161.7758319980973,77.1378797346015,3.05148637862689,1296.7090194775012,1109.4040374087026,1383.8522528859762,0
2026-01-02 00:00:00,WELL-009,PUMP-009,151.6209727668476,81.80056005253407,4.16320300280607,1120.766644458507,1124.7809725979641,1514.9820187154735,0
2026-01-02 01:00:00,WELL-009,PUMP-009,151.1708179736766,71.71552051751516,2.9592483798987685,1094.259213163211,1311.390157037681,1395.1402484180985,0
2026-01-02 02:00:00,WELL-009,PUMP-009,147.67511132220068,74.76568594068587,4.044967735869793,1273.1558251757906,1153.8747274436334,1425.7273189307155,0
2026-01-02 03:00:00,WELL-009,PUMP-009,137.32586651354768,71.35513091070607,3.193938068091699,1221.1975986970542,1195.999439127983,1436.0216160307864,0
2026-01-02 04:00:00,WELL-009,PUMP-009,147.38307074967506,72.8376021337681,2.987811172031478,1324.9456034859406,1182.1697038759135,1468.3950489663632,0
2026-01-02 05:00:00,WELL-009,PUMP-009,146.63477946228383,79.18042248844402,2.908871877562558,1153.5366990848288,1135.6666290761523,1475.989157324957,0
2026-01-02 06:00:00,WELL-009,PUMP-009,140.27146784858874,71.15417501485639,4.513044310546675,1302.6429912953943,1143.1247790003463,1504.1438397275997,0
2026-01-02 07:00:00,WELL-009,PUMP-009,142.48795290608615,74.58660764598149,3.5978272839211334,1344.8279637660478,1224.5567124251907,1457.454364669425,0
2026-01-02 08:00:00,WELL-009,PUMP-009,150.1205697542577,65.82000818012479,3.1072247514727733,1173.8726723477425,1132.6246270718389,1539.6835716319722,0
2026-01-02 09:00:00,WELL-009,PUMP-009,145.96246227725294,80.12967103625283,4.371219937538312,1278.5983672646444,1203.179480567402,1539.3935357501828,0
2026-01-02 10:00:00,WELL-009,PUMP-009,164.2769584443472,86.16535889231733,11.150281372226054,1031.380242554738,1017.4749647124601,1499.4802271378674,0
2026-01-02 11:00:00,WELL-009,PUMP-009,148.38330474849656,76.73799385487393,3.3641993501655945,1259.130085948728,1144.7509312211105,1467.590979493968,0
2026-01-02 12:00:00,WELL-009,PUMP-009,154.8071575063288,75.21333997922535,4.030963088716257,1440.1004642607834,1177.7015324545162,1394.8328939110004,0
2026-01-02 13:00:00,WELL-009,PUMP-009,158.5818162407949,71.36928781826342,3.606102569171187,1207.6875540493118,1119.8418461586423,1498.5742999134052,0
2026-01-02 14:00:00,WELL-009,PUMP-009,157.89006510553915,76.94696963380018,2.635559957020183,1276.8350938447015,1088.8307260837105,1475.5089871837583,0
2026-01-02 15:00:00,WELL-009,PUMP-009,158.90364270568537,75.70021535855946,4.0730080940672355,1294.3752838791902,1218.381210062703,1433.4033404884965,0
2026-01-02 16:00:00,WELL-009,PUMP-009,149.23244395030724,80.8657605884119,2.9518362756914205,1179.228110389419,1124.8401462818028,1456.3329515778519,0
2026-01-02 17:00:00,WELL-009,PUMP-009,142.91918113023692,68.84705779911322,3.972030262825378,1383.8290109609998,1165.3210592050748,1476.576518153413,0
2026-01-02 18:00:00,WELL-009,PUMP-009,174.87793398721948,91.68873911776575,8.319933172091734,1084.1348032408991,1053.738454685923,1413.3980034221195,1
2026-01-02 19:00:00,WELL-009,PUMP-009,140.81729246266107,68.58319738665112,3.650324047693717,1260.749080516361,1216.257935753572,1442.8336605501675,0
2026-01-02 20:00:00,WELL-009,PUMP-009,155.30869567359275,71.60154335370686,2.739984358050097,1298.4159680241457,1135.8478593265527,1471.2712819619446,0
2026-01-02 21:00:00,WELL-009,PUMP-009,142.43994536662643,66.0555857722953,4.848645744509859,1205.2875519396175,1171.1667380858999,1460.9904575339476,0
2026-01-02 22:00:00,WELL-009,PUMP-009,133.70737360931724,75.25871674104486,4.489271579437972,1238.9154066855217,1154.7065229315917,1448.7816078752078,0
2026-01-02 23:00:00,WELL-009,PUMP-009,151.15534630938365,75.18785075164455,3.5092001122705705,1203.4344910873072,1084.5288630340642,1478.0625720055066,0
2026-01-03 00:00:00,WELL-009,PUMP-009,137.91243386127942,75.3806677691989,3.450706484305787,1249.9182478237844,1126.474876763605,1418.744369106448,0
2026-01-03 01:00:00,WELL-009,PUMP-009,146.25723813254584,80.47212432821158,2.9121596434854897,1236.2111426936526,1195.9024760805153,1392.3054582740092,0
2026-01-03 02:00:00,WELL-009,PUMP-009,169.40931923127647,93.98938445138904,7.396347106838311,1124.4556132282135,1128.422985765695,1449.9790398027153,0
2026-01-03 03:00:00,WELL-009,PUMP-009,155.93921654275357,85.22639958833025,3.8663385790335516,1210.126854255403,1116.6744083622866,1497.6472630355809,0
2026-01-03 04:00:00,WELL-009,PUMP-009,156.27805065297505,69.29108508149467,3.7142952643646954,1193.3040508617382,1209.281680715466,1374.6073033401449,0
2026-01-03 05:00:00,WELL-009,PUMP-009,148.4172805261839,75.5090321861313,3.26251769950302,1216.4592042103206,1190.834684280684,1399.8930810955073,0
2026-01-03 06:00:00,WELL-009,PUMP-009,168.44537577730358,106.57492177348932,9.977299337124197,1002.450211474739,1174.6378363860722,1405.5529350137685,1
2026-01-03 07:00:00,WELL-009,PUMP-009,178.76927619459696,98.00789451187171,8.48025451375262,1093.0415846362891,926.9953489937657,1446.5903348632191,1
2026-01-03 08:00:00,WELL-009,PUMP-009,159.59390045287392,71.37458913613705,4.8507907842510996,1230.4225411068858,1177.7017454926886,1476.6021848798673,0
2026-01-03 09:00:00,WELL-009,PUMP-009,150.16416535659954,75.99333126351989,2.7710997716375694,1191.6982777058977,1218.7412912075574,1380.839463513332,0
2026-01-03 10:00:00,WELL-009,PUMP-009,157.23445545010085,72.54844265808356,4.324857881369641,1263.0346931535605,1167.0273650554104,1507.0635720581884,0
2026-01-03 11:00:00,WELL-009,PUMP-009,166.43361466872832,72.00419041227033,4.258685725728241,1201.1327288514974,1160.5525648943376,1475.779342267676,0
2026-01-03 12:00:00,WELL-009,PUMP-009,157.28593882918176,76.47779362761898,3.3348872728040466,1214.9104169190118,1097.7201991985667,1396.6525322941275,0
2026-01-03 13:00:00,WELL-009,PUMP-009,148.1657489435407,80.1863769031991,3.552404873615029,1288.7677682006868,1189.9120708806092,1394.2282873235613,0
2026-01-03 14:00:00,WELL-009,PUMP-009,151.25786212551193,84.82846148277144,2.7848913378687294,1173.4243902355456,1060.8683058838615,1454.628052700704,0
2026-01-03 15:00:00,WELL-009,PUMP-009,150.63229155691064,68.90092660415328,3.4088616649713472,1244.9005346132635,1294.592955002419,1435.094217118577,0
2026-01-03 16:00:00,WELL-009,PUMP-009,162.8407778297665,78.06524885482781,3.4621191623056453,1067.4953131128393,1245.0746028115295,1496.883801761984,0
2026-01-03 17:00:00,WELL-009,PUMP-009,156.36504698214517,75.40984602331918,4.3561062917694215,1355.6793750839456,1156.4620132229245,1462.4364926649575,0
2026-01-03 18:00:00,WELL-009,PUMP-009,149.06336951671778,76.94411860758656,3.969704017886993,1123.100880398707,1200.6814952831314,1376.360696492727,0
2026-01-03 19:00:00,WELL-009,PUMP-009,164.65523061020127,82.13885092456073,2.3975500118396127,1147.7038823383195,1125.6438503074098,1391.5488155390317,0
2026-01-03 20:00:00,WELL-009,PUMP-009,176.66947491032425,95.92636273738607,8.647669580736022,1095.2866482588765,964.7781201426993,1472.3817990293921,1
2026-01-03 21:00:00,WELL-009,PUMP-009,149.54886354746867,75.64304518080942,2.1337381879025292,1180.0609890130158,1116.0719557370985,1505.3757090414044,0
2026-01-03 22:00:00,WELL-009,PUMP-009,149.90946733291355,75.50130980431099,3.589161243528597,1491.1034626174396,1135.8217138344596,1491.0332113478346,0
2026-01-03 23:00:00,WELL-009,PUMP-009,146.01471293779355,82.50038821051692,3.643514761971011,1304.9168367224017,1128.0486006910128,1455.5585905352166,0
2026-01-04 00:00:00,WELL-009,PUMP-009,158.4124494704833,81.98326582967171,2.9700454763647706,1213.763432836954,1227.2796290288884,1443.398399479264,0
2026-01-04 01:00:00,WELL-009,PUMP-009,152.08143260498485,72.05998014261328,3.2066453540122337,1318.7527853495974,1230.5068501790286,1454.0285233750164,0
2026-01-04 02:00:00,WELL-009,PUMP-009,141.23810059270423,72.51467696685907,3.5443594101055442,1131.9928622824564,1150.3190948123488,1454.391506529637,0
2026-01-04 03:00:00,WELL-009,PUMP-009,148.31785453049096,81.23931998900787,3.997147302351977,1198.0855766918937,1156.8969098803095,1384.2281448968943,0
2026-01-04 04:00:00,WELL-009,PUMP-009,179.53299600958243,75.71181645795465,3.5535149061851476,1126.6872022402374,1077.4801513826872,1445.4025521163485,0
2026-01-04 05:00:00,WELL-009,PUMP-009,142.90668150787607,77.41896330316004,4.260670356750853,1271.4848489699473,1179.6418271372504,1421.6113650983411,0
2026-01-04 06:00:00,WELL-009,PUMP-009,145.728202635127,68.68714137943857,3.9968349344633753,1123.953860065601,1223.187818761961,1379.4931012491259,0
2026-01-04 07:00:00,WELL-009,PUMP-009,163.3111042840224,77.02786999395417,4.327259867924123,1036.6528187402832,1245.6557560737592,1479.2838773380374,0
2026-01-04 08:00:00,WELL-009,PUMP-009,154.3554109798839,77.18621608799272,3.1855583583343474,1115.011505985783,1082.6933210725367,1569.118367938076,0
2026-01-04 09:00:00,WELL-009,PUMP-009,144.72344368895293,68.94720676847244,3.727898686452497,1376.6041506973575,1152.7750307642348,1483.3341979199135,0
2026-01-04 10:00:00,WELL-009,PUMP-009,143.72892638191763,74.98514843838922,2.5663188917156345,1150.2057107982325,1189.4867008270442,1443.6162477793043,0
2026-01-04 11:00:00,WELL-009,PUMP-009,172.40777323947532,91.24783743984003,10.08030557974223,1050.2874629092616,998.5520938374051,1493.676273717656,1
2026-01-04 12:00:00,WELL-009,PUMP-009,150.8036184745059,70.02206248537615,3.1224951143790145,1359.8085842723904,1182.2912576082197,1393.6248621008742,0
2026-01-04 13:00:00,WELL-009,PUMP-009,160.4964987502625,68.29297115933073,3.5898396407048296,1328.8345444695428,1256.379704323754,1513.9900586137915,0
2026-01-04 14:00:00,WELL-009,PUMP-009,142.24966452635715,67.49888468734217,3.8317339391433185,1230.4750231881826,1200.827725661678,1511.2381789531319,0
2026-01-04 15:00:00,WELL-009,PUMP-009,155.810688593915,70.35441697599151,4.384161866097726,1305.066714707284,1242.250868350542,1395.9916611942433,0
2026-01-04 16:00:00,WELL-009,PUMP-009,153.5849780143218,77.5343828906252,3.1507969424688786,1207.490015469524,1208.3699668161642,1537.413211500564,0
2026-01-04 17:00:00,WELL-009,PUMP-009,154.84028112649415,77.15201711365845,3.697871735756178,1126.0002699185063,1187.8965171545024,1454.9770790947873,0
2026-01-04 18:00:00,WELL-009,PUMP-009,148.08254710134588,73.2244517297434,3.466314926428023,1303.3282476578306,1164.422698213262,1448.1393071813193,0
2026-01-04 19:00:00,WELL-009,PUMP-009,157.37461033205832,83.65598450819681,2.9339715888225375,1264.6278923980751,1256.8867630578122,1423.9892487052623,0
2026-01-04 20:00:00,WELL-009,PUMP-009,149.31199255973942,68.6059740147364,3.406511216231076,1282.5647633906133,1248.9246816249424,1537.845545820469,0
2026-01-04 21:00:00,WELL-009,PUMP-009,150.76964879920348,74.71838051753335,3.84550049612269,1175.548034835381,1084.1395071865,1424.9945945985637,0
2026-01-04 22:00:00,WELL-009,PUMP-009,152.61521390997058,70.8357337347936,3.994818672556831,1341.930292207548,1101.191013032974,1384.7521609232926,0
2026-01-04 23:00:00,WELL-009,PUMP-009,149.6566240931121,69.22507899908666,3.6017118546419655,1234.4449498211484,1152.1891111919758,1508.0766450605818,0
2026-01-05 00:00:00,WELL-009,PUMP-009,149.89761064103132,76.88793460687602,2.639446562017535,1202.4330998121843,1180.8056796692267,1428.0190466137906,0
2026-01-05 01:00:00,WELL-009,PUMP-009,156.09745266559142,68.244468978931,2.7661654496651655,1114.1360134631636,1184.4549394899218,1432.9605861897987,0
2026-01-05 02:00:00,WELL-009,PUMP-009,155.560542629705,70.4189611254732,2.963760545030336,1210.352473873003,1081.9938410942773,1469.011281496438,0
2026-01-05 03:00:00,WELL-009,PUMP-009,161.24742322778448,78.55609636341433,3.424106325846468,1386.5776947963088,1281.643051663943,1438.4644552929115,0
2026-01-05 04:00:00,WELL-009,PUMP-009,153.50388337884442,70.37538489810676,4.4747509876285125,1193.9943798711,1121.5327056468611,1391.9570799001783,0
2026-01-05 05:00:00,WELL-009,PUMP-009,164.4803608293156,67.20451839459236,3.452185219412666,1210.8767868047596,1247.2415205189598,1467.6782932187584,0
2026-01-05 06:00:00,WELL-009,PUMP-009,141.1994992940704,72.78892856987413,2.8406961190736584,1293.8316985442655,1265.5283244266475,1434.5168613723326,0
2026-01-05 07:00:00,WELL-009,PUMP-009,147.3228227309284,72.74767750063573,2.5323557785692925,1276.9793169202567,1045.2881782195932,1451.553975911863,0
2026-01-05 08:00:00,WELL-009,PUMP-009,163.5558302702215,74.746774173056,3.4460996208062613,1402.666945363693,1184.624294102735,1369.5247436171007,0
2026-01-05 09:00:00,WELL-009,PUMP-009,143.3492148775895,74.60149436780333,3.2698004358115633,1155.8833474294277,1240.8372931744905,1479.2176279137682,0
2026-01-05 10:00:00,WELL-009,PUMP-009,145.40990977298344,71.00723329796327,2.394194192426711,1161.7660456365322,1118.1612434257859,1431.8436096135465,0
2026-01-05 11:00:00,WELL-009,PUMP-009,175.41018493381512,97.69280141780423,8.48305709703585,1056.447515453814,1001.1673401257411,1467.8348048636028,1
2026-01-05 12:00:00,WELL-009,PUMP-009,162.82045752545315,76.74039941849246,3.2066495459951656,1257.4361447752296,1092.6346833187129,1434.6907431876116,0
2026-01-05 13:00:00,WELL-009,PUMP-009,153.62857957867658,82.74902946710048,2.4857006306970657,1243.9182236354718,1334.04161226674,1430.4850428095976,0
2026-01-05 14:00:00,WELL-009,PUMP-009,151.853510567642,72.6753955445411,3.7360079096158647,1379.5212996798105,1194.1143056138103,1376.4983206594536,0
2026-01-05 15:00:00,WELL-009,PUMP-009,128.99204394115705,66.89722859725,3.3627703955816237,1221.389928505494,1118.15541391601,1409.0139119231233,0
2026-01-05 16:00:00,WELL-009,PUMP-009,156.20988790786268,77.86821896568293,2.775206706313296,1164.2612218906393,1206.538533312856,1502.625118271776,0
2026-01-05 17:00:00,WELL-009,PUMP-009,142.48123791036653,81.45924108220724,3.7516290857343595,1234.5384093297334,1210.6937592489887,1352.3986466279962,0
2026-01-05 18:00:00,WELL-009,PUMP-009,160.6135614638129,78.23501986180294,2.9209830754610473,1244.5517100338293,1235.3294118834115,1393.8669216500093,0
2026-01-05 19:00:00,WELL-009,PUMP-009,162.43014720296378,64.91905593431188,3.2236966120188786,1136.0144014545183,1266.1962867310567,1385.389060280118,0
2026-01-05 20:00:00,WELL-009,PUMP-009,145.96325915459124,77.56777806359389,3.0795265384962778,1260.043871306332,1131.8940303534237,1423.4691613942423,0
2026-01-05 21:00:00,WELL-009,PUMP-009,149.94495363739807,85.1402392485695,2.644724549245415,1158.9898383753514,1221.7886651438694,1442.3583625064841,0
2026-01-05 22:00:00,WELL-009,PUMP-009,147.5980859206211,73.8334457405889,3.449605866006617,1288.1422153150984,1225.1361973437556,1380.6517262214077,0
2026-01-05 23:00:00,WELL-009,PUMP-009,155.14507139741184,61.7304810670589,3.564236353732662,1065.7450841124735,1180.441545966192,1529.5761774592036,0
2026-01-06 00:00:00,WELL-009,PUMP-009,153.68204711454186,72.11389245536509,3.160343794821348,1282.7478024199088,1209.9388220343515,1479.8993533295927,0
2026-01-06 01:00:00,WELL-009,PUMP-009,161.91941082880223,77.42472069237415,3.6140887952751277,1116.0105645685846,1105.58298926872,1414.0616793404222,0
2026-01-06 02:00:00,WELL-009,PUMP-009,149.10495920744654,79.2479093373618,3.749972711642453,1196.881577623323,1130.3454973188836,1423.860826350154,0
2026-01-06 03:00:00,WELL-009,PUMP-009,142.618243157804,75.34209840394053,3.330708808978823,1253.3415193488738,1162.7402430949942,1535.8995039081271,0
2026-01-06 04:00:00,WELL-009,PUMP-009,151.24456285440198,75.43975047637574,3.426679428130421,1152.3289984148792,1105.1960378547421,1381.0976338623075,0
2026-01-06 05:00:00,WELL-009,PUMP-009,155.1075371651452,74.9482150303422,4.173525677303992,1244.0864244825364,1164.7001701167828,1386.2720880597165,0
2026-01-06 06:00:00,WELL-009,PUMP-009,137.43720694764156,72.89858962635057,2.959404861457446,1280.4727066913283,1191.8467694398473,1514.5752202817023,0
2026-01-06 07:00:00,WELL-009,PUMP-009,139.41787734400444,73.33655910177974,4.260064710644174,1184.147672840807,1261.0233988960663,1483.0813497418994,0
2026-01-06 08:00:00,WELL-009,PUMP-009,155.64524559390603,75.65614061564766,2.915543867308834,1341.3302538741557,1220.5656520945909,1551.2439304664722,0
2026-01-06 09:00:00,WELL-009,PUMP-009,152.6282295298084,78.58887513168278,2.9670456565922234,1178.8697200151366,1195.0757864246145,1498.2318956707466,0
2026-01-06 10:00:00,WELL-009,PUMP-009,142.50485577230677,74.40830491862795,2.930684715738132,1212.518742769159,1229.2678307477813,1499.4637022617108,0
2026-01-06 11:00:00,WELL-009,PUMP-009,157.45497497422315,76.5116934457695,3.5649803816216505,1403.8865810241443,1228.7518068706268,1433.0754662612578,0
2026-01-06 12:00:00,WELL-009,PUMP-009,153.085513318892,77.42175850736393,3.2108534201714227,1250.1321373705948,1246.0579478862721,1446.7560133514862,0
2026-01-06 13:00:00,WELL-009,PUMP-009,134.23517743456287,76.68828169025964,5.255168225089096,1224.6599140011763,1249.2245410337525,1487.0984822391688,0
2026-01-06 14:00:00,WELL-009,PUMP-009,171.86575994231964,83.62608103540269,9.243414821665361,1011.594015663902,1001.2391109531279,1496.1668470851243,0
2026-01-06 15:00:00,WELL-009,PUMP-009,145.6175355717966,84.66646256906017,3.1816593021873283,1218.9798468379097,1293.1324231222377,1478.833815576965,0
2026-01-06 16:00:00,WELL-009,PUMP-009,143.74811831051693,77.89954697298984,4.231314299607427,1185.6594728356908,1092.5333689112922,1493.5999263554222,0
2026-01-06 17:00:00,WELL-009,PUMP-009,147.43607947969073,67.26388003360913,3.0957067533442078,1311.861297181088,1118.7207046888434,1454.6490931102494,0
2026-01-06 18:00:00,WELL-009,PUMP-009,145.94428837043424,72.17069539576153,4.280833949494918,1196.9494060864513,1142.566246287764,1526.7262617432634,0
2026-01-06 19:00:00,WELL-009,PUMP-009,150.3545494645796,65.92619106436075,2.6617443641635807,1352.9027549093425,1105.4411172448201,1512.9091554125848,0
2026-01-06 20:00:00,WELL-009,PUMP-009,143.4770399673823,70.516847196138,3.415373378164018,1189.9820651260814,1268.9699003369485,1476.0045492500353,0
2026-01-06 21:00:00,WELL-009,PUMP-009,176.836587113331,69.61434589884057,3.124409123897938,1315.2737828666043,1165.9815298558697,1426.8474521634125,0
2026-01-06 22:00:00,WELL-009,PUMP-009,148.22486498789007,79.23055778348612,4.178211997758879,1175.924490619862,1134.3400181135592,1419.8794438983703,0
2026-01-06 23:00:00,WELL-009,PUMP-009,147.11758784991983,70.42546697529718,3.9350581130692053,1221.19137461965,1126.110786749843,1385.7222416404072,0
2026-01-07 00:00:00,WELL-009,PUMP-009,144.22822385116694,78.78758273981403,3.4342757158185124,1191.7038331356148,1097.6563530731964,1430.1976491250384,0
2026-01-07 01:00:00,WELL-009,PUMP-009,148.05166199703478,73.08621944216219,2.6144877663581534,1180.036118068076,1262.8643890538872,1501.8114063426533,0
2026-01-07 02:00:00,WELL-009,PUMP-009,145.7517411231121,78.78968510020816,3.0247154009941037,1282.4518810228194,1349.7661016429201,1461.5274419112118,0
2026-01-07 03:00:00,WELL-009,PUMP-009,157.574003513087,74.03075432788731,4.489400259325701,1266.9427461636428,1125.6250127308442,1395.6635724063165,0
2026-01-07 04:00:00,WELL-009,PUMP-009,148.46920201314956,79.93528591010353,3.389117404698317,1250.5610143478218,1170.7095474705668,1545.6309279239097,0
2026-01-07 05:00:00,WELL-009,PUMP-009,158.73450826923565,86.33114143209859,3.6452914443935063,1193.2682728030782,1126.1348210437072,1498.15661810326,0
2026-01-07 06:00:00,WELL-009,PUMP-009,155.046234162017,71.3110742967709,3.427991998022892,1318.007496212963,1140.1962706624486,1377.9857936804644,0
2026-01-07 07:00:00,WELL-009,PUMP-009,157.3371092921641,81.15528951677783,3.6283691896945314,1204.372759005281,1291.1669532652293,1420.820468312191,0
2026-01-07 08:00:00,WELL-009,PUMP-009,145.32440913994708,72.62800419314804,3.910200716737135,1263.38283619636,1220.7329608128307,1463.5508140120278,0
2026-01-07 09:00:00,WELL-009,PUMP-009,145.95428110752022,77.631225221198,3.510534702549969,1212.2551582770918,1162.7880666436708,1445.1049082037791,0
2026-01-07 10:00:00,WELL-009,PUMP-009,155.51939604770251,76.42913836795168,3.0523956987824556,1203.6959440034873,1351.99653626034,1467.5885503577701,0
2026-01-07 11:00:00,WELL-009,PUMP-009,140.96593308143045,73.08093043674785,2.9997696328827614,1240.650399683733,1122.9557159805513,1437.8378438353784,0
2026-01-07 12:00:00,WELL-009,PUMP-009,144.39967219645854,73.30584531214824,4.00823552276811,1255.1263930709895,1164.9371594444274,1467.562207583518,0
2026-01-07 13:00:00,WELL-009,PUMP-009,137.4873584887068,74.98478756283596,4.6443586546039874,1103.786869686729,1086.8308454901633,1487.6262831580423,0
2026-01-07 14:00:00,WELL-009,PUMP-009,150.09696978473693,74.57074807482299,3.3916368096845955,1185.6387291766812,1279.7519538168601,1500.7082243881778,0
2026-01-07 15:00:00,WELL-009,PUMP-009,138.08604599120872,77.79450261870886,3.5436836773175635,1257.2875207930983,1203.556229651619,1432.4817077792097,0
2026-01-07 16:00:00,WELL-009,PUMP-009,138.97496056035703,79.33341655867737,2.5229156854835275,1338.189931136313,1214.7690878640803,1547.536732039149,0
2026-01-07 17:00:00,WELL-009,PUMP-009,169.2878591600296,95.62569401890049,9.026731591974738,1196.8258110559295,918.2488415598691,1375.250695119731,1
2026-01-07 18:00:00,WELL-009,PUMP-009,134.8655157063344,83.37601212043889,3.496143912692631,1289.3081515330837,1225.961704641879,1433.2304473492156,0
2026-01-07 19:00:00,WELL-009,PUMP-009,157.44843817828286,75.4275795410406,5.1602194228521,1204.1362572750484,1284.2706059330926,1376.8815735764604,0
2026-01-07 20:00:00,WELL-009,PUMP-009,153.12504976361018,74.5203966196306,3.440247067275242,1229.7815125314132,1122.5531336389506,1439.7011860684977,0
2026-01-07 21:00:00,WELL-009,PUMP-009,162.1182967894427,77.5133598283183,3.5399838812348388,1271.2603762706003,1225.22275571474,1509.6358930436622,0
2026-01-07 22:00:00,WELL-009,PUMP-009,156.7685730393171,70.8305065746661,4.6733248503735245,1371.7602599388442,1218.3715891265863,1388.4140148665592,0
2026-01-07 23:00:00,WELL-009,PUMP-009,152.6561968166395,77.7018135862756,4.582025189233863,1313.5966821824152,1071.4217042399987,1445.7719264866791,0
2026-01-08 00:00:00,WELL-009,PUMP-009,169.1950176536513,79.14945950010045,3.227159667825516,1256.7373271157153,1224.4663115298174,1442.456948660733,0
2026-01-08 01:00:00,WELL-009,PUMP-009,154.9653473231306,88.68222383067209,2.702469588433468,1296.9743655213983,1283.3042545853893,1411.3254934385739,0
2026-01-08 02:00:00,WELL-009,PUMP-009,144.66710950233943,72.78959507098119,3.312551861701333,1200.4579064570567,1131.4752420727016,1406.4438217683096,0
2026-01-08 03:00:00,WELL-009,PUMP-009,156.80014499275643,79.13895222097828,3.6853675995501907,1433.025153721278,1266.3397411166654,1424.955442719474,0
2026-01-08 04:00:00,WELL-009,PUMP-009,144.0682303740595,69.72925121818145,2.6395724836081387,1225.7860071216958,1244.0461683769818,1462.8083608430657,0
2026-01-08 05:00:00,WELL-009,PUMP-009,161.19581866521847,73.74293790193627,3.070232111867428,1356.9129220031907,1285.4498617381157,1484.1319191046196,0
2026-01-08 06:00:00,WELL-009,PUMP-009,143.5140933758282,73.62493263872476,3.45335560830122,1147.8075689096065,1154.7427972506453,1495.7251608675915,0
2026-01-08 07:00:00,WELL-009,PUMP-009,158.86961110630517,82.0374831560369,3.3547820802185617,1274.6880844407094,1098.7165317246092,1393.1997549241867,0
2026-01-08 08:00:00,WELL-009,PUMP-009,144.7533924420578,77.06915869241958,3.6211371296385506,1274.7458798976174,1204.5985646141046,1509.7831968892267,0
2026-01-08 09:00:00,WELL-009,PUMP-009,152.4583804101757,74.98962763795078,4.1298406137135455,1397.23230120182,1232.4765373581486,1474.8731154783227,0
2026-01-08 10:00:00,WELL-009,PUMP-009,146.2386713635053,72.48113926711972,4.041270297986921,1172.9063766041954,1293.0340844893558,1442.413837354799,0
2026-01-08 11:00:00,WELL-009,PUMP-009,142.22297896804835,75.69482099264886,3.9324197553403346,1311.7729425321788,1104.1902444536274,1389.2113559621512,0
2026-01-08 12:00:00,WELL-009,PUMP-009,154.69055767131928,78.72480405474703,2.6648687472634873,1296.5341508172298,1189.0229939391438,1404.1138321069236,0
2026-01-08 13:00:00,WELL-009,PUMP-009,167.04325795701115,68.76573742066446,4.246376220811777,1356.836150543642,1234.8788641403323,1419.7241288443379,0
2026-01-08 14:00:00,WELL-009,PUMP-009,145.40782124840266,79.5740526817485,3.202355858504551,1220.9316723913632,1159.8156912569634,1417.1322329169343,0
2026-01-08 15:00:00,WELL-009,PUMP-009,155.19917444020527,76.79629409178274,2.1384905268933867,1319.6819584429186,1249.7050284199145,1429.7390782662665,0
2026-01-08 16:00:00,WELL-009,PUMP-009,152.235260370046,65.58652662460841,2.8625992853973514,1283.3273493203335,1349.8530602468886,1510.8956332529215,0
2026-01-08 17:00:00,WELL-009,PUMP-009,145.21948044702947,77.14889160957212,3.1273015988039923,1435.6924041590955,1183.3114529016923,1497.8536993818236,0
2026-01-08 18:00:00,WELL-009,PUMP-009,152.2329473980059,74.5613594185069,3.6347748186937356,1330.0061246036184,1091.3639329651544,1375.3538786842446,0
2026-01-08 19:00:00,WELL-009,PUMP-009,135.52095978575022,82.41436294949065,4.313611095652062,1313.2818611283467,1167.040827683675,1435.997240453171,0
2026-01-08 20:00:00,WELL-009,PUMP-009,145.59510698890304,80.6142404752468,3.49226492986496,1220.0900736300969,1218.1560029487846,1410.2473955095265,0
2026-01-08 21:00:00,WELL-009,PUMP-009,154.19798413170815,76.9133399410609,3.9930663236223483,1160.4944688644655,1251.2324539235315,1465.1431683392502,0
2026-01-08 22:00:00,WELL-009,PUMP-009,150.8096928952,71.94309989513152,3.033913082597459,1162.2413245093596,1128.081420077762,1505.785331088004,0
2026-01-08 23:00:00,WELL-009,PUMP-009,146.72264746941528,75.67085904663791,3.3011285284044374,1155.0283786937598,1085.2860848265736,1386.0806181066519,0
2026-01-09 00:00:00,WELL-009,PUMP-009,159.38290818406972,72.26141570550166,4.508299976106365,1115.5840086142905,1155.5957235466385,1489.27743345682,0
2026-01-09 01:00:00,WELL-009,PUMP-009,152.97033505054566,78.37468166136865,3.9734187237981318,1338.8771011885647,1167.590506659854,1463.7484063330605,0
2026-01-09 02:00:00,WELL-009,PUMP-009,163.5546036021533,70.82319026691178,3.5864557299767075,1150.0178146864394,1187.2352139063792,1396.646339196459,0
2026-01-09 03:00:00,WELL-009,PUMP-009,165.79293453727948,72.20673398626236,3.354596200844548,1319.3362438984893,1183.1223559869763,1511.1060529580354,0
2026-01-09 04:00:00,WELL-009,PUMP-009,150.9053396754299,85.57026662675969,3.209194421036838,1348.196722492388,1213.5779458383329,1421.4047553877258,0
2026-01-09 05:00:00,WELL-009,PUMP-009,153.45658768376623,73.85179686634123,3.029484854130475,1350.3327568125683,1250.5053998138403,1381.4050790049905,0
2026-01-09 06:00:00,WELL-009,PUMP-009,150.7315192256818,75.71940881310562,3.965872059893892,1255.8641623482547,1256.9790026579226,1464.5811125331593,0
2026-01-09 07:00:00,WELL-009,PUMP-009,142.5973146290954,87.2694854761266,1.654650326648312,1191.9543614681868,1145.7872855359062,1495.4206395404058,0
2026-01-09 08:00:00,WELL-009,PUMP-009,161.78300286512706,94.09186179308676,9.407723210841517,1124.4604756951628,1036.3587014270427,1381.9352033190148,1
2026-01-09 09:00:00,WELL-009,PUMP-009,164.4842087005374,82.46361314345815,2.9886206005402416,1091.8724544003417,1188.9630970108765,1452.3470058118835,0
2026-01-09 10:00:00,WELL-009,PUMP-009,157.0764400405097,77.07117754317784,3.3703197455974157,1191.6299540620387,1240.1420240871644,1464.539249606202,0
2026-01-09 11:00:00,WELL-009,PUMP-009,144.20798621597302,76.49978234377929,3.168331569519315,1409.6935776752985,1087.1221002793086,1507.7974468264301,0
2026-01-09 12:00:00,WELL-009,PUMP-009,162.56529234707793,64.83054021515403,3.3118781810811857,1165.0275101978596,1277.6857271753042,1412.8913903472976,0
2026-01-09 13:00:00,WELL-009,PUMP-009,151.91487145894118,78.70540832745121,4.126927245592383,1195.2658508960549,1082.072699597823,1449.3148306898602,0
2026-01-09 14:00:00,WELL-009,PUMP-009,148.39094095909545,73.85178499311513,3.9667977472930436,1309.615797086072,1132.8756604797516,1497.3582867729267,0
2026-01-09 15:00:00,WELL-009,PUMP-009,156.2393773186286,77.60001140337596,3.8841107868539364,1384.2230850470821,1202.9441932947789,1419.6518888001267,0
2026-01-09 16:00:00,WELL-009,PUMP-009,158.91342266876262,70.57038360822857,4.746948396368665,1391.2067734147984,1119.413875292998,1435.0488250589851,0
2026-01-09 17:00:00,WELL-009,PUMP-009,143.88153727881127,79.49785506942571,3.868121706369935,1158.6094379968447,1191.544500654755,1485.3057165340235,0
2026-01-09 18:00:00,WELL-009,PUMP-009,133.75572205271058,79.31323520978246,4.237777447473833,1244.9536401287062,1190.351502622313,1457.5542640592907,0
2026-01-09 19:00:00,WELL-009,PUMP-009,134.38029397365355,73.8075834783367,2.9464053151990695,1153.3575689505212,1174.9390700305976,1485.0911015140339,0
2026-01-09 20:00:00,WELL-009,PUMP-009,155.5783594281828,76.53391267933351,4.589511694211207,1202.988343613083,1140.5632188801608,1494.084072950149,0
2026-01-09 21:00:00,WELL-009,PUMP-009,146.56470933134108,66.32105534780742,4.740241812431669,1181.5905474506633,1257.6286598719253,1540.9053103945996,0
2026-01-09 22:00:00,WELL-009,PUMP-009,148.9192956716638,77.7973189846817,3.6683595951107493,1133.4194310153664,1236.142095468967,1422.401380611576,0
2026-01-09 23:00:00,WELL-009,PUMP-009,155.57032438764574,74.26063426110119,3.629753501404158,1188.5547970054954,1140.727154754549,1439.685068537067,0
2026-01-10 00:00:00,WELL-009,PUMP-009,147.6718755692758,75.39462300566561,3.811809064909095,1258.3948751508592,1138.6279219039036,1506.479026643686,0
2026-01-10 01:00:00,WELL-009,PUMP-009,131.42877389559823,71.2120566298581,2.8403078707544265,1227.606716591939,1020.4147123925247,1459.5446371754736,0
2026-01-10 02:00:00,WELL-009,PUMP-009,150.00470389838074,79.1592317679147,2.5614851409438097,1279.1624750359172,1081.5357688177576,1492.187998143424,0
2026-01-10 03:00:00,WELL-009,PUMP-009,172.81126116227955,76.11685597359946,2.3566558526817336,1077.7719278526233,1231.1349181184626,1574.2515987998265,0
2026-01-10 04:00:00,WELL-009,PUMP-009,146.91514048490055,73.36958253810018,3.6702400218861824,1403.4194460656213,1275.3474471362974,1433.987211558975,0
2026-01-10 05:00:00,WELL-009,PUMP-009,143.91210567751455,75.6088956373027,4.012899168493217,1335.6280760857499,1196.3092067236996,1459.16195478995,0
2026-01-10 06:00:00,WELL-009,PUMP-009,146.53164784205214,79.83822422702897,3.7760822024870033,1237.0202756915635,1186.9119728008288,1492.2044922419525,0
2026-01-10 07:00:00,WELL-009,PUMP-009,146.834161810312,79.1009862268815,3.7422263440726944,1169.8058654743224,1171.5844296525654,1427.2588974167954,0
2026-01-10 08:00:00,WELL-009,PUMP-009,153.10415378570684,74.07886388816114,3.5114678337620444,1274.2369533530155,1264.11137524288,1462.3673070124792,0
2026-01-10 09:00:00,WELL-009,PUMP-009,163.70322120248642,68.03814608844851,4.234912856817518,1311.5745614994564,1263.168333965955,1490.664372800845,0
2026-01-10 10:00:00,WELL-009,PUMP-009,141.0599764775309,74.7007042774325,3.588532515962976,1254.3237395431734,1139.6052900748514,1457.3160201811288,0
2026-01-10 11:00:00,WELL-009,PUMP-009,143.42540433097784,67.98591856714206,4.410812020428047,1232.1266201496271,940.0697428771298,1469.8266539639756,0
2026-01-10 12:00:00,WELL-009,PUMP-009,137.02311355593682,76.28527113360565,4.022624738689405,1185.2607533291434,1150.347097646376,1442.5658760797921,0
2026-01-10 13:00:00,WELL-009,PUMP-009,158.97911953776475,77.47673872591852,2.4554130452140708,1200.6701088665677,1202.5373460993762,1403.3054932993984,0
2026-01-10 14:00:00,WELL-009,PUMP-009,141.06101338423198,78.77679687478431,2.787324277491751,1169.3960503158858,1144.0591654946854,1473.2421483877777,0
2026-01-10 15:00:00,WELL-009,PUMP-009,150.56158233219602,71.8205705105827,3.310763351914968,1186.2975359691634,1251.7938394465789,1425.4498012437837,0
2026-01-10 16:00:00,WELL-009,PUMP-009,151.55037087305294,71.12813463556525,2.821058324424968,1332.7048348068806,1275.427028076902,1475.3862192074935,0
2026-01-10 17:00:00,WELL-009,PUMP-009,140.6325534766268,75.42006774060864,2.8608430974435266,1172.8074195672475,1297.6549957004943,1485.9635320788195,0
2026-01-10 18:00:00,WELL-009,PUMP-009,136.7574102368327,71.4784389524993,3.413096306281927,1193.068411481141,1098.8087475746431,1470.9557936328463,0
2026-01-10 19:00:00,WELL-009,PUMP-009,158.45298558016384,84.26894129669549,3.6852718158958377,1281.2812667874869,1186.3924646129356,1471.8739494640563,0
2026-01-10 20:00:00,WELL-009,PUMP-009,151.03915046761114,75.68865546338878,3.5012781635189927,1395.4862322507297,1222.8438106713488,1431.600751141116,0
2026-01-10 21:00:00,WELL-009,PUMP-009,148.63290990572838,75.80375749898576,3.0680561571915397,1108.0124211441816,1248.819597091396,1393.2814198340247,0
2026-01-10 22:00:00,WELL-009,PUMP-009,146.958057883177,62.1035980110585,3.7318101880564387,1270.945834760337,1204.7678154668502,1346.2225752646527,0
2026-01-10 23:00:00,WELL-009,PUMP-009,146.98064430694532,78.48296990677345,2.5563925588510608,1253.7143408051518,1319.5770358469488,1457.8873698342886,0
2026-01-11 00:00:00,WELL-009,PUMP-009,152.04018499955617,80.03427232206317,3.779163257526291,1292.2620419994582,1153.2970640875092,1407.480044729295,0
2026-01-11 01:00:00,WELL-009,PUMP-009,130.07398609359342,77.32808752639377,4.779875645912062,1219.8990873555094,1077.0185632070377,1483.8706492366239,0
2026-01-11 02:00:00,WELL-009,PUMP-009,155.38719298936792,83.27264153666154,2.8289030623532163,1317.667757294408,1166.8394055552626,1512.192261287887,0
2026-01-11 03:00:00,WELL-009,PUMP-009,149.4901142354668,73.73067436024466,3.6353680804751325,1146.2924012690619,1236.8202879497103,1406.1127353609902,0
2026-01-11 04:00:00,WELL-009,PUMP-009,145.87423393150465,72.8029309511424,3.303678199764878,1320.8251670697318,1078.3153532779227,1432.9720611001173,0
2026-01-11 05:00:00,WELL-009,PUMP-009,155.69848746136375,69.23248213728937,4.391093338225497,1249.5365688611819,1184.142193621596,1350.9684335727668,0
2026-01-11 06:00:00,WELL-009,PUMP-009,150.30100435519861,78.72619568930834,3.1722758314142454,1187.2077116312385,1034.3927585368783,1466.5523843693484,0
2026-01-11 07:00:00,WELL-009,PUMP-009,153.7821477470926,72.35662703014005,2.8610481482396244,1193.2905177249488,1280.9859738196244,1497.7983263103374,0
2026-01-11 08:00:00,WELL-009,PUMP-009,143.01173551202186,76.0226054425767,3.6139731347515216,1210.310881043086,1266.125701925216,1489.06683118508,0
2026-01-11 09:00:00,WELL-009,PUMP-009,150.6067120227837,78.2976926279571,3.3264990528614193,1257.4379325672803,1185.059003433378,1476.613119995785,0
2026-01-11 10:00:00,WELL-009,PUMP-009,146.06761513003818,67.65227407540529,4.511951726219049,1305.5058454707182,1216.4892316100252,1427.5676017180713,0
2026-01-11 11:00:00,WELL-009,PUMP-009,155.33996398970686,76.06996446561881,3.164430512930466,1300.3047312086608,1181.4621014099355,1427.6211410555222,0
2026-01-11 12:00:00,WELL-009,PUMP-009,155.43346363925312,79.20289021044238,4.7790375327568055,1283.1570681729013,1176.3411349979,1545.6856296003325,0
2026-01-11 13:00:00,WELL-009,PUMP-009,146.28159736547124,79.3018154965168,3.3484194212034315,1250.9542172518259,1110.9856023974787,1480.3329728856563,0
2026-01-11 14:00:00,WELL-009,PUMP-009,128.64255706668703,72.0202266148876,2.671127239064876,1221.5921053974544,1201.5642251571007,1475.4577148306994,0
2026-01-11 15:00:00,WELL-009,PUMP-009,152.31139889153556,74.91782320584429,2.9692469083895134,1277.2905777008887,1054.0679505372757,1330.172525881401,0
2026-01-11 16:00:00,WELL-009,PUMP-009,140.8865538838206,69.74491027623586,3.5041661358522336,1254.6523822039746,1166.4530266597753,1499.6896944222046,0
2026-01-11 17:00:00,WELL-009,PUMP-009,153.8941783321773,73.73861435292184,4.329031834478682,1233.6759642300735,1239.8084746102036,1396.119051773792,0
2026-01-11 18:00:00,WELL-009,PUMP-009,149.3601347680907,72.84594778213517,2.795769448085308,1263.4876068764058,1169.5958356011406,1383.1473712646607,0
2026-01-11 19:00:00,WELL-009,PUMP-009,137.67466295046964,63.34668260981304,3.3426123029028063,1226.3083903356915,1162.8532491928468,1462.6429122949176,0
2026-01-11 20:00:00,WELL-009,PUMP-009,153.55008251697237,74.6139343553967,3.376394824643317,1249.7151051302678,1138.0520691094598,1373.2810188383348,0
2026-01-11 21:00:00,WELL-009,PUMP-009,155.49051844035384,73.86717862161034,2.85609236757622,1102.9096081084735,1231.3242570568254,1482.5801127474429,0
2026-01-11 22:00:00,WELL-009,PUMP-009,148.71377102261476,84.41301691997144,3.2583643065129437,1199.8637536761987,1170.8718438683234,1428.7753317840475,0
2026-01-11 23:00:00,WELL-009,PUMP-009,160.09000465119638,65.7458211843429,3.9065166961402205,1369.535676115933,1237.1381803567858,1469.9106439213242,0
2026-01-12 00:00:00,WELL-009,PUMP-009,175.91603044971458,82.85263177507083,6.3670901603739605,976.8236488322209,895.9127597584875,1359.018941095355,0
2026-01-12 01:00:00,WELL-009,PUMP-009,162.71935698094958,71.63440154512728,3.8932178727649145,1171.8587765246984,1164.291500454719,1448.2811866243526,0
2026-01-12 02:00:00,WELL-009,PUMP-009,168.58455461776734,77.17697124239956,4.447830480468934,1340.5029685086981,1182.644641985825,1427.8140398534977,0
2026-01-12 03:00:00,WELL-009,PUMP-009,148.86558422944037,71.48137963186565,3.8645748325042266,1229.6132851591271,1140.3373050526595,1400.9943051544576,0
2026-01-12 04:00:00,WELL-009,PUMP-009,153.00656260590753,64.84862424326332,3.772108909458424,1337.7185245759429,1055.6969197135622,1468.57819531784,0
2026-01-12 05:00:00,WELL-009,PUMP-009,159.08185437792432,76.64581082803653,3.85272818197241,1117.9493427054495,1176.4284486798015,1526.6861121189804,0
2026-01-12 06:00:00,WELL-009,PUMP-009,153.15451315016637,71.89195386768898,3.4012399053957445,1284.697293590109,1131.2366472467963,1438.8206813429622,0
2026-01-12 07:00:00,WELL-009,PUMP-009,145.5697952951246,75.31595413277503,3.9118203885343372,1292.057271157111,1186.9759165766388,1494.3562939124015,0
2026-01-12 08:00:00,WELL-009,PUMP-009,169.34459199264865,97.04252296748729,10.487368692754611,1212.997994428523,986.8686882588943,1438.73643459411,1
2026-01-12 09:00:00,WELL-009,PUMP-009,137.37279978642496,73.8583060665333,3.903529804740762,1197.6418662157048,1151.7876924755797,1436.2617353830904,0
2026-01-12 10:00:00,WELL-009,PUMP-009,145.36096852142703,75.8070685137722,3.5947070439823454,1200.6983066780354,1127.332480267235,1453.497552207375,0
2026-01-12 11:00:00,WELL-009,PUMP-009,150.98796744800057,78.67896526989857,2.5474659513930353,1219.6653611547572,1161.0708174576548,1399.1342555506449,0
2026-01-12 12:00:00,WELL-009,PUMP-009,146.65947152788715,68.31338589714689,3.561143690653679,1206.253016856433,1325.6935252744427,1439.7343806081992,0
2026-01-12 13:00:00,WELL-009,PUMP-009,161.94120943067205,71.80376933274808,3.5225362804518867,1215.2140303140338,1168.6724068499568,1401.1783165405634,0
2026-01-12 14:00:00,WELL-009,PUMP-009,148.3622439502542,79.6732801589881,4.3553443448997395,1239.014165538112,1321.5825754774226,1363.0716911138327,0
2026-01-12 15:00:00,WELL-009,PUMP-009,153.90696889797886,71.62716721374225,3.286861383886834,1287.183275128723,1244.1154673004125,1362.5268415834446,0
2026-01-12 16:00:00,WELL-009,PUMP-009,146.88475474604903,80.07183510132243,2.639873066669228,1284.1747980569007,1177.028615772788,1419.3224567366747,0
2026-01-12 17:00:00,WELL-009,PUMP-009,161.43968949431743,74.65407690133583,3.008799957679922,1271.209120430513,1252.038781146946,1372.3647599627618,0
2026-01-12 18:00:00,WELL-009,PUMP-009,150.11106134257435,78.50714181748152,4.200358517951175,1198.7321946890015,1229.4197030872251,1493.1185186060857,0
2026-01-12 19:00:00,WELL-009,PUMP-009,157.55759097471577,82.03034639884821,2.374149291556089,1062.6562044904729,1300.2563151915751,1382.9476742707407,0
2026-01-12 20:00:00,WELL-009,PUMP-009,148.9523041363462,70.2766549669212,3.1366436677436065,1128.0085168062917,1223.918813848994,1486.400984490607,0
2026-01-12 21:00:00,WELL-009,PUMP-009,158.3543343835996,83.01482173460833,3.3688770475986707,1395.9911321538589,1241.3694784332872,1388.3995773013412,0
2026-01-12 22:00:00,WELL-009,PUMP-009,146.41275051225037,68.1037595814317,3.412293062381809,1377.1851311407106,1240.5134066246717,1423.9335416271574,0
2026-01-12 23:00:00,WELL-009,PUMP-009,134.15542425951674,69.72507176531565,3.1477829562244484,1261.9735128739753,1251.6913628624816,1484.7067971685883,0
2026-01-13 00:00:00,WELL-009,PUMP-009,139.16015597847706,79.02510397378931,2.130744951932116,1191.9894207583104,1182.3625807420628,1384.4399100344099,0
2026-01-13 01:00:00,WELL-009,PUMP-009,139.01856720231143,78.43419066632569,3.859349602682546,1206.5045565510093,1250.0383827991077,1487.1598672462467,0
2026-01-13 02:00:00,WELL-009,PUMP-009,153.15588686845166,67.79357388138587,3.428542247105762,1199.5555787044275,1071.0370791937762,1460.6619626460154,0
2026-01-13 03:00:00,WELL-009,PUMP-009,149.7936919401059,78.56910104172943,4.543484087449461,1174.946661725025,1143.200663628861,1445.223354646223,0
2026-01-13 04:00:00,WELL-009,PUMP-009,147.2868269125529,66.93077883945374,3.472511454253642,1300.839652933894,1186.9248435226066,1409.8673388968045,0
2026-01-13 05:00:00,WELL-009,PUMP-009,157.97550176641437,69.12510853863834,2.5805773991347447,1253.9399948735738,1126.2540268279265,1451.5872637205985,0
2026-01-13 06:00:00,WELL-009,PUMP-009,137.58091113209358,75.6526122880182,3.2491373182566847,1261.954869206647,1308.1072828363722,1443.5348807506475,0
2026-01-13 07:00:00,WELL-009,PUMP-009,152.5541401663653,79.52344201476795,3.5905648125216456,1299.6010859723963,1209.2164853500417,1462.7228072343412,0
2026-01-13 08:00:00,WELL-009,PUMP-009,151.02849276494112,80.58344820688562,2.7921600590939164,1420.5285679399972,1192.0615306506609,1392.9388094771266,0
2026-01-13 09:00:00,WELL-009,PUMP-009,180.5971936652527,101.16324690251588,6.75989321331286,1238.7086436306788,994.8637172426893,1420.2047747067622,0
2026-01-13 10:00:00,WELL-009,PUMP-009,146.6083267404517,66.02654170542061,2.994701741629108,1150.8333161077521,1161.1581468652876,1483.2096635136795,0
2026-01-13 11:00:00,WELL-009,PUMP-009,138.0719810484756,80.77422050510079,3.720333874903365,1348.194384316859,1156.435855378577,1529.5237519484476,0
2026-01-13 12:00:00,WELL-009,PUMP-009,148.6617065827911,74.13551782429596,3.8073950325231003,1287.091330362868,1056.0515248530185,1475.9298367228764,0
2026-01-13 13:00:00,WELL-009,PUMP-009,159.81041076483473,77.56226673344148,3.495207207431531,1243.6107278518393,1154.2636718710075,1492.1544749106415,0
2026-01-13 14:00:00,WELL-009,PUMP-009,142.43409503702225,77.1438609506777,3.278739472816892,1270.9306051695175,1319.5087483891143,1469.6747536751989,0
2026-01-13 15:00:00,WELL-009,PUMP-009,149.81880295834054,79.47968697270575,3.115553012845142,1133.0580224948296,1199.0321898931395,1431.230927194976,0
2026-01-13 16:00:00,WELL-009,PUMP-009,161.21213050584288,77.14407943800892,3.6020638871944057,1128.5093560797538,1135.8863749076143,1435.9622095990962,0
2026-01-13 17:00:00,WELL-009,PUMP-009,152.51085796619296,70.03497767501841,3.599061265289181,1175.735009009806,1239.633410188552,1459.3118879727936,0
2026-01-13 18:00:00,WELL-009,PUMP-009,144.17116547715105,82.32044675334402,2.5628200424328917,1323.026252886893,1214.6912797139842,1412.2070306622788,0
2026-01-13 19:00:00,WELL-009,PUMP-009,153.40126080724323,71.75426272678429,2.358225300155789,1189.2056154839656,1278.5736923929164,1418.9805435808944,0
2026-01-13 20:00:00,WELL-009,PUMP-009,132.7055370894926,84.19152758075754,3.4927950580178964,1273.188256390147,1076.9311015090448,1516.0412875082432,0
2026-01-13 21:00:00,WELL-009,PUMP-009,165.3537311689362,78.65357154049823,2.7288289332542752,1362.5646318037693,1234.267237835289,1426.639750186519,0
2026-01-13 22:00:00,WELL-009,PUMP-009,158.90191042445787,66.36370254530546,4.310462078332323,1326.0688766212575,1154.1542581770152,1467.4896383264816,0
2026-01-13 23:00:00,WELL-009,PUMP-009,158.4725179762867,73.69017222967311,2.4112115656907758,1310.726973301406,1207.481270600524,1379.8201350209697,0
2026-01-14 00:00:00,WELL-009,PUMP-009,144.51570696139456,73.75028204369215,3.0991325602201814,1204.9426891577932,1237.1042047369751,1485.7941229818034,0
2026-01-14 01:00:00,WELL-009,PUMP-009,128.71523113188795,74.65668893129033,3.6200748894012387,1309.8465520627997,1218.4289164302695,1362.4535394515353,0
2026-01-14 02:00:00,WELL-009,PUMP-009,146.27161583992228,78.72324474558158,3.7090977514571004,1231.0537565758164,1094.218181694676,1503.3964550940038,0
2026-01-14 03:00:00,WELL-009,PUMP-009,149.97942397880965,79.35663446693393,3.956246301135564,1237.6485780782546,1262.5834367258997,1413.4457947746234,0
2026-01-14 04:00:00,WELL-009,PUMP-009,153.4945977375391,80.18945457383872,2.8866208915796943,1213.7076754584555,1185.2354584230063,1418.8998990386042,0
2026-01-14 05:00:00,WELL-009,PUMP-009,146.24948142091804,80.06174898627286,3.6978738243167504,1393.2720704893122,1259.5723626771628,1456.5924158613536,0
2026-01-14 06:00:00,WELL-009,PUMP-009,146.79657551593115,80.06643249115672,3.3944130011259377,1147.1648081193214,932.7027268624771,1436.5643276964695,0
2026-01-14 07:00:00,WELL-009,PUMP-009,157.7123234833519,75.80260093306751,2.575222248027732,1256.3538679543692,1171.6105221701064,1415.7150476497632,0
2026-01-14 08:00:00,WELL-009,PUMP-009,150.10387063122332,73.00019325222067,4.31636672291137,1207.7402964016144,1216.1609478699065,1496.0758484667347,0
2026-01-14 09:00:00,WELL-009,PUMP-009,154.08789324096853,72.91071639918432,2.7566790304556963,1140.8058415225569,1207.9911511270482,1486.0928495805085,0
2026-01-14 10:00:00,WELL-009,PUMP-009,149.45877778720975,66.9081171716627,2.580571760618046,1285.010674405838,1090.6935665064136,1542.9823746801808,0
2026-01-14 11:00:00,WELL-009,PUMP-009,152.66052284935714,87.84209016844818,4.050923675911968,1093.5109108036063,1151.6221705144915,1440.2353296090332,0
2026-01-14 12:00:00,WELL-009,PUMP-009,162.49496096524848,72.2690849363644,3.2186932073945025,1116.7362157796888,1166.3371234230494,1470.4934994637483,0
2026-01-14 13:00:00,WELL-009,PUMP-009,147.2573603125621,73.17658441512961,2.5691533546041363,1229.5335108043319,1294.651645503455,1526.4279846920974,0
2026-01-14 14:00:00,WELL-009,PUMP-009,148.15520070366293,83.62139124584633,3.979238307296699,1293.600340757415,1167.576343894901,1348.6988275761746,0
2026-01-14 15:00:00,WELL-009,PUMP-009,149.47474218226324,77.57660155308193,3.144631342355452,1236.3959428978878,1186.5481794754805,1437.2769662357284,0
2026-01-14 16:00:00,WELL-009,PUMP-009,159.27362553175925,73.44049013240375,3.654297766502097,1277.507538222304,1197.2008399051012,1514.094512397007,0
2026-01-14 17:00:00,WELL-009,PUMP-009,143.27507374550822,84.9574533081098,3.494487966749169,1234.3124951273126,1286.3304610466287,1510.4290454521506,0
2026-01-14 18:00:00,WELL-009,PUMP-009,173.43782741862142,98.73538588758511,10.202297203552135,1104.0344153985254,967.6244071738337,1432.952332856573,1
2026-01-14 19:00:00,WELL-009,PUMP-009,152.28395362629075,69.67502951339365,2.9212961640423387,1399.873209888972,1255.8252423674928,1492.0775140761739,0
2026-01-14 20:00:00,WELL-009,PUMP-009,161.74688522517303,75.05785295736331,3.030344439428372,1177.8594271591319,1179.0687204333265,1453.868150683681,0
2026-01-14 21:00:00,WELL-009,PUMP-009,146.52240112430994,72.52421175956037,2.3081925526933254,1311.0562895420526,1109.5358949040844,1542.9204702829638,0
2026-01-14 22:00:00,WELL-009,PUMP-009,164.76444815195916,66.27069830722758,4.205294451702624,1167.535471104232,1102.8320795163966,1532.8060808704613,0
2026-01-14 23:00:00,WELL-009,PUMP-009,154.61207962204864,75.74220989422055,3.6760157855383007,1221.1770715352534,1288.5559030538984,1580.4232724139906,0
2026-01-15 00:00:00,WELL-009,PUMP-009,159.20701257660295,76.84330184130924,2.5042295895169033,1257.6840349717702,1213.8957561829145,1461.1273876110215,0
2026-01-15 01:00:00,WELL-009,PUMP-009,145.09838391604285,69.95351603497056,5.1168933993173065,1300.8249426865655,1138.3019641723151,1416.222397968758,0
2026-01-15 02:00:00,WELL-009,PUMP-009,155.89644337364456,77.50224483241526,3.3865783503845597,1284.1461697828504,1208.3270926925334,1493.8276943559124,0
2026-01-15 03:00:00,WELL-009,PUMP-009,142.5099170204926,70.36753078561989,3.747179026725881,1265.7160864834927,1218.7346197589548,1489.551151934686,0
2026-01-15 04:00:00,WELL-009,PUMP-009,157.06311303385257,78.19274721318074,3.9766805004729973,1341.0474893883254,1189.358020233142,1431.046790110953,0
2026-01-15 05:00:00,WELL-009,PUMP-009,150.83882152352885,77.25752554355697,3.341609421849673,1211.629234699937,1088.8598136808826,1504.9934312362666,0
2026-01-15 06:00:00,WELL-009,PUMP-009,151.4923285510916,79.61504740856012,3.3153110775930514,1198.2941522725027,1187.2653224120625,1410.8043033946117,0
2026-01-15 07:00:00,WELL-009,PUMP-009,151.89602561591,80.47361442119842,3.409555058820436,1223.3150018236931,1071.0267393717943,1505.0480474181315,0
2026-01-15 08:00:00,WELL-009,PUMP-009,147.96257144584757,78.47602701376,4.1133874846989125,1208.0207961995147,1142.5227151906215,1438.5039895331533,0
2026-01-15 09:00:00,WELL-009,PUMP-009,152.3227010819331,67.53321405559112,3.7425271487601326,1182.8682736663313,1143.4451441441497,1498.5869006260853,0
2026-01-15 10:00:00,WELL-009,PUMP-009,153.99500216419912,78.17730523460972,3.8539859444756868,1271.0895603477645,1103.934882451521,1448.4261838475752,0
2026-01-15 11:00:00,WELL-009,PUMP-009,145.31090988989556,73.71217032697353,3.3042240653571255,1251.9092014579596,1089.9456239581546,1438.7497548438319,0
2026-01-15 12:00:00,WELL-009,PUMP-009,157.06054383568483,101.4493415202377,8.026759007333926,1286.6653880858316,1165.699732324669,1511.482429168242,1
2026-01-15 13:00:00,WELL-009,PUMP-009,146.63620650789588,73.24713558875997,3.739643859115591,1433.9824658389136,1065.2464941438175,1547.1703286620589,0
2026-01-15 14:00:00,WELL-009,PUMP-009,144.49997371889776,78.42180324803624,3.794281936670063,1241.132119172111,1137.899027719984,1404.7934313004034,0
2026-01-15 15:00:00,WELL-009,PUMP-009,149.1746262434757,74.85220160517368,3.956682847002659,1302.1088039207125,1196.7072626892596,1447.8187733752666,0
2026-01-15 16:00:00,WELL-009,PUMP-009,143.8300816060048,78.05440641525995,3.958054287790522,1163.6318945171267,1120.9639687808346,1503.4471718493394,0
2026-01-15 17:00:00,WELL-009,PUMP-009,150.76004612750594,71.53843691514125,3.9303460764104265,1267.2727259211565,1062.9088045085573,1464.738347443568,0
2026-01-15 18:00:00,WELL-009,PUMP-009,149.55262331748784,80.09115916601738,2.2722407411921175,1238.8587202900044,1033.9562065385026,1458.0677594115914,0
2026-01-15 19:00:00,WELL-009,PUMP-009,169.73611605722613,95.92578679841894,7.6952756606032375,1166.837658362688,997.2216671391493,1387.7572222364413,0
2026-01-15 20:00:00,WELL-009,PUMP-009,165.8398389229909,77.0824871027342,3.9751646476696454,1333.8454903000834,1149.4710674875957,1477.182842709132,0
2026-01-15 21:00:00,WELL-009,PUMP-009,152.8629164507435,74.45828203803521,3.827274141709697,1244.3312666687643,1233.4215004909595,1496.996628557459,0
2026-01-15 22:00:00,WELL-009,PUMP-009,159.79336033825865,61.94547570632359,3.831660439750395,1227.4397800535564,1221.4590306609334,1478.9194035162698,0
2026-01-15 23:00:00,WELL-009,PUMP-009,151.65795729440703,72.57235011768144,4.063142923907351,1224.5438033738046,1145.1401710874432,1469.6812707320928,0
2026-01-16 00:00:00,WELL-009,PUMP-009,181.74619626647905,101.82777972980404,9.311230863378974,1006.8253061026516,1033.6500776064527,1412.574263930408,1
2026-01-16 01:00:00,WELL-009,PUMP-009,144.29936826258142,62.45214572049388,3.440394235208726,1244.1344059787805,1271.9954409684901,1466.9417567633507,0
2026-01-16 02:00:00,WELL-009,PUMP-009,161.53244594008987,64.4269481875199,3.6081418312755886,1240.9352877107358,1187.5177448936765,1434.16167621919,0
2026-01-16 03:00:00,WELL-009,PUMP-009,144.9862034328676,63.50846909923073,3.371947427390949,1268.087850143683,1185.0704194461189,1371.282814588835,0
2026-01-16 04:00:00,WELL-009,PUMP-009,156.24258872242277,75.68951058054884,3.4481981392401484,1260.6706806789268,1120.2741813469697,1425.0222386314833,0
2026-01-16 05:00:00,WELL-009,PUMP-009,141.4016972935182,64.08691649828515,3.5363824929408323,1363.16246344884,1168.471143299942,1399.6185090429917,0
2026-01-16 06:00:00,WELL-009,PUMP-009,172.72016259811218,101.33087072068896,8.476175700757832,1070.6411762048197,1038.0032305437835,1467.6608386402083,1
2026-01-16 07:00:00,WELL-009,PUMP-009,150.5331200173474,76.2077839710269,4.260301182252949,1234.2588483657837,1151.365251641323,1381.4403001916705,0
2026-01-16 08:00:00,WELL-009,PUMP-009,156.6349381015326,75.04472071356716,3.3421397690897794,1240.1601698458628,1220.8015810634395,1335.8717485680224,0
2026-01-16 09:00:00,WELL-009,PUMP-009,130.9155668554734,83.0501435787006,3.7495786258022696,1255.9116440082882,1150.4616195135384,1470.2647055246546,0
2026-01-16 10:00:00,WELL-009,PUMP-009,153.87600855523868,79.33319268444613,3.0588985140423044,1406.4104516020043,1272.509906520435,1489.410798254085,0
2026-01-16 11:00:00,WELL-009,PUMP-009,143.76727313009772,71.9099246381389,3.7851377489039777,1322.067388398388,1269.3149566945203,1440.36927931212,0
2026-01-16 12:00:00,WELL-009,PUMP-009,165.01274773431038,75.41559508164096,3.120509075133789,1164.3855601807597,1274.812191903236,1431.3568017099017,0
2026-01-16 13:00:00,WELL-009,PUMP-009,127.64119649278206,73.55834863423244,3.9051289191957395,1104.1202853428158,1165.0666958659242,1393.027137772373,0
2026-01-16 14:00:00,WELL-009,PUMP-009,146.28207097691813,70.66677049583758,4.1875642535615185,1140.4035470362408,1290.3851223506697,1448.8712315047983,0
2026-01-16 15:00:00,WELL-009,PUMP-009,156.37809950735075,71.51243193660392,3.686499337469696,1337.8155408753867,1237.9836227447254,1459.7275503684193,0
2026-01-16 16:00:00,WELL-009,PUMP-009,132.40326433755317,76.62137522974771,5.013708937779826,1107.059230650984,1320.0278939365342,1486.0524565327871,0
2026-01-16 17:00:00,WELL-009,PUMP-009,155.05920035963982,72.84576791192092,4.043871524311879,1281.8914777437321,1238.649974479348,1381.545407017189,0
2026-01-16 18:00:00,WELL-009,PUMP-009,159.5455537958136,72.77225124284492,3.9111965025209603,1433.9822294104529,1104.4059461109161,1471.1016606870098,0
2026-01-16 19:00:00,WELL-009,PUMP-009,145.35574847322957,65.05869538845224,3.307108392579376,1085.3179128933402,1255.6676319604585,1469.4199434275226,0
2026-01-16 20:00:00,WELL-009,PUMP-009,148.89097433147492,64.83831562780051,2.8578529677587046,1355.4492536600703,1283.002261757199,1349.6411988801365,0
2026-01-16 21:00:00,WELL-009,PUMP-009,146.52901902140204,73.24502929200281,3.2421520019336185,1238.7808040428206,1094.0985900907867,1465.805249684469,0
2026-01-16 22:00:00,WELL-009,PUMP-009,173.11273440658886,79.48804207986186,7.1218336717222215,1191.1918060385563,1139.5574408683449,1475.024419035319,0
2026-01-16 23:00:00,WELL-009,PUMP-009,161.78185971618228,75.71475938276824,3.68561070167561,1281.6339010079444,1187.997455751999,1450.3951172010193,0
2026-01-17 00:00:00,WELL-009,PUMP-009,142.58409454420385,67.25512394211036,4.376249106761891,1194.0756299610136,1115.2032999698895,1429.1230885836515,0
2026-01-17 01:00:00,WELL-009,PUMP-009,143.59521057207823,74.60289519417618,3.7401626995721142,1358.8714941694118,1323.6959078328327,1443.7053662252038,0
2026-01-17 02:00:00,WELL-009,PUMP-009,157.15143425144578,76.80518709922382,4.446708879942492,1339.778383515224,1224.4275358930263,1565.8797004885846,0
2026-01-17 03:00:00,WELL-009,PUMP-009,160.04101502989283,69.65986978315406,2.376785044966942,1131.104406286481,1171.4824293136533,1551.0813320010184,0
2026-01-17 04:00:00,WELL-009,PUMP-009,141.89388553126983,72.53032014255272,2.867354571352449,1121.236953841678,1311.824305783163,1415.8165898028292,0
2026-01-17 05:00:00,WELL-009,PUMP-009,154.43826017054252,80.88148379137151,3.1371040684822527,1182.5970106422233,1216.4995181256145,1454.1946881620363,0
2026-01-17 06:00:00,WELL-009,PUMP-009,137.03090916703712,74.74365192632831,4.078350621580301,1177.8726992870595,1190.7773586385945,1525.2753574274598,0
2026-01-17 07:00:00,WELL-009,PUMP-009,135.65192746915235,76.49008140291956,3.2190319438578943,1230.3284581607804,1100.2047862536979,1509.7384127064836,0
2026-01-17 08:00:00,WELL-009,PUMP-009,158.74646832744517,76.53681909755213,3.5424453330746113,982.8514669917132,1122.7813271875532,1373.9451048881363,0
2026-01-17 09:00:00,WELL-009,PUMP-009,151.0339943521622,77.88570624572417,3.2693354978544646,1329.5633600720264,1250.3267938167603,1419.0923428668762,0
2026-01-17 10:00:00,WELL-009,PUMP-009,163.605600599405,93.27338265943666,11.241760388649919,1102.6102769002562,1126.3689942481903,1452.370177530573,1
2026-01-17 11:00:00,WELL-009,PUMP-009,148.42148997291147,77.19650018369462,3.944192711709227,1179.2310957091318,1166.7489671301346,1533.4637548611634,0
2026-01-17 12:00:00,WELL-009,PUMP-009,144.54370298237058,81.61141970667734,3.3059620610668654,1271.6474988608845,1120.4620034279242,1438.0872713023082,0
2026-01-17 13:00:00,WELL-009,PUMP-009,149.72831502479,79.0842244829929,4.243341338767006,1060.7885365195668,1128.4331846373238,1400.0817346825363,0
2026-01-17 14:00:00,WELL-009,PUMP-009,167.04285678822202,69.89306243661908,3.5731478981146796,1267.5510907712433,1113.5129216533967,1505.174016954702,0
2026-01-17 15:00:00,WELL-009,PUMP-009,150.83422031005298,72.695630473401,2.6811588116181255,1326.3030277670173,1174.1154760911493,1374.8694017937694,0
2026-01-17 16:00:00,WELL-009,PUMP-009,149.1187957026387,78.89724007096453,4.558002193988217,1149.2951327453552,1189.6919927029787,1438.7046787612223,0
2026-01-17 17:00:00,WELL-009,PUMP-009,154.82290363944242,74.82818814154011,4.53333938635893,1305.9896995199908,1195.5473758469602,1478.329405286518,0
2026-01-17 18:00:00,WELL-009,PUMP-009,149.7279397935847,77.65563724127506,3.6522854829438445,1081.0720866210388,1107.048820529845,1455.6987052795955,0
2026-01-17 19:00:00,WELL-009,PUMP-009,150.18926009752258,69.32390437660743,3.61016730237217,1182.9800038076846,1244.980622842362,1424.4879689114337,0
2026-01-17 20:00:00,WELL-009,PUMP-009,149.27461041127913,71.51443931485011,4.446773375033488,1383.3193414713314,1174.9996907879445,1421.4324011601614,0
2026-01-17 21:00:00,WELL-009,PUMP-009,154.9213056294659,73.08217217796947,3.203233791862599,1195.5098431891392,1154.527309145602,1481.0408600455996,0
2026-01-17 22:00:00,WELL-009,PUMP-009,165.35073937804796,69.9147360263559,2.2718293060763597,1197.3542347183463,1204.9751000150545,1456.8308218381646,0
2026-01-17 23:00:00,WELL-009,PUMP-009,144.3848151568073,78.17315103196013,4.062008566666414,1225.9727561352586,1128.0288598201248,1453.9306312983272,0
2026-01-18 00:00:00,WELL-009,PUMP-009,151.16767352879216,82.31908540350581,3.377585755950694,1151.0715680537664,1195.3870720458428,1479.4801700841224,0
2026-01-18 01:00:00,WELL-009,PUMP-009,149.50592861042915,75.21572009820231,2.394944176890066,1346.818137992973,1156.9337855930783,1430.0021630361825,0
2026-01-18 02:00:00,WELL-009,PUMP-009,146.07497361123237,70.573041071185,4.436476926732312,1232.2320359033836,1227.0146212431703,1529.0147754034294,0
2026-01-18 03:00:00,WELL-009,PUMP-009,155.44708969903158,71.97519123089346,4.943407804663669,1214.8791188580537,1130.033280589692,1485.3371298477673,0
2026-01-18 04:00:00,WELL-009,PUMP-009,158.75048256569832,86.08987071314675,4.446141307886424,1365.0500539923692,886.9696747151228,1456.634342745225,0
2026-01-18 05:00:00,WELL-009,PUMP-009,168.25150116141543,78.29492366737104,3.869147157392222,1219.09218982716,1183.4589439989752,1429.4653502067893,0
2026-01-18 06:00:00,WELL-009,PUMP-009,136.8130270086957,81.12440957932118,4.204877560998475,1223.2996429766963,1210.6855596130224,1449.8401240776566,0
2026-01-18 07:00:00,WELL-009,PUMP-009,151.23196424142236,71.51956636666745,3.177334700599147,1130.2189528768956,1148.4783704560666,1474.7102263197266,0
2026-01-18 08:00:00,WELL-009,PUMP-009,157.34499869578642,75.05084804184068,3.4910486565158507,1287.5342773632228,1287.0422736133135,1476.325833354311,0
2026-01-18 09:00:00,WELL-009,PUMP-009,152.68166593626037,80.67937138507486,3.7392984387227055,1234.451372265938,1166.7920466246856,1471.6388389183026,0
2026-01-18 10:00:00,WELL-009,PUMP-009,165.76767334672513,71.2868677441409,3.620900271288793,1082.9156597869155,1157.8262239369453,1442.5579565615578,0
2026-01-18 11:00:00,WELL-009,PUMP-009,147.35165815501162,67.4182214817441,2.2639883499927578,1162.1988263915864,1183.1979028592239,1419.890793561014,0
2026-01-18 12:00:00,WELL-009,PUMP-009,154.96166842501913,79.89402918640982,4.2939478977223935,1144.0491878083174,1126.0068594624602,1406.1412614889418,0
2026-01-18 13:00:00,WELL-009,PUMP-009,145.16929098461688,78.09958023602056,2.677120546041152,1272.996420840536,1112.746800163003,1410.9616564876974,0
2026-01-18 14:00:00,WELL-009,PUMP-009,164.27712512486175,76.07776196697773,3.0630652014457405,1277.3042440535123,1123.042152046976,1396.8830280910327,0
2026-01-18 15:00:00,WELL-009,PUMP-009,140.76709418564195,77.30087897609543,4.456870277892048,1309.9995764232922,1081.5087833484426,1419.2333478015541,0
2026-01-18 16:00:00,WELL-009,PUMP-009,144.29268337358312,75.93714377675212,3.4136565918396493,1417.1207574070165,1128.7883683754746,1479.966684288481,0
2026-01-18 17:00:00,WELL-009,PUMP-009,140.43985322408915,89.167902147283,4.352574719276354,1197.4965347159778,1301.227814870534,1476.6651086701575,0
2026-01-18 18:00:00,WELL-009,PUMP-009,147.67828470698433,83.63691646856944,3.476000680141784,1214.8111369556882,1191.9296038317616,1459.6418734832823,0
2026-01-18 19:00:00,WELL-009,PUMP-009,145.06761963145144,79.06069055557236,2.263703707957299,1343.3624140378188,1116.9757123021766,1456.513648453738,0
2026-01-18 20:00:00,WELL-009,PUMP-009,163.586387168474,73.96649461588831,3.7584950649556337,1232.5394353702316,1173.4889028146085,1477.3175464060685,0
2026-01-18 21:00:00,WELL-009,PUMP-009,160.68982875757948,96.623134979455,8.76033406802088,1093.4259423350018,952.4399034508201,1500.7254015163887,1
2026-01-18 22:00:00,WELL-009,PUMP-009,138.15634310784003,62.36417197991703,4.194787984182126,1183.0958337078375,1240.523569777055,1452.308118588901,0
2026-01-18 23:00:00,WELL-009,PUMP-009,145.7390231602846,72.7110050620969,2.616010258385891,1151.7369949124013,1093.3310652772832,1431.8300554092784,0
2026-01-19 00:00:00,WELL-009,PUMP-009,153.2241990574619,70.32299627777404,3.479166723377087,1235.46220043901,1114.091032317423,1373.855014293059,0
2026-01-19 01:00:00,WELL-009,PUMP-009,161.8576336682454,83.9075472354728,4.119773429410673,1281.350420161045,1202.8230757774584,1476.5725237564768,0
2026-01-19 02:00:00,WELL-009,PUMP-009,151.21532625573718,84.2210034446622,3.9979002149860476,1185.4181803178983,1204.6133185588308,1490.2157170710127,0
2026-01-19 03:00:00,WELL-009,PUMP-009,145.7971395597705,69.32917179331346,4.253501855285572,1303.2207221397384,1139.9092257175103,1438.8317919732224,0
2026-01-19 04:00:00,WELL-009,PUMP-009,147.16610949674805,70.08995793290451,4.029363825820445,1296.1483389380671,1186.6075735247255,1506.229131422435,0
2026-01-19 05:00:00,WELL-009,PUMP-009,151.67550656734673,80.78268431596308,2.529284013206957,1404.1752009773154,1155.3316617741382,1334.8331308840295,0
2026-01-19 06:00:00,WELL-009,PUMP-009,140.3102544135995,70.92840800630162,4.154340888069723,1109.6136752211935,1189.0815018721569,1456.1838221240207,0
2026-01-19 07:00:00,WELL-009,PUMP-009,148.03949834918595,67.20298205148764,2.593219477041427,1132.494783469648,1103.5623911799805,1534.670940983939,0
2026-01-19 08:00:00,WELL-009,PUMP-009,137.78367494070142,70.24110591367952,4.177449780972151,1206.3103336200497,1204.17848919074,1453.6818461008602,0
2026-01-19 09:00:00,WELL-009,PUMP-009,137.00569489062252,74.55174169984375,4.212266270103776,1322.871102498367,1071.8569969959772,1439.753967836984,0
2026-01-19 10:00:00,WELL-009,PUMP-009,138.50368878098567,79.45072654283112,3.921462390305638,1176.2907539890134,1232.3341125282043,1529.9696068359624,0
2026-01-19 11:00:00,WELL-009,PUMP-009,136.81036223516568,81.12056949863221,3.479322155544221,1308.1989497793497,1156.3331012740218,1404.2510635372917,0
2026-01-19 12:00:00,WELL-009,PUMP-009,137.67464219446865,79.15265302209214,3.289896245189915,1095.9485580353332,1175.706609056169,1439.7939207593197,0
2026-01-19 13:00:00,WELL-009,PUMP-009,171.74144854970766,80.41944101100363,7.444369699658214,1178.4302891782188,940.1643376015712,1431.2952849530766,0
2026-01-19 14:00:00,WELL-009,PUMP-009,171.4984993172832,78.14327782006933,4.1487847957240005,1298.3002122560654,1277.5093215959778,1478.6646528082608,0
2026-01-19 15:00:00,WELL-009,PUMP-009,158.95418232049693,72.77061104678769,4.654373105439975,1285.7548251925343,1333.5078283243217,1465.1591127141653,0
2026-01-19 16:00:00,WELL-009,PUMP-009,145.41687581963748,73.21960993669646,3.466530929226628,1111.4845078615738,1188.8990316381844,1512.885097982524,0
2026-01-19 17:00:00,WELL-009,PUMP-009,177.67103433844312,85.57616155428734,9.003738702343785,1079.3580095023303,1038.6229981297076,1478.748946934161,0
2026-01-19 18:00:00,WELL-009,PUMP-009,148.97032658547928,69.52783324325598,3.7378028969960755,1261.0724579845846,1168.1863740765855,1525.8886391968927,0
2026-01-19 19:00:00,WELL-009,PUMP-009,149.44822589846115,76.61919451939042,3.7906807093188006,1314.879716876007,1219.3150702858268,1456.6111999395632,0
2026-01-19 20:00:00,WELL-009,PUMP-009,187.52364147738695,84.59517689439053,8.069775646665107,1085.2596381772878,1040.0410508193622,1411.519154985824,0
2026-01-19 21:00:00,WELL-009,PUMP-009,159.40171576240562,74.57222158411945,4.18862974816869,1301.9030564664215,1174.757029653278,1554.619514450165,0
2026-01-19 22:00:00,WELL-009,PUMP-009,145.99921469529838,69.20592989292844,3.837411748233698,1270.4709985860977,1111.7047230377675,1457.004477271308,0
2026-01-19 23:00:00,WELL-009,PUMP-009,150.1644812307932,80.91834437099155,2.4515821107974096,1177.2504546631346,1339.303903379981,1463.759420838715,0
2026-01-20 00:00:00,WELL-009,PUMP-009,141.80392931565092,67.80545024625671,4.201535778969327,1236.710218058823,1184.1886696041995,1451.194222343023,0
2026-01-20 01:00:00,WELL-009,PUMP-009,151.13692935652622,66.45502293944008,3.515768505552445,1285.5681553091526,1081.9958515743028,1374.0413220576734,0
2026-01-20 02:00:00,WELL-009,PUMP-009,157.7220169257032,80.64477257906964,3.7014116792943508,1129.0334422310793,1091.4270024644736,1415.1144240056997,0
2026-01-20 03:00:00,WELL-009,PUMP-009,138.1549627007967,71.01766227554391,3.9691424312063806,1350.5380161474689,1107.8046027651114,1507.093175514189,0
2026-01-20 04:00:00,WELL-009,PUMP-009,144.72711885474033,78.90824296840331,3.1610831879730052,1196.844477786941,1184.3571057150375,1504.6692275888431,0
2026-01-20 05:00:00,WELL-009,PUMP-009,160.63894673608726,76.2077899164407,3.2283812446451403,1296.7272144348108,1331.0484550455924,1417.7941669756951,0
2026-01-20 06:00:00,WELL-009,PUMP-009,155.3085092921894,76.52433802405463,3.6615450949992066,1340.845099936127,1161.721027735059,1491.9301496146861,0
2026-01-20 07:00:00,WELL-009,PUMP-009,146.38413002449164,76.7374429207046,4.027023781813107,1124.3269556815012,1225.6888264109996,1444.0809872234897,0
2026-01-20 08:00:00,WELL-009,PUMP-009,175.48075585727875,76.0523956191805,3.3016216615306333,1389.0306814574378,1222.0717208093486,1412.291155589824,0
2026-01-20 09:00:00,WELL-009,PUMP-009,155.32659499272245,72.44984422330465,2.6793048214296236,1297.1606204659142,1095.0034198281448,1484.6505508212592,0
2026-01-20 10:00:00,WELL-009,PUMP-009,151.73615442236925,74.38370484580491,3.226598117029172,1225.1217496598208,1227.1818728688183,1440.9546023980463,0
2026-01-20 11:00:00,WELL-009,PUMP-009,160.88837890922443,71.0900396418607,4.141097704268667,1158.234441685885,1085.877846021086,1434.9568777645363,0
2026-01-20 12:00:00,WELL-009,PUMP-009,145.09895809846998,64.45621612769004,3.236140222028948,1405.882083395665,1294.3248691185217,1530.4201261156513,0
2026-01-20 13:00:00,WELL-009,PUMP-009,144.18674694191802,75.6943289909941,2.68661990899227,1246.9509486455966,1083.9861751100036,1446.3046301144518,0
2026-01-20 14:00:00,WELL-009,PUMP-009,154.55739663374862,69.5991357616392,3.40023547208712,1271.9996265628317,1168.5197957431747,1481.9900043971065,0
2026-01-20 15:00:00,WELL-009,PUMP-009,146.5174503874749,77.35059341394783,3.433131310473089,1244.1352174308686,1207.8421475812804,1398.3392200988742,0
2026-01-20 16:00:00,WELL-009,PUMP-009,144.95498672295406,80.46052719879238,3.5982413720485176,1221.570259077584,1193.590729248572,1462.7312850938142,0
2026-01-20 17:00:00,WELL-009,PUMP-009,124.37323512636252,81.21337190233473,4.0521292431145755,1103.1346693758044,1245.0498252402076,1502.923372277977,0
2026-01-20 18:00:00,WELL-009,PUMP-009,141.14278844228235,76.34449372739742,3.6663737018682983,1220.6353137831964,1252.9572442969588,1487.6836836654259,0
2026-01-20 19:00:00,WELL-009,PUMP-009,147.1743368358444,79.42688495258422,3.311895988863354,1203.590602972319,1177.2492420131196,1382.917393975832,0
2026-01-20 20:00:00,WELL-009,PUMP-009,158.2354519524629,67.0965008637529,3.665600433438045,1316.494643429072,1187.0980300284505,1381.8533397725469,0
2026-01-20 21:00:00,WELL-009,PUMP-009,143.98446703081075,72.34191031769227,3.377886561369149,1272.2934764958127,1158.6860302943182,1407.0806233049411,0
2026-01-20 22:00:00,WELL-009,PUMP-009,175.96226697629328,106.84133054694163,10.24949545474271,1330.837300725011,916.7868962072744,1494.6089734303878,1
2026-01-20 23:00:00,WELL-009,PUMP-009,132.23950798892218,72.67617542578179,4.139051357909255,1112.746932248565,1326.8349624868133,1470.490252340048,0
2026-01-21 00:00:00,WELL-009,PUMP-009,166.20333813810345,82.63729846221095,8.703056436297452,1103.021698872431,945.3816377028904,1439.3390813585083,0
2026-01-21 01:00:00,WELL-009,PUMP-009,153.75747584872659,78.99225710929727,3.7021248142236645,1180.139465851797,1209.617213628742,1402.3953548811246,0
2026-01-21 02:00:00,WELL-009,PUMP-009,159.88030021000299,65.03273884214518,3.253299970743649,1093.2227566636127,1159.4673511215533,1466.8122351651132,0
2026-01-21 03:00:00,WELL-009,PUMP-009,135.0240409188548,73.88976493134439,2.6730687778880173,1306.9629167488763,1182.064383621897,1527.9180389569067,0
2026-01-21 04:00:00,WELL-009,PUMP-009,158.52993824949743,84.77792748283805,3.253894659033307,1145.8410846244456,1204.2074921346014,1383.0399905492964,0
2026-01-21 05:00:00,WELL-009,PUMP-009,153.11892363627953,79.72161221560054,4.044229891343317,1376.4757145563335,1137.847445467179,1431.1657923284617,0
2026-01-21 06:00:00,WELL-009,PUMP-009,147.85749005821012,72.64733860481861,3.8555338429421933,1248.2058348067628,1249.6496585310708,1434.9113861443457,0
2026-01-21 07:00:00,WELL-009,PUMP-009,151.95366875909667,78.57699309043356,3.4276731992895915,1099.0325180641726,1170.9954854719322,1502.0848278760488,0
2026-01-21 08:00:00,WELL-009,PUMP-009,150.14413410657352,66.88837037540918,3.4373172389663225,1233.7147688594896,1176.5269149491226,1498.848557994446,0
2026-01-21 09:00:00,WELL-009,PUMP-009,145.3726700985744,76.02246020927502,3.047016118497675,1134.6929924947751,1103.1631157554448,1487.8993379773947,0
2026-01-21 10:00:00,WELL-009,PUMP-009,159.1449116710749,74.33072585562745,2.9722128739216256,1197.3813760633302,1145.0723154042814,1497.6471950881346,0
2026-01-21 11:00:00,WELL-009,PUMP-009,154.42496623744074,80.99129866275072,2.5460415969474592,1220.364405200266,1133.3157168865075,1477.5684575160103,0
2026-01-21 12:00:00,WELL-009,PUMP-009,152.87600005706125,72.9387096446826,2.7288966288228993,1225.1961300454507,1084.0532316485762,1425.9728946144355,0
2026-01-21 13:00:00,WELL-009,PUMP-009,154.20879956395729,73.13240472317258,3.7640579080402263,1186.7612582328786,1159.372632414374,1410.748286164374,0
2026-01-21 14:00:00,WELL-009,PUMP-009,139.4873510580058,69.57727045049444,3.7259107868605685,1369.1861876138419,1239.3471143619042,1514.246223913765,0
2026-01-21 15:00:00,WELL-009,PUMP-009,154.65664595644213,74.22652330599166,3.534479329820312,1264.342526356057,1163.4231687647473,1381.2072199041415,0
2026-01-21 16:00:00,WELL-009,PUMP-009,156.0775202235043,80.84040491145727,4.705660260521623,1263.2037535996717,1223.3317163418717,1392.9359696662502,0
2026-01-21 17:00:00,WELL-009,PUMP-009,151.61204597001085,78.95300548570158,4.2249012306142,1203.6383127040262,1279.1672388506743,1524.3740469280656,0
2026-01-21 18:00:00,WELL-009,PUMP-009,152.50468491152077,71.23198773653299,3.309229634608163,1121.6904477252692,1114.0362065943384,1430.6449004553906,0
2026-01-21 19:00:00,WELL-009,PUMP-009,149.63070359144345,81.49898665213969,3.172853258418856,1284.2281336882063,1174.3311119884838,1497.2559450236167,0
2026-01-01 00:00:00,WELL-010,PUMP-010,141.79127289159675,77.72751458677457,2.9931196047291277,1218.236564673578,1322.2116413501456,1480.2256198645455,0
2026-01-01 01:00:00,WELL-010,PUMP-010,144.55192261780823,69.27488881121222,4.524428662852668,1123.3872262420523,1148.3248006616263,1482.262241016106,0
2026-01-01 02:00:00,WELL-010,PUMP-010,147.47737932306939,75.9611330244181,2.800655042029248,1253.3807500702515,1288.5223826352228,1461.3308718729963,0
2026-01-01 03:00:00,WELL-010,PUMP-010,146.5313854651046,79.58624461026535,3.4078957240105336,1140.4927925703348,1261.785569299791,1384.2336957474056,0
2026-01-01 04:00:00,WELL-010,PUMP-010,163.5565619906873,93.99551192726196,6.845574437353493,1061.85824517872,958.1960989601567,1415.771006086371,0
2026-01-01 05:00:00,WELL-010,PUMP-010,164.84376173943411,84.55231948735626,3.9724845257196963,1242.9363853812326,1236.214566680033,1488.5604969183275,0
2026-01-01 06:00:00,WELL-010,PUMP-010,145.73211791883324,61.06926156109733,3.159779995694821,1227.486953766044,1168.094147696584,1440.0494168627708,0
2026-01-01 07:00:00,WELL-010,PUMP-010,143.56272550162151,70.75955958295185,3.8929041514364924,1007.6672603747171,1221.1787222232033,1436.197995200408,0
2026-01-01 08:00:00,WELL-010,PUMP-010,147.9554775170338,69.03186393446235,2.3362119108812203,1178.7843139234508,1209.5763820840264,1522.0724451704461,0
2026-01-01 09:00:00,WELL-010,PUMP-010,136.2970236189246,75.55184502196114,3.9214478761999256,1207.764742195323,1117.8379637145908,1342.45190290004,0
2026-01-01 10:00:00,WELL-010,PUMP-010,151.46456088090878,71.01221053563268,2.474054933387776,1393.0670682770196,1017.4259064584522,1358.2079841167724,0
2026-01-01 11:00:00,WELL-010,PUMP-010,157.34499677282764,81.09470743948935,4.143070841067478,1286.1823686047635,1247.0647403712737,1379.3570201822577,0
2026-01-01 12:00:00,WELL-010,PUMP-010,161.3984974909302,63.03757584229441,3.295251008402743,1270.930879885399,1054.5565429839614,1423.5194304873767,0
2026-01-01 13:00:00,WELL-010,PUMP-010,155.9612095154869,77.98978592670233,3.6500626162078627,1313.291942395229,1123.6136282552077,1357.8165988772157,0
2026-01-01 14:00:00,WELL-010,PUMP-010,149.21286538313583,80.14141235552471,3.6767169950055374,1301.6489717014833,1131.5203523635041,1354.1322495596628,0
2026-01-01 15:00:00,WELL-010,PUMP-010,155.89409511898373,76.5454299698704,2.4952002690719,1144.8759417535252,1177.227058031491,1425.115210000746,0
2026-01-01 16:00:00,WELL-010,PUMP-010,147.19544485957283,65.65010238396343,3.9140438959885953,1193.2126907636555,1190.3057507708884,1434.248045628364,0
2026-01-01 17:00:00,WELL-010,PUMP-010,170.14013566188217,73.44388147751229,4.0091717969756,1351.5800235371214,1242.9107670183046,1489.5523037917046,0
2026-01-01 18:00:00,WELL-010,PUMP-010,139.5322029525974,71.57768899375381,3.007459083886344,1225.8889666688433,1228.0130250659006,1394.2448273906625,0
2026-01-01 19:00:00,WELL-010,PUMP-010,148.7074150624088,71.03547237679696,3.558663605252222,1253.4262496303807,1215.4073810501943,1448.5059347265922,0
2026-01-01 20:00:00,WELL-010,PUMP-010,171.49190995036435,88.58664426204675,10.47127490332579,1040.0198332387406,1120.4711879170147,1412.3175144546829,0
2026-01-01 21:00:00,WELL-010,PUMP-010,149.53798002198937,68.79288586246145,3.591952099590869,1264.7965295928932,1187.1209911179565,1470.0025378638604,0
2026-01-01 22:00:00,WELL-010,PUMP-010,154.22252060741022,76.08511963667264,3.9639201300294444,1220.5135529007898,1068.348293641165,1406.2820246409708,0
2026-01-01 23:00:00,WELL-010,PUMP-010,156.71543135358155,74.41448386572335,2.438173500124828,1229.8168111770563,1091.214493496977,1487.6565642797077,0
2026-01-02 00:00:00,WELL-010,PUMP-010,165.32068299300622,74.24332228322731,3.3359251221760164,1273.315825286507,1068.9452062849148,1430.1396226326144,0
2026-01-02 01:00:00,WELL-010,PUMP-010,155.97197762611512,66.59551357177887,3.4716591100621503,1229.9772487382331,1252.487731244279,1461.636827883766,0
2026-01-02 02:00:00,WELL-010,PUMP-010,147.1819733021179,81.40737026407652,3.826410803819656,1196.3064152113213,1145.3271506755768,1469.6141527691784,0
2026-01-02 03:00:00,WELL-010,PUMP-010,141.5465670007425,74.31686698636719,3.5819307030315994,1367.8553210380608,1188.6331530333212,1480.6882996903569,0
2026-01-02 04:00:00,WELL-010,PUMP-010,160.25663792354968,73.24650125982072,3.7539001891128234,1259.4088213461291,1198.7879678484032,1371.6207416050252,0
2026-01-02 05:00:00,WELL-010,PUMP-010,136.31353506945618,76.54381410518376,4.913377381453084,1246.5967769259375,1192.601339759025,1434.4870143039766,0
2026-01-02 06:00:00,WELL-010,PUMP-010,169.0656939540436,91.19522593169496,6.475895499315322,948.9412321696525,956.7122539152317,1404.1250378793616,0
2026-01-02 07:00:00,WELL-010,PUMP-010,137.59966637123364,76.64784174495003,3.586398138779944,1342.0409256444566,1049.207361682571,1414.3352279227202,0
2026-01-02 08:00:00,WELL-010,PUMP-010,154.937236387342,79.08872080544954,2.6925012224815164,1296.3578255130171,1242.7168442436412,1402.5176681060705,0
2026-01-02 09:00:00,WELL-010,PUMP-010,148.99833909583958,74.23149435480755,2.9174188874939726,1376.2773133669316,1321.8519291762702,1505.8551895763565,0
2026-01-02 10:00:00,WELL-010,PUMP-010,145.02582791085757,79.3220292135354,2.871320573838722,1259.19488435151,1196.6953411666016,1461.8067406979508,0
2026-01-02 11:00:00,WELL-010,PUMP-010,143.22422319571638,75.77713316259246,4.194173534510495,1343.839102178251,1245.6020591021272,1464.1844188242742,0
2026-01-02 12:00:00,WELL-010,PUMP-010,148.3015636673872,70.31784401629328,3.2445693556669024,1256.845579260497,1054.912963490105,1481.282838072275,0
2026-01-02 13:00:00,WELL-010,PUMP-010,169.34501857538527,79.57860972082987,2.9008431326296367,1036.7163750767677,1100.343571082724,1478.0736117722317,0
2026-01-02 14:00:00,WELL-010,PUMP-010,158.3383477896204,71.46625170517349,3.147388427786564,1219.10040388012,1227.9277881324444,1396.254335283047,0
2026-01-02 15:00:00,WELL-010,PUMP-010,141.08903902832853,80.8907053797957,3.433715897502143,1323.4552089616166,1225.8905602995646,1451.001539876075,0
2026-01-02 16:00:00,WELL-010,PUMP-010,153.52721090794,75.80061033831373,2.368270660869263,1282.5002386185736,1221.3624208113251,1357.313362758291,0
2026-01-02 17:00:00,WELL-010,PUMP-010,157.93957320023165,74.21923801986674,2.516681166894898,1207.5824596265056,1208.704282416975,1507.5410023709571,0
2026-01-02 18:00:00,WELL-010,PUMP-010,158.13793080951422,64.4355582091764,3.3616823529916053,1003.5521018260858,1057.7734434802926,1422.6992751507526,0
2026-01-02 19:00:00,WELL-010,PUMP-010,155.9240856101359,74.34199713113448,2.927628260049009,1331.4804840937236,1127.9328674201215,1490.4276539393188,0
2026-01-02 20:00:00,WELL-010,PUMP-010,141.3445810776296,80.40779690506525,3.934880406530495,1181.2226651709498,1165.414379095832,1550.4769825398557,0
2026-01-02 21:00:00,WELL-010,PUMP-010,155.54307041640672,76.58188009096435,3.1388366372917487,1176.7216181288477,1158.0484803448423,1418.2684037168735,0
2026-01-02 22:00:00,WELL-010,PUMP-010,162.0906078862672,75.56647213646268,3.457443068676271,1250.6112868749174,1358.176795189063,1451.9903751573943,0
2026-01-02 23:00:00,WELL-010,PUMP-010,144.75126415259427,70.6968492384158,2.8921039396277344,1278.3112752171353,1139.5455699402285,1532.3355523403798,0
2026-01-03 00:00:00,WELL-010,PUMP-010,150.22027047742927,81.97583696746409,4.047997647167983,1226.5047819063398,1248.0530948872665,1432.1610085380473,0
2026-01-03 01:00:00,WELL-010,PUMP-010,153.94620227870325,68.6165930075162,3.051834746119822,1213.643876719455,1168.2082473743553,1436.5176343045387,0
2026-01-03 02:00:00,WELL-010,PUMP-010,151.1647800546053,75.6802461709572,4.023178029060345,1150.3945396812921,1221.9641266497727,1384.1615374497246,0
2026-01-03 03:00:00,WELL-010,PUMP-010,154.20551827130757,78.28566393288737,4.128631336421977,1309.3455831534664,1264.525052782702,1371.3530328916231,0
2026-01-03 04:00:00,WELL-010,PUMP-010,161.50764990530112,76.72907597075766,3.3826845313823832,1274.9935856079937,1137.7369141888212,1581.2313339581372,0
2026-01-03 05:00:00,WELL-010,PUMP-010,161.81612265124633,70.7269289469,2.952586446803063,1231.794988974693,1182.5068864253428,1424.6131363254385,0
2026-01-03 06:00:00,WELL-010,PUMP-010,169.49747640701304,95.15453049094828,8.788779022855268,1104.2136265303618,1087.6032615889346,1422.5898755425485,1
2026-01-03 07:00:00,WELL-010,PUMP-010,151.83513552599976,76.16008233201828,3.43907937485869,1086.4937986939017,1136.6648829698372,1459.9819646151436,0
2026-01-03 08:00:00,WELL-010,PUMP-010,134.2379696046475,69.86920932068472,3.5375072822128257,1237.5453333578769,1275.2393632523656,1420.4206160479464,0
2026-01-03 09:00:00,WELL-010,PUMP-010,139.15630135587477,72.02346388283925,2.990024045615719,1309.7166097441686,1272.1915382136413,1441.3153312244528,0
2026-01-03 10:00:00,WELL-010,PUMP-010,145.77093870163594,83.31383722598926,4.565505364612589,1303.9134778383386,1210.882927493221,1418.5374671528937,0
2026-01-03 11:00:00,WELL-010,PUMP-010,167.2680048473304,75.63740793896842,3.516143109974196,1235.496097146418,1218.708518600212,1448.3970869257025,0
2026-01-03 12:00:00,WELL-010,PUMP-010,162.99827475633808,70.94010918941885,3.5645389006218773,1202.0943284029008,1224.5325520274057,1445.539343084018,0
2026-01-03 13:00:00,WELL-010,PUMP-010,144.4001367520632,64.8723033443441,3.159800499393772,1079.0041034880164,1163.4195993226526,1523.4323507269528,0
2026-01-03 14:00:00,WELL-010,PUMP-010,132.8482455468538,68.00208667086491,3.546250894457003,1253.6979115455608,1269.2786954694977,1448.3624558761653,0
2026-01-03 15:00:00,WELL-010,PUMP-010,157.2034319163634,66.26942683705272,2.6513913559159885,1343.6935730103073,1125.2782599835818,1416.367707751822,0
2026-01-03 16:00:00,WELL-010,PUMP-010,147.32056832455908,73.59196392772898,4.264634241325673,1120.4770517742447,1192.0690772038226,1381.9507435947617,0
2026-01-03 17:00:00,WELL-010,PUMP-010,157.53459223579762,72.52596973336529,2.9605514386053677,1250.87110377865,1178.8426487281642,1386.2016715242676,0
2026-01-03 18:00:00,WELL-010,PUMP-010,156.41247786811442,62.73215020722542,3.2509259170777858,1226.9035668188578,1230.1472396566098,1455.834264591167,0
2026-01-03 19:00:00,WELL-010,PUMP-010,145.72332585875637,83.81520845989041,3.9650771157625777,1213.8197783432877,1340.4371528855186,1390.1531294014178,0
2026-01-03 20:00:00,WELL-010,PUMP-010,151.38009582122316,71.19410457119261,3.0121536400989886,1237.2252412719763,1175.2629525194636,1450.6614361761362,0
2026-01-03 21:00:00,WELL-010,PUMP-010,153.5822956112381,75.73027924148946,3.317209349524492,1153.3187866542817,1079.4651652129626,1559.3400498721612,0
2026-01-03 22:00:00,WELL-010,PUMP-010,141.31596225322366,73.51914919167181,3.6296457357348237,1220.9387670283427,1221.8240409357345,1427.5264831645643,0
2026-01-03 23:00:00,WELL-010,PUMP-010,155.8561141779215,66.94217188831244,3.0941924045154936,1140.556163262583,1193.2510742593317,1383.8327833937888,0
2026-01-04 00:00:00,WELL-010,PUMP-010,151.4648415222577,65.05127453677301,2.6840387077195302,1149.9663505320489,1200.4854340584413,1365.1084499422511,0
2026-01-04 01:00:00,WELL-010,PUMP-010,138.29668090417536,73.17999382726053,2.424956844523252,1183.1465753295383,1302.6275246716948,1464.8738367632675,0
2026-01-04 02:00:00,WELL-010,PUMP-010,147.07156553129542,68.004832382552,3.4300020014713812,1225.3437892196068,1192.9126843112467,1458.4148515314153,0
2026-01-04 03:00:00,WELL-010,PUMP-010,147.39083482161806,71.32037005164972,3.1848899860373234,1305.934820122806,1234.7691693482816,1393.1102834365765,0
2026-01-04 04:00:00,WELL-010,PUMP-010,138.92787051944674,70.2737141084452,3.530184425088691,1346.387616662107,1118.0875918087127,1467.46124473258,0
2026-01-04 05:00:00,WELL-010,PUMP-010,159.45597163378577,69.92694586598317,3.5070332894515195,1299.2938478696178,1107.668983072474,1451.0171355905288,0
2026-01-04 06:00:00,WELL-010,PUMP-010,151.9363511545527,78.01998324558316,4.292419670369977,1070.401113458815,1151.2550212636088,1424.5995613840107,0
2026-01-04 07:00:00,WELL-010,PUMP-010,155.93325666162607,73.97232044168732,3.743531879251819,1069.5883423099845,1215.2183847373442,1413.9702044091832,0
2026-01-04 08:00:00,WELL-010,PUMP-010,155.08142366028397,74.57322659515653,3.6868663245787947,1311.0192925473266,1188.457939941032,1489.3371537409323,0
2026-01-04 09:00:00,WELL-010,PUMP-010,143.61108791885115,74.12516194758811,3.092980272084769,1209.9717685740231,1091.9607433898532,1401.4989712099841,0
2026-01-04 10:00:00,WELL-010,PUMP-010,146.5326022044145,76.62206330415152,3.5072622565827465,1246.6448633566492,1170.017907908425,1458.2228911298528,0
2026-01-04 11:00:00,WELL-010,PUMP-010,146.75682416953654,66.58075098516466,3.5759783596546115,1325.6377185594051,1345.6880862041317,1394.837063871794,0
2026-01-04 12:00:00,WELL-010,PUMP-010,144.51474206414102,80.19303084758519,3.105273549641039,1225.1610678132688,1070.4647072654345,1468.3652502970324,0
2026-01-04 13:00:00,WELL-010,PUMP-010,144.08025728080872,70.93707723650427,2.042504142488915,1256.9562632089496,1184.7370042690916,1410.1327575132243,0
2026-01-04 14:00:00,WELL-010,PUMP-010,153.16837318826197,75.30977969240591,5.545840422530034,1321.9067588967791,1037.684715054949,1461.1149955966841,0
2026-01-04 15:00:00,WELL-010,PUMP-010,146.44456002619432,75.6435760062992,4.451991199906148,1300.1792976872764,1095.769900922925,1419.4171295762835,0
2026-01-04 16:00:00,WELL-010,PUMP-010,142.78982465869387,69.55869180674502,3.172114391401748,1202.323494444136,1096.849564711281,1448.6313073711585,0
2026-01-04 17:00:00,WELL-010,PUMP-010,136.79423093154102,70.26507360265192,3.7466126329354013,1282.3292568789216,1186.7657741681207,1499.580683027044,0
2026-01-04 18:00:00,WELL-010,PUMP-010,143.06853614012869,81.45767269317491,4.94671955975212,1232.6776538554097,1214.0766798248605,1500.6449784366882,0
2026-01-04 19:00:00,WELL-010,PUMP-010,145.28016105429782,74.46115498670689,4.114145357340952,1267.611148671167,1273.476308934113,1432.3949250478606,0
2026-01-04 20:00:00,WELL-010,PUMP-010,148.97100191733534,71.7779934747189,3.074732058661063,1389.4989256092902,1337.9291772808576,1503.9410830276468,0
2026-01-04 21:00:00,WELL-010,PUMP-010,146.79643659085514,74.62625690048718,3.5249905520964266,1154.7277913498356,1101.8849269589202,1461.606102440421,0
2026-01-04 22:00:00,WELL-010,PUMP-010,155.50522714864493,73.96108604807081,2.866721683145182,1222.9133861172113,1208.209453099016,1526.6658200823206,0
2026-01-04 23:00:00,WELL-010,PUMP-010,142.16872738642286,72.98120972260628,3.409494535060056,1245.9190745517055,1247.3371063777313,1450.291202896164,0
2026-01-05 00:00:00,WELL-010,PUMP-010,139.1688203066189,73.95591214834165,3.020780440540629,1341.054156396181,1132.4239473987186,1425.2482738283536,0
2026-01-05 01:00:00,WELL-010,PUMP-010,150.72602437729975,74.3540084510483,1.9744885806136627,1137.5059850986163,977.9974829421093,1432.8048469477844,0
2026-01-05 02:00:00,WELL-010,PUMP-010,148.59991448714598,72.13104981119407,2.7633737641491956,1438.6831424105908,1140.2037105558304,1404.9145559831536,0
2026-01-05 03:00:00,WELL-010,PUMP-010,154.3327528493853,72.5255227771354,2.607965067561211,1082.982728795432,1334.5885439044612,1506.4154527281335,0
2026-01-05 04:00:00,WELL-010,PUMP-010,145.04064583140672,70.44523364439158,3.81313403313818,1198.9483244532219,1284.8552221094963,1474.5428615898284,0
2026-01-05 05:00:00,WELL-010,PUMP-010,147.50066129991058,71.88494796311528,2.3369713165508457,1255.7758685873027,1206.5332921949507,1434.9997302136396,0
2026-01-05 06:00:00,WELL-010,PUMP-010,159.65236778010762,71.47659621023524,2.61074819806367,1182.2381186676012,1130.57587078671,1409.910497268902,0
2026-01-05 07:00:00,WELL-010,PUMP-010,159.62541794601276,74.76326460122104,3.158537532992867,1210.0387980989728,1179.2243631705987,1500.1475907917704,0
2026-01-05 08:00:00,WELL-010,PUMP-010,140.9004992168137,73.60465118684603,4.11225026256551,1300.4210553711484,1105.287791642275,1508.8724924517937,0
2026-01-05 09:00:00,WELL-010,PUMP-010,139.30529876270185,72.42930572100303,4.408060050038831,1247.4887731338104,1126.3483133738782,1545.787232591024,0
2026-01-05 10:00:00,WELL-010,PUMP-010,156.97291527632603,68.34571635158979,2.767169175242381,1231.0381450303619,1160.4763379249714,1452.4402004184542,0
2026-01-05 11:00:00,WELL-010,PUMP-010,130.81932234388555,72.16327424146355,4.1509549015389675,1215.7223929322708,1212.206803884447,1459.2242724222533,0
2026-01-05 12:00:00,WELL-010,PUMP-010,145.13457038355543,73.16433363724624,4.054499590300894,1287.2169160204664,1192.3579564827266,1442.6293128653801,0
2026-01-05 13:00:00,WELL-010,PUMP-010,153.06936730530782,70.22075000798992,3.2134719716422784,1251.623702738102,1273.6890553559829,1426.3237184858847,0
2026-01-05 14:00:00,WELL-010,PUMP-010,152.8166364296555,74.10486017057246,3.028973559573486,1183.397496991939,1234.6794572996528,1435.610213803033,0
2026-01-05 15:00:00,WELL-010,PUMP-010,145.40895568271185,77.48286943591314,3.9091481978254596,1313.3437194933304,1128.740938326698,1393.9458971033307,0
2026-01-05 16:00:00,WELL-010,PUMP-010,144.12027237164477,71.70556002029355,3.9059834175178936,1278.9394113381968,1173.0513885132593,1411.00519871139,0
2026-01-05 17:00:00,WELL-010,PUMP-010,157.9957126776058,82.59832719602605,3.5658545635960186,1188.4220925135335,1127.6485380786157,1436.8954899818564,0
2026-01-05 18:00:00,WELL-010,PUMP-010,156.12979275630983,76.75498367101349,3.55339825296806,1178.0530393925917,1251.0297032890917,1388.1795468345015,0
2026-01-05 19:00:00,WELL-010,PUMP-010,138.94144819786615,74.3259669401888,4.197102459272287,1259.6689734082186,1166.3192567656934,1489.495274846477,0
2026-01-05 20:00:00,WELL-010,PUMP-010,144.48179686189394,74.0160278563523,3.2758255173764357,1349.472187371988,1058.664564584001,1446.289737948467,0
2026-01-05 21:00:00,WELL-010,PUMP-010,152.259364164531,75.92729719058472,3.4592225683011097,1284.9126934030473,1194.2938228029861,1435.3499698334365,0
2026-01-05 22:00:00,WELL-010,PUMP-010,150.77496405642026,79.4928041828218,4.107009297631287,1312.7788069736332,1253.8711508454871,1517.7879747024801,0
2026-01-05 23:00:00,WELL-010,PUMP-010,151.32805507856958,74.9651932708197,3.110256747316031,1229.4980850752015,1128.8142801664187,1483.860595650077,0
2026-01-06 00:00:00,WELL-010,PUMP-010,151.8724390741472,71.03447488177714,3.5435853650044686,1261.5861788687353,1138.5160230034937,1359.8164323449435,0
2026-01-06 01:00:00,WELL-010,PUMP-010,142.1331864753329,82.00566118201367,4.3905931049088105,1292.0888968052159,1234.8848283870832,1411.0853009371067,0
2026-01-06 02:00:00,WELL-010,PUMP-010,164.64204151150585,66.20302525711492,4.670363766311606,1197.7069722347783,1196.9085473036992,1452.202642237558,0
2026-01-06 03:00:00,WELL-010,PUMP-010,155.5441097574777,69.4904507751276,2.9632580914480746,1133.9126911372048,1266.4660844595187,1413.9666687935328,0
2026-01-06 04:00:00,WELL-010,PUMP-010,150.76896142743863,64.99665004827375,4.738594514735826,1370.01946243555,1103.9281949859435,1429.5360079129837,0
2026-01-06 05:00:00,WELL-010,PUMP-010,146.90279229115453,73.99536099025472,3.096492642193974,1265.649001491077,1192.7759196372374,1417.7261411175687,0
2026-01-06 06:00:00,WELL-010,PUMP-010,149.60439425299288,72.13144798254879,4.4570722511600085,1074.4434467156811,1117.394985776371,1498.9682805201408,0
2026-01-06 07:00:00,WELL-010,PUMP-010,149.5494706804282,79.92596045890552,5.083523662789965,1401.3645139996559,1117.9143385910024,1425.2100234307854,0
2026-01-06 08:00:00,WELL-010,PUMP-010,150.923587889356,74.72904605951135,3.0316648774684753,1204.1479687438518,1151.0870247213306,1368.6875906147495,0
2026-01-06 09:00:00,WELL-010,PUMP-010,149.63924440649683,64.68270118851679,3.69853446829264,1142.663572745924,1257.1838415867956,1435.4487053492355,0
2026-01-06 10:00:00,WELL-010,PUMP-010,166.9152955255223,68.55587930302994,3.0915443639647258,1319.7611468387663,1135.696976764713,1464.5184524183283,0
2026-01-06 11:00:00,WELL-010,PUMP-010,126.58352125993144,76.4127682537125,4.274057487610031,1353.9466938926194,1089.0133531569265,1422.765340633922,0
2026-01-06 12:00:00,WELL-010,PUMP-010,135.5932093030843,77.97520186359532,3.5254902780636233,1110.9446413619276,1197.1938752455553,1491.37685505463,0
2026-01-06 13:00:00,WELL-010,PUMP-010,162.85172185184754,79.09034096479368,3.9556044981480225,1240.3609681091455,1390.6444603547654,1455.6349109947266,0
2026-01-06 14:00:00,WELL-010,PUMP-010,141.35066005750508,71.30284827626593,3.61391673054103,1220.331259118555,1123.8750809631645,1373.7577914713122,0
2026-01-06 15:00:00,WELL-010,PUMP-010,142.8968558924547,75.73212863360402,3.115259715285767,1313.0243194227069,1218.9210999980633,1596.7983296246719,0
2026-01-06 16:00:00,WELL-010,PUMP-010,148.08920871242327,73.41079898001091,3.3334455581809923,1210.146433185333,1190.4177503004507,1505.061237176576,0
2026-01-06 17:00:00,WELL-010,PUMP-010,146.1141116160958,71.29377157509664,4.1245233160450745,1252.2816121509447,1180.634203762973,1420.0759886787941,0
2026-01-06 18:00:00,WELL-010,PUMP-010,167.3151493066011,71.37409558821702,3.133848103914838,1283.052575188423,1172.070692210701,1386.9152142519388,0
2026-01-06 19:00:00,WELL-010,PUMP-010,142.34451056552666,65.4961293580751,3.0213796001353828,1239.7186007467976,1128.3516761597757,1490.9669015197785,0
2026-01-06 20:00:00,WELL-010,PUMP-010,168.95923945900697,72.35933283430954,3.9628854804917255,1157.0600058756047,1193.2931417532782,1520.6746328606455,0
2026-01-06 21:00:00,WELL-010,PUMP-010,141.91297486175168,73.45115410791861,3.9135975121024025,1160.4191273267968,1260.9163605239535,1432.3307050224385,0
2026-01-06 22:00:00,WELL-010,PUMP-010,158.59505876735008,83.5060181372416,2.744556297413681,1301.5639780709762,1144.731950499038,1442.8966793187124,0
2026-01-06 23:00:00,WELL-010,PUMP-010,162.63775024069605,73.76570414163689,3.3197576248887355,1138.3281231410385,1209.3451909155838,1391.2888859026584,0
2026-01-07 00:00:00,WELL-010,PUMP-010,142.46676215262093,71.42452014058081,3.5976769883272066,1248.6168802098234,1088.0895055780034,1430.9479114961196,0
2026-01-07 01:00:00,WELL-010,PUMP-010,162.36229872250954,70.38264712962841,3.8042423247598878,1284.0635579237796,1207.2429271747042,1468.5930957965068,0
2026-01-07 02:00:00,WELL-010,PUMP-010,163.53515932545997,70.13686458344009,3.231070196177889,1330.8421645605245,1110.3464049807978,1385.2225365966838,0
2026-01-07 03:00:00,WELL-010,PUMP-010,152.70963087952296,68.3441160130719,2.9791809334942325,1137.1145913865923,1197.2274491047613,1505.8180725917148,0
2026-01-07 04:00:00,WELL-010,PUMP-010,139.31655521922423,84.53983463318404,4.273375184179309,1253.9766515642648,1190.8399512112035,1464.4646900448356,0
2026-01-07 05:00:00,WELL-010,PUMP-010,164.05766150144268,83.84983284930404,8.791031804745243,1034.7292403488618,944.9522102142315,1459.3349862173345,0
2026-01-07 06:00:00,WELL-010,PUMP-010,143.40968899851686,72.49303977011711,3.4183744217771124,1344.2174428312478,1237.327042921964,1546.4676672003982,0
2026-01-07 07:00:00,WELL-010,PUMP-010,148.75911877702367,72.20671123387785,4.345262845100154,1160.2204372643077,1201.6830938966648,1454.366242724106,0
2026-01-07 08:00:00,WELL-010,PUMP-010,150.26502497336747,52.67198068235561,3.0538825028607515,1276.8394921719512,1117.0410909395587,1459.2563078468859,0
2026-01-07 09:00:00,WELL-010,PUMP-010,160.6496818645219,77.24733223248433,3.4719737835448976,1199.8824902357774,1200.4392663330016,1437.8422466110399,0
2026-01-07 10:00:00,WELL-010,PUMP-010,146.04265553679687,78.78875657638737,3.5152367915001363,1254.7763551497897,1071.414907098328,1414.2734808887053,0
2026-01-07 11:00:00,WELL-010,PUMP-010,155.42532818900028,76.54888833633112,3.896436107136955,1290.251197338504,1127.287490258403,1483.4981814069095,0
2026-01-07 12:00:00,WELL-010,PUMP-010,156.94902625881423,86.91701327322681,8.41637827903983,1012.9792842809114,1001.0456767322048,1397.6927999621164,0
2026-01-07 13:00:00,WELL-010,PUMP-010,158.00317530658936,71.4161767364222,2.4506371060673926,1209.0684916068335,1215.7383051125566,1358.4613617558168,0
2026-01-07 14:00:00,WELL-010,PUMP-010,148.29232351349253,68.52938089038878,3.4828442642367987,1203.3342135146709,1270.6634825377319,1416.4748262498783,0
2026-01-07 15:00:00,WELL-010,PUMP-010,151.65810982898006,71.65248220036587,3.5253808532506197,1189.8125997433929,1119.398289012214,1490.2900607074953,0
2026-01-07 16:00:00,WELL-010,PUMP-010,152.3458616526652,73.65911446591511,2.9446195197938496,1300.4739400314284,1249.4063344597175,1501.358874973661,0
2026-01-07 17:00:00,WELL-010,PUMP-010,158.01025544053434,73.51196444859039,4.05753069396033,1239.9906712022962,1201.9214161515526,1467.1613964473509,0
2026-01-07 18:00:00,WELL-010,PUMP-010,136.536915459306,81.94373856024296,3.57559844553643,1202.238752449918,1129.9599938798665,1427.8373970806924,0
2026-01-07 19:00:00,WELL-010,PUMP-010,152.8508997199469,71.12178175905689,3.718585345410045,1137.363183191688,1408.5002657608306,1515.5785693413973,0
2026-01-07 20:00:00,WELL-010,PUMP-010,143.80425331091553,78.77035468078023,3.0535208568674856,1231.6901009503008,1275.5947877550925,1437.7959318967355,0
2026-01-07 21:00:00,WELL-010,PUMP-010,143.58846521077405,67.91621680112729,3.649797831158663,1219.8405195341684,1217.455010237811,1472.8549396827393,0
2026-01-07 22:00:00,WELL-010,PUMP-010,136.20371453789318,75.26287078191388,3.0746030238709623,1408.7491106135353,1162.0748278850447,1487.0816289059665,0
2026-01-07 23:00:00,WELL-010,PUMP-010,153.62562333823655,78.48773767439282,2.872245680405284,1327.6133642555715,1199.9440077770698,1509.792957847126,0
2026-01-08 00:00:00,WELL-010,PUMP-010,147.6739226103344,80.02173080285924,3.221198057852881,1417.8253678726771,1145.1192347543147,1455.028902267033,0
2026-01-08 01:00:00,WELL-010,PUMP-010,146.98567209696208,89.61776831256981,3.2223675875533533,1318.0886697834337,1163.5217962099507,1496.8275214793873,0
2026-01-08 02:00:00,WELL-010,PUMP-010,150.2973381250375,79.67712306411474,3.0077515532600576,1260.1914094043361,1108.2400442138367,1429.9043736612905,0
2026-01-08 03:00:00,WELL-010,PUMP-010,164.25836211079954,77.1562688620054,3.447208359553163,1333.678228348537,1129.4939655339822,1392.2020206784782,0
2026-01-08 04:00:00,WELL-010,PUMP-010,152.88450401388437,69.98300880747193,2.8473205565520043,1432.4982473121038,1329.0386731757349,1445.7231691837517,0
2026-01-08 05:00:00,WELL-010,PUMP-010,157.68820646859788,69.2899773234349,3.3052372705553745,1252.0484924102395,1255.4677097189478,1526.4547433258494,0
2026-01-08 06:00:00,WELL-010,PUMP-010,151.1898484137101,83.3283720942411,3.6683995300706957,1138.312082400958,1232.680004677057,1458.549887420577,0
2026-01-08 07:00:00,WELL-010,PUMP-010,144.49186910838355,73.2143218561174,3.5885595053506094,1262.0507472254753,1250.7524953032141,1498.1041466370648,0
2026-01-08 08:00:00,WELL-010,PUMP-010,140.2383046324953,79.64215652634856,2.9876583780171133,1156.8122359362633,1278.1641396689888,1454.6973839719565,0
2026-01-08 09:00:00,WELL-010,PUMP-010,155.3346082774451,73.24636194527108,3.0810467517501317,1314.4572227821345,1201.4238756236591,1437.678377370863,0
2026-01-08 10:00:00,WELL-010,PUMP-010,139.47864689264046,68.70950539110409,4.322480888951007,1347.4115273988707,1114.0356340724807,1430.6253003536262,0
2026-01-08 11:00:00,WELL-010,PUMP-010,157.86601285328513,76.70842549944416,4.821947457154936,1231.1758658187566,1257.60927979481,1377.558278043362,0
2026-01-08 12:00:00,WELL-010,PUMP-010,154.03276539714741,80.68374436383009,3.779759430386547,1268.044038222261,1209.8700818823393,1510.6117432926153,0
2026-01-08 13:00:00,WELL-010,PUMP-010,170.16148056148552,83.97713189713656,7.8204964985884065,869.4248309688033,909.4744526349137,1471.2930674604215,0
2026-01-08 14:00:00,WELL-010,PUMP-010,161.05240198163537,89.19035613853416,10.577017218223624,1114.6967619591148,914.1500967289287,1445.7681806384621,0
2026-01-08 15:00:00,WELL-010,PUMP-010,157.89655395420172,79.676516726903,3.3428091504955217,1303.0310413020038,1284.6321859768655,1447.5063150765711,0
2026-01-08 16:00:00,WELL-010,PUMP-010,157.3442547898205,63.60237347669689,2.6026957336157013,1267.0685829197823,1188.1103764902978,1399.163445426559,0
2026-01-08 17:00:00,WELL-010,PUMP-010,141.40704854833987,72.36683279146253,3.920677878897434,1281.1981928111518,1053.249508638308,1528.5146149137192,0
2026-01-08 18:00:00,WELL-010,PUMP-010,143.032418635731,68.29732526248154,3.043222458213183,1180.398294600263,1182.8230333412048,1364.9324072698744,0
2026-01-08 19:00:00,WELL-010,PUMP-010,151.85652134252447,86.22203368946106,3.7918045985993363,1210.2728784225483,1095.9499515068605,1445.186177010037,0
2026-01-08 20:00:00,WELL-010,PUMP-010,155.18118901634915,79.73738032284488,2.3331381218897755,1255.2374025471777,1330.8551706735946,1418.8321651842498,0
2026-01-08 21:00:00,WELL-010,PUMP-010,136.3280639099367,77.13821838638147,2.901281870517352,1285.3057921891525,1313.5084456443003,1441.151533282839,0
2026-01-08 22:00:00,WELL-010,PUMP-010,156.8495693552913,83.92957525287025,4.054261107019226,1238.6405493199463,1109.008223469989,1519.8622240779027,0
2026-01-08 23:00:00,WELL-010,PUMP-010,156.60093087810134,78.36772081154409,2.7231171075305816,1371.0388249130149,1271.4802361185673,1385.8141380481136,0
2026-01-09 00:00:00,WELL-010,PUMP-010,146.34172274720243,80.64116597186705,3.490010782093245,1435.4979861983284,1299.9583993050278,1456.9577286267029,0
2026-01-09 01:00:00,WELL-010,PUMP-010,148.43200525463885,74.42529057202361,3.198301463708823,1179.1627499095105,1199.0301403454905,1443.2366659912523,0
2026-01-09 02:00:00,WELL-010,PUMP-010,146.84797997521318,72.93525618622583,3.831577310554111,1276.1908952402428,1109.3549845882826,1435.2144526669715,0
2026-01-09 03:00:00,WELL-010,PUMP-010,149.80903145002424,77.18510810571485,4.093563314741745,1189.569706660408,1140.9029194109205,1415.2420005639901,0
2026-01-09 04:00:00,WELL-010,PUMP-010,153.17141137427438,77.24797237774133,2.8721737644344265,1297.101069508587,1351.9705803985637,1426.4237384547469,0
2026-01-09 05:00:00,WELL-010,PUMP-010,150.47975583452802,68.58298255844389,3.3824984818367954,1154.5076171099424,1213.7375491912032,1428.505298564808,0
2026-01-09 06:00:00,WELL-010,PUMP-010,135.9494378629132,67.10568482175447,3.729059141733775,1293.394897489847,1029.702014179162,1526.040984245608,0
2026-01-09 07:00:00,WELL-010,PUMP-010,147.02766929781828,76.46380010457422,3.286980553466521,1192.5320912242178,1074.7662422000367,1452.4226747711375,0
2026-01-09 08:00:00,WELL-010,PUMP-010,147.15239424389821,74.4505712430113,4.2249469932409065,1287.3864658154034,1154.8319460818059,1420.5365737072243,0
2026-01-09 09:00:00,WELL-010,PUMP-010,150.12104861878845,77.85195827600538,2.3325129379630534,1210.0717207356768,1308.9485475521874,1473.9613775834978,0
2026-01-09 10:00:00,WELL-010,PUMP-010,173.14476592384074,87.75785181843727,8.671025228315175,950.2789029579458,1002.1684066478947,1480.6397590627346,0
2026-01-09 11:00:00,WELL-010,PUMP-010,132.1338235698826,80.76800904903426,3.4914469938157247,1298.5722249200414,1196.2161884778886,1392.480570794138,0
2026-01-09 12:00:00,WELL-010,PUMP-010,167.86977630370535,71.80234255418169,3.398753997024973,1240.44174591418,1249.0528015793702,1470.27861845259,0
2026-01-09 13:00:00,WELL-010,PUMP-010,147.14923317494993,71.29294037255532,3.436482365554904,1351.4094989659352,1070.3633624136482,1451.0340255374902,0
2026-01-09 14:00:00,WELL-010,PUMP-010,147.3792489480006,78.72625554322103,2.5783461004280555,1337.154623857762,1171.2986632097893,1522.655774314362,0
2026-01-09 15:00:00,WELL-010,PUMP-010,143.28861676306468,74.17958215189032,2.588049076700779,1240.1447626589809,1139.7565627443523,1549.3960716025297,0
2026-01-09 16:00:00,WELL-010,PUMP-010,154.13155192380472,77.3289339105316,4.443275801883287,1220.1235838866066,1050.8572493242718,1509.8333219142119,0
2026-01-09 17:00:00,WELL-010,PUMP-010,155.83654844816968,79.07059571016993,4.066836896176566,1282.1125089834684,1085.9540682430452,1448.539695645744,0
2026-01-09 18:00:00,WELL-010,PUMP-010,148.1340922226519,78.08372011699252,3.074705141453663,1320.9167281709163,1191.0728450593044,1469.0809119549908,0
2026-01-09 19:00:00,WELL-010,PUMP-010,154.9802975019594,77.78116607496145,2.888101315498412,1126.5121027061737,1197.899434589439,1440.67442452822,0
2026-01-09 20:00:00,WELL-010,PUMP-010,144.50034289063228,81.42519947599014,3.1603118360848677,1267.2875893082164,1138.5741774628893,1366.025777082177,0
2026-01-09 21:00:00,WELL-010,PUMP-010,145.37590083870077,75.40351180708026,3.0266166268370367,1248.218281332073,1170.9178067115251,1594.4613327375357,0
2026-01-09 22:00:00,WELL-010,PUMP-010,154.14147355110427,80.88852739065958,4.554112843977284,1302.0748541909209,1245.3497186023915,1385.7717274960967,0
2026-01-09 23:00:00,WELL-010,PUMP-010,156.99714232256005,76.57656370207603,4.115802830253328,1182.6882928534062,1129.1949540898884,1458.4222942986046,0
2026-01-10 00:00:00,WELL-010,PUMP-010,146.08001304270925,79.48397991681934,2.348077753914599,1010.2341248605198,1242.5974304877584,1463.7402732077649,0
2026-01-10 01:00:00,WELL-010,PUMP-010,128.07030214465894,75.83556035655067,3.7837254704328833,1231.6010358798806,1116.2867831786175,1494.891137199502,0
2026-01-10 02:00:00,WELL-010,PUMP-010,145.84523941472332,78.51600527342185,3.2738509901092603,1223.8120031741923,1134.955808244583,1408.5529629598575,0
2026-01-10 03:00:00,WELL-010,PUMP-010,142.4003718016499,77.11598913388991,4.925969994305308,1187.0533831146706,1130.3308383495316,1443.8813507604214,0
2026-01-10 04:00:00,WELL-010,PUMP-010,157.62702671041342,64.66366965470816,4.32819174474785,1398.6180663158705,1256.1581007221369,1344.8857315544642,0
2026-01-10 05:00:00,WELL-010,PUMP-010,136.2534458340505,82.01170326604093,4.398120978798364,1348.9825908912214,1086.0110188872045,1469.344061264777,0
2026-01-10 06:00:00,WELL-010,PUMP-010,156.6292207417995,80.26928984325875,3.4164751014044583,1154.742123530894,1248.7310458825314,1411.559556718912,0
2026-01-10 07:00:00,WELL-010,PUMP-010,152.2553236486542,77.1796218354285,4.705294588611405,1355.9463689915274,1112.6887946837073,1423.2934966791836,0
2026-01-10 08:00:00,WELL-010,PUMP-010,154.1145314762626,71.14307984292921,2.7949885178428144,1107.2644182375457,1266.223389659345,1431.4163907445518,0
2026-01-10 09:00:00,WELL-010,PUMP-010,153.82421549314745,80.0375619069768,3.079550139985823,1304.8542692015897,1287.1158185877996,1496.330220269625,0
2026-01-10 10:00:00,WELL-010,PUMP-010,156.07443657069535,73.14007120453165,3.5356080768100457,1375.506915850781,1269.6816352327824,1549.6934545254362,0
2026-01-10 11:00:00,WELL-010,PUMP-010,148.05389878474688,76.8229025605035,3.237722865788599,1261.640452447397,1158.8812600257259,1346.0818519515474,0
2026-01-10 12:00:00,WELL-010,PUMP-010,140.2783086566534,69.50155456532238,3.648238595080101,1490.212198792935,1111.6839379378375,1434.256296566347,0
2026-01-10 13:00:00,WELL-010,PUMP-010,162.5936800307351,79.47797654280967,2.197027663879589,1317.0868299254198,1153.9003060082305,1422.665831952047,0
2026-01-10 14:00:00,WELL-010,PUMP-010,162.55492756550902,72.07297830765067,2.974252594506865,1214.4452889543663,1245.0181983607874,1455.644676850394,0
2026-01-10 15:00:00,WELL-010,PUMP-010,149.78761822903326,79.40785238069046,3.6017281752072248,1274.3275461710282,1283.632547644569,1425.4081802297087,0
2026-01-10 16:00:00,WELL-010,PUMP-010,143.93892102327752,71.09543267119604,2.9577219319493926,1230.8922834648013,1180.1752842956423,1383.7182045213592,0
2026-01-10 17:00:00,WELL-010,PUMP-010,135.4305944618232,82.73089898161233,3.0632584775892373,1200.7293933383023,1245.9102936282038,1471.409899016277,0
2026-01-10 18:00:00,WELL-010,PUMP-010,164.36146210500814,77.19957605624563,3.3984480285034318,1209.8881583491418,1243.7527869140083,1506.6703199557835,0
2026-01-10 19:00:00,WELL-010,PUMP-010,156.09115726051868,69.45358177868926,3.9869894938567985,1202.7929002396468,1206.274486037121,1440.3496248207716,0
2026-01-10 20:00:00,WELL-010,PUMP-010,148.77084637159658,79.95806621281183,3.685643194903803,1272.5865331832654,1204.6709157799776,1473.3829009345181,0
2026-01-10 21:00:00,WELL-010,PUMP-010,161.202362665252,73.01864650720077,3.9154061667960676,1181.6896265744183,1228.8719051577204,1496.0052339505555,0
2026-01-10 22:00:00,WELL-010,PUMP-010,159.38754332274092,63.64193108010669,4.012247574539097,1408.03660217263,1136.46731675288,1413.3135070818748,0
2026-01-10 23:00:00,WELL-010,PUMP-010,156.15197813120827,82.58419047904903,4.014359018009338,1155.233331259153,1192.4783254229637,1434.5263397740698,0
2026-01-11 00:00:00,WELL-010,PUMP-010,159.32241493036582,72.35236229273173,2.7413045561166527,1317.037507358195,1134.262641567267,1433.2161631048125,0
2026-01-11 01:00:00,WELL-010,PUMP-010,148.96994525545938,67.51531358382324,2.5571302300481324,1155.5357534682305,1162.4005641012488,1480.5604448527395,0
2026-01-11 02:00:00,WELL-010,PUMP-010,150.82103703494136,74.21500479690985,3.0737163019274045,1255.0041969722029,1239.918787083042,1505.5944042473589,0
2026-01-11 03:00:00,WELL-010,PUMP-010,156.11659268892356,69.44440929723916,4.39882674054412,1307.3432020001273,1196.3772398877109,1483.0156607257713,0
2026-01-11 04:00:00,WELL-010,PUMP-010,175.9932351440505,101.21288657675917,7.3935659907084865,1022.1580146458705,950.0270414087395,1373.1474922638554,0
2026-01-11 05:00:00,WELL-010,PUMP-010,139.96819508657182,77.40094372536021,2.9058776157777775,1282.6122166578932,1259.1909401641706,1468.373342666751,0
2026-01-11 06:00:00,WELL-010,PUMP-010,154.78007487418688,80.88169836423344,3.142494455007852,1375.4119800369178,1141.116052216481,1424.5682115302889,0
2026-01-11 07:00:00,WELL-010,PUMP-010,152.1463293373073,67.59835440088355,2.8126316096836996,1340.5655677310776,1039.4926243155332,1480.8185534436423,0
2026-01-11 08:00:00,WELL-010,PUMP-010,149.70916902972732,71.4790432776365,3.6437963175696786,1372.724896789633,1112.7004458904019,1414.0528614919137,0
2026-01-11 09:00:00,WELL-010,PUMP-010,140.9438144915899,75.37237486715544,3.615670402153097,1104.067346768083,1179.2658799972535,1388.6561539392744,0
2026-01-11 10:00:00,WELL-010,PUMP-010,140.03248542032986,87.34475928925266,3.8329010808679893,1270.30181493381,1216.8867318101372,1425.4320131927711,0
2026-01-11 11:00:00,WELL-010,PUMP-010,143.0803044121015,73.58513769815903,3.833762515180335,1321.237607138795,1160.7982082982614,1378.0654792593905,0
2026-01-11 12:00:00,WELL-010,PUMP-010,154.26221287342437,70.9077821690227,3.9145676317651694,1277.112314462088,1311.57240558554,1535.0770400160382,0
2026-01-11 13:00:00,WELL-010,PUMP-010,157.37630321123498,70.96721408453858,4.0775717722568015,1286.8985982310999,1225.5451939856996,1513.0553139472256,0
2026-01-11 14:00:00,WELL-010,PUMP-010,148.2673782240243,78.41815888638195,3.4432906309031783,1285.77607131541,1223.1291448413847,1481.7494297748362,0
2026-01-11 15:00:00,WELL-010,PUMP-010,151.95101038936258,79.79754929880522,4.0192188201302725,1245.0329406834721,1120.6916524780836,1469.1678968388785,0
2026-01-11 16:00:00,WELL-010,PUMP-010,179.984127235696,98.18396241747932,9.251012573863612,974.8065800880889,963.3933772162688,1463.392705974976,1
2026-01-11 17:00:00,WELL-010,PUMP-010,148.65720659782366,75.27265272672929,3.6458731036647434,1214.441743208417,1197.6109553408717,1528.3909640597851,0
2026-01-11 18:00:00,WELL-010,PUMP-010,143.2054639630039,76.2295027573416,3.341169939063643,1415.158105343836,1267.600629171682,1551.5975512310542,0
2026-01-11 19:00:00,WELL-010,PUMP-010,141.73628710299602,67.59085521411295,4.334270725149588,1204.0597783568494,1091.8026719779798,1436.561058193386,0
2026-01-11 20:00:00,WELL-010,PUMP-010,142.0590796723687,74.91594076588379,4.213305720923532,1317.7130528927441,1335.1330605099001,1450.168599610493,0
2026-01-11 21:00:00,WELL-010,PUMP-010,141.56830135361463,72.94180063654042,4.179447856321188,1087.3309421355987,1326.8659632189301,1385.333677672918,0
2026-01-11 22:00:00,WELL-010,PUMP-010,143.28569250662014,72.85595695647996,3.034778592945737,1198.739514800579,1241.152262094661,1478.3161983132188,0
2026-01-11 23:00:00,WELL-010,PUMP-010,139.02238720049397,80.13228249033196,3.9639377333943266,1374.1986285071816,1180.3767104496026,1408.260873119493,0
2026-01-12 00:00:00,WELL-010,PUMP-010,150.85351046725432,78.36637360872875,3.1381315673534873,1270.9940408801845,1246.826352936705,1448.550215772933,0
2026-01-12 01:00:00,WELL-010,PUMP-010,137.93485152846202,72.97475912893985,2.5313249299891027,1166.7188228079012,1137.2105331101939,1436.4634145041857,0
2026-01-12 02:00:00,WELL-010,PUMP-010,157.6276103858069,82.44582531679751,2.578352193777064,1376.4146933019592,1101.1384078927617,1487.344004698618,0
2026-01-12 03:00:00,WELL-010,PUMP-010,162.33304793360696,101.71449812718751,7.805754554590644,1022.8596706821633,1070.98239561006,1414.2570865498456,0
2026-01-12 04:00:00,WELL-010,PUMP-010,182.12462070055105,67.29448597458781,3.271824535755091,1273.0486540556312,1167.4277369337774,1411.805470391588,0
2026-01-12 05:00:00,WELL-010,PUMP-010,151.52502460901556,80.64436246323373,3.579030093856535,1263.4165059292363,1124.4241270162152,1423.278821916045,0
2026-01-12 06:00:00,WELL-010,PUMP-010,154.70239597913704,68.46473468219884,4.554709307117952,1371.2870981445544,1218.282521794872,1420.8908060787087,0
2026-01-12 07:00:00,WELL-010,PUMP-010,151.07888174542336,74.96262147629565,3.0531384127041585,1127.457596872607,1233.2656937924642,1467.648928737572,0
2026-01-12 08:00:00,WELL-010,PUMP-010,152.83280153620967,75.99490365936495,2.496493376678048,1201.6453040798792,1100.6864740315561,1489.6542424746276,0
2026-01-12 09:00:00,WELL-010,PUMP-010,151.6101153007469,79.42169156051614,3.332770689770349,1196.9714695200228,1156.5288702336295,1565.3156657488244,0
2026-01-12 10:00:00,WELL-010,PUMP-010,149.04935370497836,83.01327883212446,3.4665259456152886,1241.5903839340751,1116.0583625810445,1421.145334948037,0
2026-01-12 11:00:00,WELL-010,PUMP-010,145.13749630384123,74.49052186940212,3.484819046862225,1200.369497969242,1214.6646688248143,1440.5496813925809,0
2026-01-12 12:00:00,WELL-010,PUMP-010,138.9515403029294,78.26329381883423,3.3675482028606036,1122.3449184145918,1286.733081401019,1428.6798296724392,0
2026-01-12 13:00:00,WELL-010,PUMP-010,164.20470426411177,78.30942761702016,3.459808106693171,1207.6283267678546,1170.6320201760225,1524.2008245214442,0
2026-01-12 14:00:00,WELL-010,PUMP-010,151.36250039763658,75.7817215311006,3.2781131141637077,1207.2165798895567,1134.3179966037342,1385.21910193598,0
2026-01-12 15:00:00,WELL-010,PUMP-010,148.2481060517315,70.8384226522663,3.254736809094711,1394.4987630677208,1159.1334872259029,1470.5824282581473,0
2026-01-12 16:00:00,WELL-010,PUMP-010,181.68495007096732,86.97264805349889,6.234837686548696,1145.3887698122276,909.3442339521564,1522.365280181666,0
2026-01-12 17:00:00,WELL-010,PUMP-010,135.17812310654418,81.16081762055308,2.4945222443965562,1449.017124918646,1171.782261486083,1435.6306973454011,0
2026-01-12 18:00:00,WELL-010,PUMP-010,157.23547480541205,74.87751992741372,2.941651517021255,1325.2320052806233,1197.5686608349813,1464.6243739792499,0
2026-01-12 19:00:00,WELL-010,PUMP-010,136.24190226335423,74.02120796502584,3.4343597892495907,1261.0448189258584,1141.065845545298,1434.048418398014,0
2026-01-12 20:00:00,WELL-010,PUMP-010,150.90158807237572,79.40438735522852,4.145696856411727,1316.9769486690902,1117.1662516931806,1452.945039665992,0
2026-01-12 21:00:00,WELL-010,PUMP-010,136.65181722887363,80.76176379035891,3.910469930589768,1278.5363806920957,1225.4213623822695,1511.8347424842714,0
2026-01-12 22:00:00,WELL-010,PUMP-010,147.59334479622967,66.80256062538179,3.713868240516107,1236.3968012220432,1218.836084575342,1494.1047620936865,0
2026-01-12 23:00:00,WELL-010,PUMP-010,164.09916455512152,73.54464895043736,3.03786428093379,1252.5591601862873,1107.4859585077436,1406.176796161923,0
2026-01-13 00:00:00,WELL-010,PUMP-010,153.13726244466037,74.15205423165423,3.43920758927484,1444.9843699208136,1266.3860721445565,1501.0789766659716,0
2026-01-13 01:00:00,WELL-010,PUMP-010,156.6819159996432,79.66847604330594,4.186510362203939,1329.5937376743511,1216.402679040514,1481.7947869391899,0
2026-01-13 02:00:00,WELL-010,PUMP-010,145.7954291883718,78.5171158978363,2.290537279305418,1358.6994853159954,1088.1833868692477,1396.637248796522,0
2026-01-13 03:00:00,WELL-010,PUMP-010,151.0896281910018,82.81646873972059,4.150210372879879,1076.163268173568,1231.1131246942189,1452.8073562826683,0
2026-01-13 04:00:00,WELL-010,PUMP-010,149.4048865240358,74.52866829373068,4.627430374318861,1175.9414620909208,1016.600315378167,1465.8722179523277,0
2026-01-13 05:00:00,WELL-010,PUMP-010,152.33066605907422,76.45613012754728,2.903065750217668,1153.1294076293887,1242.8374867321465,1455.2463202302101,0
2026-01-13 06:00:00,WELL-010,PUMP-010,150.91093514983834,67.13608583520251,3.477097096935547,1210.3775240928453,1252.380787805748,1462.2206379605,0
2026-01-13 07:00:00,WELL-010,PUMP-010,148.4592870050209,77.49960820780711,4.400370493267842,1309.5804377597528,1090.8425659395962,1383.3900457673603,0
2026-01-13 08:00:00,WELL-010,PUMP-010,161.62113021291108,80.384680356799,3.92658164396644,1257.5524805561363,1296.2522912711088,1512.9309214531252,0
2026-01-13 09:00:00,WELL-010,PUMP-010,144.5658472583416,77.06821703966824,4.265080661624722,1374.3269978555372,1150.3427479364411,1416.4919631782536,0
2026-01-13 10:00:00,WELL-010,PUMP-010,154.90944822493307,73.33911084200429,4.020456614808176,1179.4314165485825,1106.142192549391,1437.9710636390676,0
2026-01-13 11:00:00,WELL-010,PUMP-010,140.64123399727995,81.28625914530565,2.723953587949211,1286.5894061183194,1228.619894629207,1304.17789076356,0
2026-01-13 12:00:00,WELL-010,PUMP-010,148.57751113095108,68.01450533584756,3.1900316852091324,1285.346018154345,1154.2295233107582,1440.0659442215801,0
2026-01-13 13:00:00,WELL-010,PUMP-010,143.87628547255403,71.82428160934836,3.0967276786943208,1192.8110148820924,1129.8795659031368,1430.941509125556,0
2026-01-13 14:00:00,WELL-010,PUMP-010,141.42641095587445,78.83007327678476,4.239581583150029,1249.991778031728,1184.6531091551587,1415.37180170652,0
2026-01-13 15:00:00,WELL-010,PUMP-010,157.79527590318943,76.19292875519004,4.342611748173832,1158.5481773722693,1140.9770425510999,1409.171367947904,0
2026-01-13 16:00:00,WELL-010,PUMP-010,170.33627183772484,67.33528921451087,2.9889855641954597,1268.7174424241891,1337.2811182863584,1421.8704654159687,0
2026-01-13 17:00:00,WELL-010,PUMP-010,148.93092112672113,74.46486506289935,3.1050450162948393,1230.382791923425,1124.0495888783255,1446.7792875666128,0
2026-01-13 18:00:00,WELL-010,PUMP-010,168.79100776331384,60.228047004596405,4.592143250209863,1324.6609523387142,1127.808749593095,1543.6210052416882,0
2026-01-13 19:00:00,WELL-010,PUMP-010,145.63782457227458,65.92974541276982,2.529433809959429,1169.220425751681,1169.3721609524928,1445.2920573540307,0
2026-01-13 20:00:00,WELL-010,PUMP-010,133.7087123864177,77.3172538435034,3.5293705537564874,1282.7141872718544,1192.0342536486185,1497.7117640992583,0
2026-01-13 21:00:00,WELL-010,PUMP-010,137.08646191101315,74.09766043637978,3.888793646921466,1203.0208741104989,1193.5027598472707,1419.8988439868383,0
2026-01-13 22:00:00,WELL-010,PUMP-010,154.58993714224667,70.55446043570096,2.9182205388225464,1356.2451169889016,1269.086544930471,1446.8210321164938,0
2026-01-13 23:00:00,WELL-010,PUMP-010,139.4818054459867,83.90457982103086,2.2646342967877118,1281.7605565281872,1238.083278508024,1523.4107836234393,0
2026-01-14 00:00:00,WELL-010,PUMP-010,145.94412392859317,87.11753061733413,4.065932228885379,1207.9682838127808,1264.8997617148943,1486.5205397541504,0
2026-01-14 01:00:00,WELL-010,PUMP-010,148.65623326040202,77.39282774353791,3.947555232232987,1254.2720518980486,1173.6567941385358,1527.8562985682656,0
2026-01-14 02:00:00,WELL-010,PUMP-010,146.46301524779267,67.02144723402984,3.199489315261086,1244.0706182070317,1096.2244526258653,1311.276137868038,0
2026-01-14 03:00:00,WELL-010,PUMP-010,159.0811796754939,75.2581886116343,2.779053935428853,1108.9894647755302,1084.5374203186407,1466.3962010226178,0
2026-01-14 04:00:00,WELL-010,PUMP-010,143.5497836961747,83.51005850573314,3.6342076918545154,1313.105888083614,1176.927062582535,1389.4723677132229,0
2026-01-14 05:00:00,WELL-010,PUMP-010,156.6363640034506,76.54324655917019,3.6862207686484725,1185.7517468553724,1214.3570501503116,1376.9121416733228,0
2026-01-14 06:00:00,WELL-010,PUMP-010,135.62573403298487,83.1781475038764,2.9331056638137416,1281.0229461511929,1246.7083387992643,1503.9809161025496,0
2026-01-14 07:00:00,WELL-010,PUMP-010,157.0220115169911,71.73772848207608,3.0747084423921507,1251.3571445334026,1185.9494942407225,1456.64491184071,0
2026-01-14 08:00:00,WELL-010,PUMP-010,154.31934079908123,74.62916897719391,3.6163156529228955,1371.887753368197,1089.2147715149126,1495.2977255060266,0
2026-01-14 09:00:00,WELL-010,PUMP-010,142.4645888041984,69.83920824515688,3.119566186166833,1283.785214871316,1188.9923634230063,1526.2107765798194,0
2026-01-14 10:00:00,WELL-010,PUMP-010,151.01057018365432,65.44959742792591,3.080846275076683,1105.4406306630156,1231.218292110749,1519.3996601355047,0
2026-01-14 11:00:00,WELL-010,PUMP-010,156.93423296467202,77.92950275458028,4.5819308923526325,1233.9836589152305,1228.0759939092538,1542.2741045532414,0
2026-01-14 12:00:00,WELL-010,PUMP-010,146.88194888289186,67.96177594322475,3.387557279184286,1232.4581371748893,1199.921851600991,1491.649795923206,0
2026-01-14 13:00:00,WELL-010,PUMP-010,143.5036449159489,73.16787855479232,3.6295521774117754,1284.296503978951,1141.8336063438715,1439.60479452393,0
2026-01-14 14:00:00,WELL-010,PUMP-010,154.30641353957262,72.03496824541989,3.4908831339218906,1395.1256960089622,1305.040322672065,1429.630783846859,0
2026-01-14 15:00:00,WELL-010,PUMP-010,158.70482395167465,65.33415703450324,3.29789740300991,1068.7341639478882,1067.7402404005043,1515.8731780552248,0
2026-01-14 16:00:00,WELL-010,PUMP-010,150.68036838262867,69.3223494489656,3.224912923409521,1331.1917803150416,1188.916644412709,1513.519301406449,0
2026-01-14 17:00:00,WELL-010,PUMP-010,162.47866517614509,79.96378733271222,3.3509749410451852,1205.439421623979,1260.9482457042834,1376.9281923493497,0
2026-01-14 18:00:00,WELL-010,PUMP-010,147.0700798766197,80.91220815546474,2.962147770232018,1053.4079785636923,1170.850641683775,1532.377751519691,0
2026-01-14 19:00:00,WELL-010,PUMP-010,145.42185418526722,72.30828823095112,3.2022446702935863,1250.664111671211,1233.0192984846224,1373.553857587921,0
2026-01-14 20:00:00,WELL-010,PUMP-010,143.54050582846472,82.70897663828265,3.89245606931077,1188.4345028476253,1261.6995791018148,1403.8051423368365,0
2026-01-14 21:00:00,WELL-010,PUMP-010,155.34418934885704,71.2523795318319,2.7809345204312956,1335.2155611928335,1100.1236047859668,1443.3435788120892,0
2026-01-14 22:00:00,WELL-010,PUMP-010,137.54586831097555,69.66177214070318,2.7236018724499256,1271.2344300851653,1315.6681091307116,1489.7888287012793,0
2026-01-14 23:00:00,WELL-010,PUMP-010,144.00293794564948,80.78649129902756,3.9238626241596672,1194.1992799365146,1164.2314991935737,1394.8190480127153,0
2026-01-15 00:00:00,WELL-010,PUMP-010,162.31021832854552,85.51955479211114,3.2900558802267645,1219.9484303150953,1154.756644282622,1453.1244992843942,0
2026-01-15 01:00:00,WELL-010,PUMP-010,141.93278341384493,65.9583405037353,3.836510529666509,1221.2250950857072,1129.2060673287358,1553.2159406140972,0
2026-01-15 02:00:00,WELL-010,PUMP-010,162.395253750518,77.44253329129427,9.395966037947012,916.7986780668109,899.7646069018983,1438.5817203679185,0
2026-01-15 03:00:00,WELL-010,PUMP-010,141.73341435399854,66.56863147079561,3.8502091999376393,1381.7202388011606,1357.476950817741,1496.772735061731,0
2026-01-15 04:00:00,WELL-010,PUMP-010,155.8249117468417,80.75580024559476,3.2096928868887016,1243.4905719226629,1166.1677653466445,1416.832868152618,0
2026-01-15 05:00:00,WELL-010,PUMP-010,140.5762697362849,77.37463334532454,2.924541475312099,1252.699599238417,1215.0343765549667,1479.2945715684907,0
2026-01-15 06:00:00,WELL-010,PUMP-010,151.55963880839255,81.67352566120546,3.1366520163463996,1230.1360543285275,1195.0451008964878,1440.2655849944304,0
2026-01-15 07:00:00,WELL-010,PUMP-010,149.7976902970272,66.98418317141294,3.4450215293814663,1320.9264451791782,1213.32243661575,1442.6627713552582,0
2026-01-15 08:00:00,WELL-010,PUMP-010,140.11655492684656,70.54407120005158,4.55857524123651,1407.2178115521324,1216.0294083434312,1513.9822072552117,0
2026-01-15 09:00:00,WELL-010,PUMP-010,143.23671214230805,71.93169766045726,2.9404042164552324,1297.2624673540963,1131.425444675421,1430.299984348576,0
2026-01-15 10:00:00,WELL-010,PUMP-010,138.3610742637011,75.08627910955407,3.9983676803696824,1316.4608053367879,1055.6658192079115,1459.1217591649167,0
2026-01-15 11:00:00,WELL-010,PUMP-010,142.67808457089788,70.0403224874844,4.364437895215981,1350.5024988690925,1136.247411555007,1417.6709890096336,0
2026-01-15 12:00:00,WELL-010,PUMP-010,147.21379649805738,80.86489335933635,3.684080461056913,1178.368228725591,1113.795410164093,1356.161946968713,0
2026-01-15 13:00:00,WELL-010,PUMP-010,153.48031563609544,68.81561881082973,3.199421025119276,1255.0538288882092,1227.2710580906785,1438.9458941025564,0
2026-01-15 14:00:00,WELL-010,PUMP-010,142.4653529179975,79.62359837744907,3.5380168097783944,1219.273988872853,1192.827352046501,1508.8197379711837,0
2026-01-15 15:00:00,WELL-010,PUMP-010,150.3477582037809,78.1441535845374,3.343510486681441,1228.3280129315906,1088.761242037509,1409.5869198766436,0
2026-01-15 16:00:00,WELL-010,PUMP-010,140.0918370268461,85.14554124694746,4.175577766977226,1230.7882187568418,1216.5497987921128,1402.473857748521,0
2026-01-15 17:00:00,WELL-010,PUMP-010,147.85990559490529,78.05671714451482,2.812319826715287,1192.2627163782136,1097.838662091662,1447.7127655620175,0
2026-01-15 18:00:00,WELL-010,PUMP-010,138.17629570706018,71.19405136279099,2.2048983759339333,1175.5374924788855,1193.7272683211302,1472.6865016498498,0
2026-01-15 19:00:00,WELL-010,PUMP-010,157.88252858910502,72.53966254982514,2.7830373044296395,1344.0419177084736,1186.2092508175417,1544.3454642956149,0
2026-01-15 20:00:00,WELL-010,PUMP-010,154.37285046837496,70.82332740682774,3.658786707971504,1395.8027418112306,1086.4627398764405,1450.2956106012089,0
2026-01-15 21:00:00,WELL-010,PUMP-010,158.38713197561734,92.93922034916878,10.76403265501014,1004.012728349483,1086.3682480955672,1471.7212557689063,1
2026-01-15 22:00:00,WELL-010,PUMP-010,145.46633214331405,72.22143227726256,3.7097281916987566,1405.2889180404818,1072.1472742313115,1348.5407190279986,0
2026-01-15 23:00:00,WELL-010,PUMP-010,142.81078555553967,73.9323967726436,2.462198326599524,1259.160400342614,1044.4882337299018,1455.3307164262353,0
2026-01-16 00:00:00,WELL-010,PUMP-010,149.34374000363655,77.13592735255571,3.6234133504256656,1206.6992341015111,1252.352898635253,1489.8466282319528,0
2026-01-16 01:00:00,WELL-010,PUMP-010,170.57231048701328,90.03290878376015,6.100429324999732,961.2483163713686,1111.5584162947862,1422.0065812749872,0
2026-01-16 02:00:00,WELL-010,PUMP-010,156.5703173079076,76.6364092725924,3.3621231857017007,1326.7854797692485,1124.8952152970703,1407.4377334244998,0
2026-01-16 03:00:00,WELL-010,PUMP-010,138.14297920436016,71.24091156855965,3.1799804493504116,1163.3864361628275,1195.2233559881506,1446.048885939664,0
2026-01-16 04:00:00,WELL-010,PUMP-010,146.9644680696245,77.33518752183758,3.216132988941102,1334.4824026420367,1196.6191483414439,1500.8244744008487,0
2026-01-16 05:00:00,WELL-010,PUMP-010,151.139997982288,71.02296554834768,3.273413502630764,1053.9628813407944,1280.4047257550271,1516.8274022107116,0
2026-01-16 06:00:00,WELL-010,PUMP-010,139.66354221581798,81.23733024674375,3.335244652398696,1086.1350041273806,1129.88862276831,1380.280715678336,0
2026-01-16 07:00:00,WELL-010,PUMP-010,152.78156664142094,79.89416947446783,2.525539593213177,1397.6452340303422,1261.0124271201887,1475.6946358880214,0
2026-01-16 08:00:00,WELL-010,PUMP-010,145.81210926336053,76.4356219774429,3.7395918861205026,1211.1923508848165,1269.7362176854142,1461.7560067869965,0
2026-01-16 09:00:00,WELL-010,PUMP-010,160.5731424100005,61.544001219703944,3.7627780075844948,1307.9683982754684,1060.409104388089,1464.0910043008291,0
2026-01-16 10:00:00,WELL-010,PUMP-010,132.33543624851703,71.45623359297062,3.7082124688121616,1277.071707862691,1189.8344000341342,1441.3954414092582,0
2026-01-16 11:00:00,WELL-010,PUMP-010,142.66644404493454,75.04024623986413,3.202803712973996,1228.225628436982,1330.925964553452,1472.838794203514,0
2026-01-16 12:00:00,WELL-010,PUMP-010,143.68710244564562,80.098842664987,2.358400437761441,1422.2058426822314,1311.9641371285854,1536.2571137745365,0
2026-01-16 13:00:00,WELL-010,PUMP-010,151.44623214507578,73.47257511961679,5.063096330655979,1298.359164813954,1181.2381645442879,1423.236864774483,0
2026-01-16 14:00:00,WELL-010,PUMP-010,150.68533667940852,74.09406608126356,3.873797552250873,1200.9641198733814,1164.0358380049954,1352.4225629950668,0
2026-01-16 15:00:00,WELL-010,PUMP-010,154.6424178388398,78.15181954763399,2.62260103451312,1388.5354390922898,1162.0979399998992,1484.778675670785,0
2026-01-16 16:00:00,WELL-010,PUMP-010,161.48326960419462,75.62957695508517,3.550109625791941,1246.4961808201494,1265.2623083120832,1457.1302748402422,0
2026-01-16 17:00:00,WELL-010,PUMP-010,150.91227110755528,82.12044548390239,2.9119828536727734,1239.7887944416843,1138.4620301992572,1469.4318032031133,0
2026-01-16 18:00:00,WELL-010,PUMP-010,140.06777225496938,79.3861082976309,3.232482346041772,1180.549254017757,1480.9200300609132,1392.347888716602,0
2026-01-16 19:00:00,WELL-010,PUMP-010,127.84658747813167,74.03428861595964,3.2737017432852715,1293.36302958887,1132.958713466365,1528.4757384645984,0
2026-01-16 20:00:00,WELL-010,PUMP-010,160.76382960672385,77.88595066656247,2.5301302576568867,1056.434684761136,1157.514670263372,1504.6185931102386,0
2026-01-16 21:00:00,WELL-010,PUMP-010,158.98383952066314,70.45000198693191,1.7674316899123286,1348.28234531525,1210.7114528040233,1475.2282137667232,0
2026-01-16 22:00:00,WELL-010,PUMP-010,154.7265396560716,66.50781986606236,3.9153047163964017,1130.8794008077102,1116.2139126872532,1487.2845487023678,0
2026-01-16 23:00:00,WELL-010,PUMP-010,154.70443009462227,70.38015994682885,2.7905738374287408,1355.2599349499253,1241.0684022730702,1469.284296334025,0
2026-01-17 00:00:00,WELL-010,PUMP-010,180.68037299741624,91.26264515025588,7.4703573724811765,1070.3890321406914,1086.7211230649027,1504.706544118139,0
2026-01-17 01:00:00,WELL-010,PUMP-010,140.15236631951078,65.85227816620674,2.980672962076495,1306.2489857109315,1163.0704497184793,1458.90883898489,0
2026-01-17 02:00:00,WELL-010,PUMP-010,149.61453658417287,69.15069446833891,3.485769342477858,1311.8225173167727,1300.2446046334398,1395.6075442027857,0
2026-01-17 03:00:00,WELL-010,PUMP-010,141.83564222289596,71.26955422145198,2.3308161697610768,1293.949472537345,1223.5259824859415,1443.330341924159,0
2026-01-17 04:00:00,WELL-010,PUMP-010,138.49356367467917,71.69781103043957,4.502529567695532,1277.8080381546106,1184.5497111519865,1517.3443002014242,0
2026-01-17 05:00:00,WELL-010,PUMP-010,145.84006245071984,77.16091536418052,3.9685503522584367,1157.3848298405342,1175.1537973818672,1463.2681870396814,0
2026-01-17 06:00:00,WELL-010,PUMP-010,147.7558126872076,76.7235947375846,3.477944950973178,1220.794442730585,1116.1826273672275,1469.9563403977604,0
2026-01-17 07:00:00,WELL-010,PUMP-010,150.78389364780338,69.6037889387834,4.145343980932582,1184.6091283165779,1185.7115576049523,1446.8060740227781,0
2026-01-17 08:00:00,WELL-010,PUMP-010,166.67057897415876,91.40574772483376,8.508225072918483,1194.5592076022913,820.9477042532587,1397.093514103635,1
2026-01-17 09:00:00,WELL-010,PUMP-010,152.0376208291688,82.06891201929677,3.6759241226472983,1364.7626701408815,1145.535557344924,1431.9911872078546,0
2026-01-17 10:00:00,WELL-010,PUMP-010,152.979955408233,77.30731509454584,3.0765722137874425,1270.0007007017414,1174.314051679314,1459.494483052659,0
2026-01-17 11:00:00,WELL-010,PUMP-010,147.26895378360382,76.40916242027411,3.353663876222365,1256.3492810713226,1200.6549520988483,1423.6715939641215,0
2026-01-17 12:00:00,WELL-010,PUMP-010,137.29872708868467,73.2180439723899,3.042048207398385,1238.6235210712455,1164.9047537356528,1456.528949556151,0
2026-01-17 13:00:00,WELL-010,PUMP-010,142.67363830361097,83.92629904414423,3.3527531101718955,1272.9242355263696,1135.2956784608177,1429.282598963135,0
2026-01-17 14:00:00,WELL-010,PUMP-010,153.75721663290165,80.11732029791533,2.585227252328128,1250.7588222317615,1288.9167501839238,1375.91959780488,0
2026-01-17 15:00:00,WELL-010,PUMP-010,157.44917360460457,78.2789983359387,3.2383683164767927,1143.3535991209733,1160.2388870552697,1445.3322814356977,0
2026-01-17 16:00:00,WELL-010,PUMP-010,143.66183047196418,73.7223085733207,3.6505353676221683,1335.5894726832116,1193.6543963842043,1441.2192447434504,0
2026-01-17 17:00:00,WELL-010,PUMP-010,168.92519264902188,85.48323692708723,10.141467395767442,1080.5677146242415,1032.0462358627108,1499.004139272893,0
2026-01-17 18:00:00,WELL-010,PUMP-010,138.67899920273996,76.37022301922407,3.1336510417127235,1211.8521072673677,1121.2307397380891,1443.8001776055826,0
2026-01-17 19:00:00,WELL-010,PUMP-010,148.66378885915216,74.72730383686299,4.918484880960547,1145.4318479026929,1236.6065220191372,1411.5717310849057,0
2026-01-17 20:00:00,WELL-010,PUMP-010,153.89055169863826,82.67327844343562,3.582182024473143,1336.2258208929725,1212.3939731708751,1427.4509293898102,0
2026-01-17 21:00:00,WELL-010,PUMP-010,148.10451651946784,87.97314456359133,4.667651834890437,1277.0505918676577,1087.8707882408992,1399.985648396146,0
2026-01-17 22:00:00,WELL-010,PUMP-010,148.6678078983758,68.60351251105207,4.4371643217148256,1231.5437384253555,954.5182751511699,1459.9974259062521,0
2026-01-17 23:00:00,WELL-010,PUMP-010,149.85207320773299,76.86375346530438,3.193774804713782,1161.9860790595933,1225.2044079571083,1352.2941697784381,0
2026-01-18 00:00:00,WELL-010,PUMP-010,157.22417440311725,77.30771918998549,2.463201284846972,1299.2382403644785,1234.0731808418934,1519.6848375423883,0
2026-01-18 01:00:00,WELL-010,PUMP-010,148.97617829220295,74.13071540756728,3.448106880034635,1358.2313701167307,1135.3424906991816,1489.6665517506729,0
2026-01-18 02:00:00,WELL-010,PUMP-010,159.99431485019886,70.01790668801664,2.7991998294982317,1277.5503091785447,1177.8599050960254,1384.4189311286632,0
2026-01-18 03:00:00,WELL-010,PUMP-010,155.44000812566364,66.87317582989344,2.8763957058544487,1245.0698662507646,1211.6275510272956,1443.5069229229618,0
2026-01-18 04:00:00,WELL-010,PUMP-010,166.1742999263972,79.44127399096197,3.9348953363512456,1183.3524564558907,1263.4038350380554,1490.8137294116418,0
2026-01-18 05:00:00,WELL-010,PUMP-010,163.75619291304452,75.73892271705928,2.970255567714619,1249.532351967426,1121.6376702937046,1485.8049993056768,0
2026-01-18 06:00:00,WELL-010,PUMP-010,143.6030862897845,74.79377585318592,4.36564071772733,1356.3563903128784,1127.1964862773154,1513.7948692275347,0
2026-01-18 07:00:00,WELL-010,PUMP-010,163.17255692286147,86.93833132714784,8.333542802057249,1136.37829922418,1023.9718207546323,1438.132428300126,0
2026-01-18 08:00:00,WELL-010,PUMP-010,147.94706131949752,77.0814266188643,3.0859914605488163,1326.3852334475573,1178.2516434232475,1407.3046229584406,0
2026-01-18 09:00:00,WELL-010,PUMP-010,142.3065020792966,73.88246124251471,3.9490946046771294,1159.0599136751464,1145.9051411615474,1475.9131204992475,0
2026-01-18 10:00:00,WELL-010,PUMP-010,134.63642405665195,72.04541783979857,3.528301820226104,1442.0161827503548,1267.4840629846171,1395.3250078038052,0
2026-01-18 11:00:00,WELL-010,PUMP-010,153.1520172970535,75.61689508168635,3.157846168985839,1378.0006111831483,1232.741647050518,1480.1582904510324,0
2026-01-18 12:00:00,WELL-010,PUMP-010,145.52706012890033,83.7413382622958,3.157923733149639,1320.998404154378,1188.1176195160854,1483.939907639624,0
2026-01-18 13:00:00,WELL-010,PUMP-010,135.40413341674036,70.16739699993713,3.228305221743127,1093.7107563192576,1102.9564164037404,1462.2410045392016,0
2026-01-18 14:00:00,WELL-010,PUMP-010,150.4513609547673,69.76393684835475,3.3528322524943484,1217.3951609699257,1092.5799553588263,1440.9252849318516,0
2026-01-18 15:00:00,WELL-010,PUMP-010,157.18157689554053,73.04246632650698,5.012914658438472,1327.352202921716,1170.8811577298982,1478.973941661196,0
2026-01-18 16:00:00,WELL-010,PUMP-010,178.54696472916208,74.14853539757678,8.341574980917368,1139.1244678924822,986.0858188715772,1401.5033579319816,0
2026-01-18 17:00:00,WELL-010,PUMP-010,144.8145429283009,76.90880572436268,3.8474511073418087,1234.3859681387808,1225.734180271692,1528.0805390258984,0
2026-01-18 18:00:00,WELL-010,PUMP-010,161.81617923192172,66.16735538290021,3.2237491155141242,1276.8653695963494,1151.9800043311297,1447.8086591627132,0
2026-01-18 19:00:00,WELL-010,PUMP-010,138.87143290085504,71.71657450860158,3.476074814048087,1271.5538413085321,1108.2733226985654,1330.9953357354311,0
2026-01-18 20:00:00,WELL-010,PUMP-010,156.77008469006944,86.78790311606625,7.486483628575953,1059.4159815644407,1063.7994453480524,1388.1878607875128,0
2026-01-18 21:00:00,WELL-010,PUMP-010,146.80405825957484,73.71390304088261,4.01105948127007,1284.5626781966407,1157.7162567657222,1394.1706985443984,0
2026-01-18 22:00:00,WELL-010,PUMP-010,141.25794805840437,77.48837180521994,4.43928373804514,1297.2958791975723,1188.2386213362383,1398.638470699464,0
2026-01-18 23:00:00,WELL-010,PUMP-010,152.93202918199884,78.51524652343014,3.719144165010991,1173.0147445767823,1164.7936922771091,1533.2323268216985,0
2026-01-19 00:00:00,WELL-010,PUMP-010,146.24904784239433,70.59659954981959,2.967949197329923,1361.7765351299527,1102.444516205259,1422.630166745409,0
2026-01-19 01:00:00,WELL-010,PUMP-010,148.9171196749434,81.8563569815161,3.4692151253548213,1187.7749769471357,1188.778677089937,1446.5663572965836,0
2026-01-19 02:00:00,WELL-010,PUMP-010,165.01968133963206,78.71613045070414,2.797620463511092,1258.6973217333968,1175.4245255083256,1543.280239004756,0
2026-01-19 03:00:00,WELL-010,PUMP-010,141.56086214487195,86.61864331814968,3.060129868291712,1188.2088454371283,1141.3970644368915,1458.2313206661102,0
2026-01-19 04:00:00,WELL-010,PUMP-010,134.511629555078,76.16569534487755,3.745526449850257,1303.634414144738,1234.825967379167,1445.041423448157,0
2026-01-19 05:00:00,WELL-010,PUMP-010,149.6115190814435,78.81821291941168,4.470806343772927,1051.994777354157,1255.923259351537,1527.3516531937676,0
2026-01-19 06:00:00,WELL-010,PUMP-010,153.9376634104271,82.66514616924762,3.746521697080265,1247.3158052568222,1212.0719664532542,1490.782807957091,0
2026-01-19 07:00:00,WELL-010,PUMP-010,153.12409059580617,85.22915403007411,3.3090439014140807,1121.393526110649,1180.151959303716,1375.677618104979,0
2026-01-19 08:00:00,WELL-010,PUMP-010,150.11534168277382,72.99724893864501,4.403028464136465,1283.8644818653843,1147.2398346104583,1523.9976775607947,0
2026-01-19 09:00:00,WELL-010,PUMP-010,150.88291705087818,84.71944231709728,2.8057449208506005,1191.713288819616,1154.594822564179,1416.317667044468,0
2026-01-19 10:00:00,WELL-010,PUMP-010,194.49542921063988,90.57398614501987,9.234152965932601,999.348477071082,773.9485905772368,1442.5883802867638,1
2026-01-19 11:00:00,WELL-010,PUMP-010,140.77961347332644,69.21864632255655,3.107332593928631,1410.0117645747252,1141.6001593779504,1515.8534467953034,0
2026-01-19 12:00:00,WELL-010,PUMP-010,143.00473690326982,72.12162823948074,3.143627888787701,1199.304418289982,1158.4430052302116,1446.7613333969464,0
2026-01-19 13:00:00,WELL-010,PUMP-010,150.20302697419515,79.57457000954827,3.5150494686269376,1274.4426535599414,1251.2374310268826,1396.5473533712434,0
2026-01-19 14:00:00,WELL-010,PUMP-010,151.6818367880337,81.3668924495032,3.362525223794159,1193.9309076937438,1162.06805273099,1421.9302744548756,0
2026-01-19 15:00:00,WELL-010,PUMP-010,158.88309821047022,73.1655000035684,3.224740825822648,1183.8359023266578,1118.023145839987,1398.1250391261178,0
2026-01-19 16:00:00,WELL-010,PUMP-010,142.35526317088588,74.01071785587021,2.694765316373097,1238.996602602813,1130.757324527771,1403.5508970589854,0
2026-01-19 17:00:00,WELL-010,PUMP-010,157.11677531296863,78.36888329030164,4.4580218546075905,1178.5493099569221,1101.8252066280845,1431.541297550302,0
2026-01-19 18:00:00,WELL-010,PUMP-010,145.56841327150386,75.34387453311186,4.252702315904428,1313.9059846850623,1184.4734794884996,1512.9977990744562,0
2026-01-19 19:00:00,WELL-010,PUMP-010,184.50240499932107,89.26758872416815,8.039929114092399,1141.5691753238348,1066.2882878720031,1407.4599919668651,0
2026-01-19 20:00:00,WELL-010,PUMP-010,150.13845074935307,76.61925990401424,4.569405462187733,1411.1276925704565,1227.576629058506,1448.91508331245,0
2026-01-19 21:00:00,WELL-010,PUMP-010,155.4943969637513,71.04493393204153,4.660581299802627,1180.4006550880927,1136.523803693664,1486.3310411170562,0
2026-01-19 22:00:00,WELL-010,PUMP-010,153.65715082130134,73.25829906892585,5.1614686979886555,1432.607684231262,1122.7908533429577,1437.0147246877475,0
2026-01-19 23:00:00,WELL-010,PUMP-010,143.95890865653334,61.8144516539039,3.0209491378392834,1353.237017995147,1238.2438414619278,1440.4309118802753,0
2026-01-20 00:00:00,WELL-010,PUMP-010,153.2920317155153,80.35121057371246,4.037788131519366,1147.0103633288738,1103.8033621201096,1498.7331049036084,0
2026-01-20 01:00:00,WELL-010,PUMP-010,163.2472900707537,68.95364479251519,3.7869280193093426,1107.7811082341445,1158.9779242838258,1479.2575200367178,0
2026-01-20 02:00:00,WELL-010,PUMP-010,142.4578867091701,74.68520301343412,3.404187884054252,1214.7647181397647,1227.8734277949459,1425.9994433231764,0
2026-01-20 03:00:00,WELL-010,PUMP-010,151.7585028245029,79.73528870829156,2.5056752368572344,1212.7041639722513,1307.5878641258328,1514.173441449686,0
2026-01-20 04:00:00,WELL-010,PUMP-010,151.43807728481863,77.803846796799,3.7327384196319437,1336.9887905286485,1259.2279246715675,1406.1217458888857,0
2026-01-20 05:00:00,WELL-010,PUMP-010,137.07221769004562,82.99509666050105,3.3350621727187284,1161.253093422306,1131.8046336850457,1433.1575451343147,0
2026-01-20 06:00:00,WELL-010,PUMP-010,132.62081308298085,74.89979245723251,4.485560347498428,1252.5623944013212,1182.4414423850687,1432.031936495962,0
2026-01-20 07:00:00,WELL-010,PUMP-010,151.0831103653034,79.75395057005242,3.3149923163036967,1169.631094863451,1146.3102444332737,1456.4163042029202,0
2026-01-20 08:00:00,WELL-010,PUMP-010,142.47208344064256,74.47783753752661,3.2897004170268995,1283.598211712208,1111.1918991396801,1423.51380468225,0
2026-01-20 09:00:00,WELL-010,PUMP-010,156.47042207761854,79.66001251922474,3.5179862729230913,1201.8285101967417,1046.9538830078889,1511.0360761222055,0
2026-01-20 10:00:00,WELL-010,PUMP-010,139.10723490004355,83.06986448058275,2.8584894430029335,1296.9889870187747,1214.0980610975948,1376.714213934258,0
2026-01-20 11:00:00,WELL-010,PUMP-010,151.60054530770253,70.59696437229417,4.390938098246236,1213.676391422301,1263.1312964577567,1606.9556998640671,0
2026-01-20 12:00:00,WELL-010,PUMP-010,152.98872501041924,71.06104073869199,4.300152011635435,1246.1742646424025,1150.363956999283,1411.6162708732536,0
2026-01-20 13:00:00,WELL-010,PUMP-010,156.04379014293477,75.46698200227522,3.7891110428270487,1267.0882163885572,1137.6823592002554,1436.5518970137396,0
2026-01-20 14:00:00,WELL-010,PUMP-010,170.90593735644666,97.63325608763898,10.268586556992165,1052.3999497068105,962.9231710766726,1392.4334476257031,1
2026-01-20 15:00:00,WELL-010,PUMP-010,149.00232119385342,72.60796803089013,2.967987002415695,1184.5963464494307,1104.5684623464851,1438.0281879879676,0
2026-01-20 16:00:00,WELL-010,PUMP-010,151.2719495300426,76.34560762479896,3.7358136699828357,1285.3057742183903,1287.1658501618274,1409.5676929592205,0
2026-01-20 17:00:00,WELL-010,PUMP-010,153.32676682405543,73.30116845511517,3.2947970959575312,1247.6096954052073,1276.4546411564115,1505.8861928609726,0
2026-01-20 18:00:00,WELL-010,PUMP-010,149.26937240181846,67.58980214006708,3.704396851987488,1244.2660673668738,1217.41412405602,1483.1303593337602,0
2026-01-20 19:00:00,WELL-010,PUMP-010,141.29538041272082,67.35828613739069,3.2006853806713913,1249.3736902216285,1058.2782226050203,1506.8904565638252,0
2026-01-20 20:00:00,WELL-010,PUMP-010,150.0507624784051,82.8811214235857,3.9052407967706113,1328.453759655029,1203.7813465840964,1366.923296504967,0
2026-01-20 21:00:00,WELL-010,PUMP-010,146.2550099279586,84.69381500161441,3.487918726105359,1162.186734826412,1282.8168731500418,1434.4614329778365,0
2026-01-20 22:00:00,WELL-010,PUMP-010,145.17421517897046,73.6682147070226,3.452462733633915,1202.7743980855696,1230.3853995282511,1350.380399307156,0
2026-01-20 23:00:00,WELL-010,PUMP-010,149.96201052522824,72.11283929447953,3.4171574926058943,1339.1794957932857,1052.0608539339994,1596.9714002047194,0
2026-01-21 00:00:00,WELL-010,PUMP-010,173.41257088170758,82.99800880199317,9.12927380951417,1211.0746865198578,1054.7324448578358,1455.163425219004,0
2026-01-21 01:00:00,WELL-010,PUMP-010,143.72216426111154,77.57182099773378,3.2222713210811906,1190.9950484664535,1211.4461709229495,1468.9949828465208,0
2026-01-21 02:00:00,WELL-010,PUMP-010,142.074190298818,77.16256885849006,4.130668609693458,1263.0336402249168,1240.8096882063512,1385.417653934141,0
2026-01-21 03:00:00,WELL-010,PUMP-010,154.59882063516267,78.6310421085298,2.905452227550746,1262.5960749663338,1179.5607337009112,1465.3701546670943,0
2026-01-21 04:00:00,WELL-010,PUMP-010,131.6729827128524,68.8448376003792,3.2148368320932525,1318.7952356906833,1236.5472907945505,1488.9445541417053,0
2026-01-21 05:00:00,WELL-010,PUMP-010,155.46425893798707,98.12664268788637,7.1658764653397515,1088.144743353933,932.325255405913,1509.2538133279184,0
2026-01-21 06:00:00,WELL-010,PUMP-010,149.42894574515896,84.75428547498493,3.008667507553604,1214.5879443160964,1264.750344261252,1378.6901989112441,0
2026-01-21 07:00:00,WELL-010,PUMP-010,153.69651209040663,70.22303187171042,3.182001159812393,1201.1163020296501,1052.1180431348184,1463.5705940142357,0
2026-01-21 08:00:00,WELL-010,PUMP-010,156.1702327757835,75.64237699122141,3.226992521176555,1161.5677980031294,1203.0488527785706,1406.3737603261236,0
2026-01-21 09:00:00,WELL-010,PUMP-010,154.13592631691805,85.07437623373428,3.8058598308204745,1300.8763893456373,1283.5847376400482,1484.783323169196,0
2026-01-21 10:00:00,WELL-010,PUMP-010,150.16098732476826,67.9838633473322,3.255547444122859,1374.4681424045218,1071.0395000669591,1486.9574980200691,0
2026-01-21 11:00:00,WELL-010,PUMP-010,141.2131985661254,72.05947425998158,3.940945964180414,1313.5222700772492,1081.818978378438,1465.45158521451,0
2026-01-21 12:00:00,WELL-010,PUMP-010,139.63160608314905,74.50575419448631,2.7007101078263354,1225.2060622863817,1175.5859646125878,1331.9729254644762,0
2026-01-21 13:00:00,WELL-010,PUMP-010,154.15361281492144,75.93524097774358,2.729033610184483,1141.7959658955122,1195.2603291528167,1534.9125158175316,0
2026-01-21 14:00:00,WELL-010,PUMP-010,140.00404090859033,76.79721621791865,3.7529538200813874,989.837645386273,1066.9614259918892,1426.9594396641432,0
2026-01-21 15:00:00,WELL-010,PUMP-010,138.58382740143608,73.68712403159732,3.172136182194896,1364.5763317678018,1279.3221198128415,1407.5058517969792,0
2026-01-21 16:00:00,WELL-010,PUMP-010,142.2607356091023,76.29452797048478,3.984249735988337,1269.0044493751427,1162.5863586205314,1417.9675002775502,0
2026-01-21 17:00:00,WELL-010,PUMP-010,145.29747546600214,76.33221958324776,3.731303826182465,1214.420012379445,1184.9101601571995,1399.0461214673396,0
2026-01-21 18:00:00,WELL-010,PUMP-010,147.42205849697518,73.29926204415558,3.690175484611258,1176.7485621411727,1095.6648105437378,1475.136253020271,0
2026-01-21 19:00:00,WELL-010,PUMP-010,155.68388421477883,73.66150956606845,3.0058478395375365,1317.6646521958935,1192.9204671435418,1399.904315607489,0
